{
  "type": "FeatureCollection",
  "features": [
    {
      "type": "Feature",
      "properties": {
        "SimboloUC": "E3-Sc",
        "Descripcion": "Arenitas conglomeráticas y conglomerados en la base y el techo; arenitas, arcillolitas y carbones en la parte media.",
        "Edad": "Oligoceno"
      },
      "geometry": {
        "type": "Polygon",
        "coordinates": [
          [
            [
              -75.80971292999993,
              6.529839641786583
            ],
            [
              -75.81469002999995,
              6.5349007917864395
            ],
            [
              -75.81877638299994,
              6.551760963785846
            ],
            [
              -75.81880605899994,
              6.572185576785235
            ],
            [
              -75.81773092199995,
              6.587721200784733
            ],
            [
              -75.81685831399994,
              6.60935193078401
            ],
            [
              -75.81773924599992,
              6.642667195782939
            ],
            [
              -75.81706559899993,
              6.656630669782526
            ],
            [
              -75.81686008799994,
              6.670166389782087
            ],
            [
              -75.82108305999992,
              6.6660318587821825
            ],
            [
              -75.82251073599991,
              6.658893475782429
            ],
            [
              -75.82255008699991,
              6.658106458782464
            ],
            [
              -75.82298662799991,
              6.649375631782717
            ],
            [
              -75.82203484399992,
              6.632719404783257
            ],
            [
              -75.8286973349999,
              6.611780147783973
            ],
            [
              -75.8339321489999,
              6.590840890784641
            ],
            [
              -75.8396428559999,
              6.563239142785536
            ],
            [
              -75.83821517899992,
              6.543727562786131
            ],
            [
              -75.83535982599994,
              6.530402581786569
            ],
            [
              -75.83155268799993,
              6.518029383786936
            ],
            [
              -75.83107679599993,
              6.509463324787239
            ],
            [
              -75.83107679599993,
              6.490427636787818
            ],
            [
              -75.83107679599993,
              6.488356596787912
            ],
            [
              -75.83107679599993,
              6.479006223788185
            ],
            [
              -75.82594710899991,
              6.47071202978849
            ],
            [
              -75.82596095499991,
              6.470797082788505
            ],
            [
              -75.82333090599991,
              6.468125052788545
            ],
            [
              -75.82313938199991,
              6.486570196787947
            ],
            [
              -75.82239176299993,
              6.488999959787882
            ],
            [
              -75.82096408699994,
              6.494353746787704
            ],
            [
              -75.81661187299994,
              6.494440034787734
            ],
            [
              -75.81081170199991,
              6.490919931787819
            ],
            [
              -75.80390147499992,
              6.4902198477878255
            ],
            [
              -75.80198143399991,
              6.487949805787934
            ],
            [
              -75.80055150399994,
              6.475769638788332
            ],
            [
              -75.80005154699995,
              6.470219567788495
            ],
            [
              -75.79009147599993,
              6.443849136789365
            ],
            [
              -75.7833917239999,
              6.397988506790847
            ],
            [
              -75.78158188799995,
              6.376828222791514
            ],
            [
              -75.7791820839999,
              6.34927786379236
            ],
            [
              -75.7748820509999,
              6.33824768879274
            ],
            [
              -75.77058201799991,
              6.327217512793082
            ],
            [
              -75.76307180599991,
              6.322377371793243
            ],
            [
              -75.77009177999992,
              6.348907766792399
            ],
            [
              -75.76789153699991,
              6.364577933791889
            ],
            [
              -75.7707715169999,
              6.376238110791529
            ],
            [
              -75.77313145499994,
              6.389758294791105
            ],
            [
              -75.77240120499994,
              6.411448548790374
            ],
            [
              -75.77514114799993,
              6.425768753789904
            ],
            [
              -75.77528108699994,
              6.432078834789736
            ],
            [
              -75.7746308959999,
              6.4479690257892095
            ],
            [
              -75.76921074899991,
              6.444548924789303
            ],
            [
              -75.76699282399994,
              6.44036429278946
            ],
            [
              -75.75873021199993,
              6.460509013788824
            ],
            [
              -75.74280975599993,
              6.45155872978907
            ],
            [
              -75.73639959399992,
              6.446058596789248
            ],
            [
              -75.73158953799992,
              6.4350784177896045
            ],
            [
              -75.7318598139999,
              6.40954810879045
            ],
            [
              -75.73232994799992,
              6.398647977790773
            ],
            [
              -75.72572975599991,
              6.395297863790878
            ],
            [
              -75.7182294879999,
              6.395357789790883
            ],
            [
              -75.71590935499995,
              6.40095783379071
            ],
            [
              -75.71301845399995,
              6.402246036790669
            ],
            [
              -75.71224204799995,
              6.410397232790443
            ],
            [
              -75.71223912599993,
              6.410427909790413
            ],
            [
              -75.7173390509999,
              6.434768255789611
            ],
            [
              -75.72371893999991,
              6.466038709788642
            ],
            [
              -75.7329974239999,
              6.489070591787894
            ],
            [
              -75.73922907199994,
              6.504539343787403
            ],
            [
              -75.74188558399993,
              6.514728773787046
            ],
            [
              -75.75588582799992,
              6.50993921678722
            ],
            [
              -75.76968670199994,
              6.50993921678722
            ],
            [
              -75.77111437899993,
              6.5251677667867485
            ],
            [
              -75.77159027099992,
              6.5456311317860445
            ],
            [
              -75.77539740799995,
              6.559907897785607
            ],
            [
              -75.7792045459999,
              6.574184663785176
            ],
            [
              -75.78396346799991,
              6.587033752784746
            ],
            [
              -75.79157774299995,
              6.591792674784602
            ],
            [
              -75.79157963299991,
              6.595598552784459
            ],
            [
              -75.7958607729999,
              6.592744459784554
            ],
            [
              -75.7958607729999,
              6.582750723784864
            ],
            [
              -75.7963366649999,
              6.563239142785536
            ],
            [
              -75.80204737199995,
              6.5422998867861795
            ],
            [
              -75.80204737199995,
              6.533257934786459
            ],
            [
              -75.8059095079999,
              6.529210162786606
            ],
            [
              -75.80971292999993,
              6.529839641786583
            ]
          ]
        ]
      }
    },
    {
      "type": "Feature",
      "properties": {
        "SimboloUC": "K1-Mmg",
        "Descripcion": "Anfibolitas, gneises cuarzofeldespáticos, anfibolitas, migmatitas, esquistos y serpentinitas.",
        "Edad": "Cretácico Inferior"
      },
      "geometry": {
        "type": "Polygon",
        "coordinates": [
          [
            [
              -75.23587985799992,
              6.3266594907930855
            ],
            [
              -75.24652745899994,
              6.351728079792282
            ],
            [
              -75.25215838399993,
              6.36769407179179
            ],
            [
              -75.25255192199995,
              6.368892553791758
            ],
            [
              -75.25335679699992,
              6.368983036791761
            ],
            [
              -75.27719542599993,
              6.379620445791386
            ],
            [
              -75.28689554699992,
              6.386701998791195
            ],
            [
              -75.3044399659999,
              6.394386576790959
            ],
            [
              -75.31634416399993,
              6.41071682979041
            ],
            [
              -75.33682505099995,
              6.426494459789907
            ],
            [
              -75.35185420399995,
              6.435767688789579
            ],
            [
              -75.39273324299995,
              6.471779728788429
            ],
            [
              -75.40227665599991,
              6.479510271788208
            ],
            [
              -75.4069814309999,
              6.471469184788435
            ],
            [
              -75.40921025799992,
              6.458670409788888
            ],
            [
              -75.40848617599994,
              6.44701163578924
            ],
            [
              -75.39011074099994,
              6.440727710789454
            ],
            [
              -75.36657891999994,
              6.430521271789777
            ],
            [
              -75.34906320099992,
              6.403257550790663
            ],
            [
              -75.34314143499995,
              6.390657013791038
            ],
            [
              -75.32152733999993,
              6.371047778791649
            ],
            [
              -75.30837249799993,
              6.358999834792083
            ],
            [
              -75.29419515399991,
              6.338868899792735
            ],
            [
              -75.27322010599994,
              6.325115777793151
            ],
            [
              -75.2604150869999,
              6.318734457793353
            ],
            [
              -75.24221088399992,
              6.312007254793605
            ],
            [
              -75.2321809579999,
              6.310514586793623
            ],
            [
              -75.23587985799992,
              6.3266594907930855
            ]
          ]
        ]
      }
    },
    {
      "type": "Feature",
      "properties": {
        "SimboloUC": "K1-Mmg",
        "Descripcion": "Anfibolitas, gneises cuarzofeldespáticos, anfibolitas, migmatitas, esquistos y serpentinitas.",
        "Edad": "Cretácico Inferior"
      },
      "geometry": {
        "type": "Polygon",
        "coordinates": [
          [
            [
              -75.80204737199995,
              6.533257934786459
            ],
            [
              -75.80204737199995,
              6.5422998867861795
            ],
            [
              -75.7963366649999,
              6.563239142785536
            ],
            [
              -75.7958607729999,
              6.582750723784864
            ],
            [
              -75.7958607729999,
              6.592744459784554
            ],
            [
              -75.79157963299991,
              6.595598552784459
            ],
            [
              -75.79157774299995,
              6.595599812784498
            ],
            [
              -75.79157963499995,
              6.595602650784497
            ],
            [
              -75.79213873499992,
              6.596441300784452
            ],
            [
              -75.79919201799993,
              6.607021225784117
            ],
            [
              -75.80108449599993,
              6.620268565783661
            ],
            [
              -75.80141000599991,
              6.62049143778365
            ],
            [
              -75.80917011199995,
              6.636351723783162
            ],
            [
              -75.80670976999994,
              6.660051993782407
            ],
            [
              -75.81479992599992,
              6.672132231782027
            ],
            [
              -75.81479173999992,
              6.672150105782008
            ],
            [
              -75.8151183789999,
              6.671871622782027
            ],
            [
              -75.81686008799994,
              6.670166389782087
            ],
            [
              -75.81706559899993,
              6.656630669782526
            ],
            [
              -75.81773924599992,
              6.642667195782939
            ],
            [
              -75.81685831399994,
              6.60935193078401
            ],
            [
              -75.81773092199995,
              6.587721200784733
            ],
            [
              -75.81880605899994,
              6.572185576785235
            ],
            [
              -75.81877638299994,
              6.551760963785846
            ],
            [
              -75.81469002999995,
              6.5349007917864395
            ],
            [
              -75.80971292999993,
              6.529839641786583
            ],
            [
              -75.8059095079999,
              6.529210162786606
            ],
            [
              -75.80204737199995,
              6.533257934786459
            ]
          ]
        ]
      }
    },
    {
      "type": "Feature",
      "properties": {
        "SimboloUC": "b5k4-VCm",
        "Descripcion": "Basaltos y andesitas intercalados con arenitas lodosas líticas, lodolitas carbonosas, arenitas feldespáticas, calizas y limolitas silíceas.",
        "Edad": "Aptiano-Santoniano"
      },
      "geometry": {
        "type": "Polygon",
        "coordinates": [
          [
            [
              -75.73730916099993,
              6.517761438786982
            ],
            [
              -75.73873683799991,
              6.536321234786368
            ],
            [
              -75.74516138199994,
              6.557736383785685
            ],
            [
              -75.74908749299993,
              6.566659362785372
            ],
            [
              -75.7558689569999,
              6.578080775785058
            ],
            [
              -75.76050890599993,
              6.583077643784875
            ],
            [
              -75.7669334499999,
              6.591643702784575
            ],
            [
              -75.77549950999992,
              6.609846579784012
            ],
            [
              -75.78228097399995,
              6.6244802647835215
            ],
            [
              -75.7883485989999,
              6.634830920783204
            ],
            [
              -75.79548698199994,
              6.6458954137828385
            ],
            [
              -75.80048385099991,
              6.660172179782405
            ],
            [
              -75.80333920399994,
              6.673378188781967
            ],
            [
              -75.8102057019999,
              6.682163844781672
            ],
            [
              -75.81479173999992,
              6.672150105782008
            ],
            [
              -75.81479992599992,
              6.672132231782027
            ],
            [
              -75.80670976999994,
              6.660051993782407
            ],
            [
              -75.80917011199995,
              6.636351723783162
            ],
            [
              -75.80141000599991,
              6.62049143778365
            ],
            [
              -75.80108449599993,
              6.620268565783661
            ],
            [
              -75.79141973399993,
              6.613651251783895
            ],
            [
              -75.78283946699992,
              6.610611118783977
            ],
            [
              -75.77686269399993,
              6.600080291784341
            ],
            [
              -75.77492151599995,
              6.589889106784675
            ],
            [
              -75.7734938399999,
              6.5832266157848425
            ],
            [
              -75.76873491799995,
              6.560859681785569
            ],
            [
              -75.76540367199993,
              6.544203454786106
            ],
            [
              -75.76112064199992,
              6.533733826786434
            ],
            [
              -75.75303047499995,
              6.52564365878673
            ],
            [
              -75.7444682819999,
              6.524692304786772
            ],
            [
              -75.74445904499993,
              6.524599649786765
            ],
            [
              -75.74188558399993,
              6.514728773787046
            ],
            [
              -75.73922907199994,
              6.504539343787403
            ],
            [
              -75.7329974239999,
              6.489070591787894
            ],
            [
              -75.73730916099993,
              6.517761438786982
            ]
          ]
        ]
      }
    },
    {
      "type": "Feature",
      "properties": {
        "SimboloUC": "Q-ca",
        "Descripcion": "Abanicos aluviales y depósitos coluviales",
        "Edad": "Cuaternario"
      },
      "geometry": {
        "type": "Polygon",
        "coordinates": [
          [
            [
              -75.5461667109999,
              6.343880124792546
            ],
            [
              -75.54639546999994,
              6.344041601792547
            ],
            [
              -75.55223433599991,
              6.348163154792416
            ],
            [
              -75.56080039599993,
              6.350661588792354
            ],
            [
              -75.56900953599995,
              6.353160022792236
            ],
            [
              -75.57650483899994,
              6.352089264792304
            ],
            [
              -75.5772186769999,
              6.3431662867925995
            ],
            [
              -75.57614791899994,
              6.335670983792806
            ],
            [
              -75.5732925659999,
              6.334600226792852
            ],
            [
              -75.56793877899992,
              6.339954013792672
            ],
            [
              -75.5615142339999,
              6.338169418792729
            ],
            [
              -75.56008655799991,
              6.334600226792852
            ],
            [
              -75.55972963799991,
              6.328532600793049
            ],
            [
              -75.56115731499995,
              6.323892651793173
            ],
            [
              -75.56829569799993,
              6.31853886479336
            ],
            [
              -75.57650483899994,
              6.317468107793408
            ],
            [
              -75.5847139789999,
              6.315683511793479
            ],
            [
              -75.58935392799992,
              6.312114320793598
            ],
            [
              -75.59292311999991,
              6.304975936793792
            ],
            [
              -75.59756306799994,
              6.300335988793969
            ],
            [
              -75.61041215799992,
              6.2960529587940925
            ],
            [
              -75.6232612469999,
              6.291413009794217
            ],
            [
              -75.63825185199994,
              6.293554524794155
            ],
            [
              -75.64931634499993,
              6.299622149793976
            ],
            [
              -75.65681894699992,
              6.3031389947938425
            ],
            [
              -75.6503982399999,
              6.2903458117942685
            ],
            [
              -75.6478982459999,
              6.280815674794564
            ],
            [
              -75.64031826999991,
              6.278478534794688
            ],
            [
              -75.62866763399995,
              6.2758254167947625
            ],
            [
              -75.61095703399991,
              6.2751252247947695
            ],
            [
              -75.60590686699993,
              6.2742251577948265
            ],
            [
              -75.59985667699993,
              6.272395073794876
            ],
            [
              -75.60499691799993,
              6.2659150497950495
            ],
            [
              -75.61407727799991,
              6.2616750917952135
            ],
            [
              -75.62476772399992,
              6.254235118795423
            ],
            [
              -75.62112774099995,
              6.2409649267958525
            ],
            [
              -75.61129758499993,
              6.2227046027964565
            ],
            [
              -75.60427744899994,
              6.212694414796754
            ],
            [
              -75.59236708199995,
              6.208104229796919
            ],
            [
              -75.58986694399994,
              6.213654273796761
            ],
            [
              -75.58937676999994,
              6.228064436796274
            ],
            [
              -75.58781657599991,
              6.241934585795842
            ],
            [
              -75.58890654599992,
              6.248864683795619
            ],
            [
              -75.59345663899995,
              6.254984798795409
            ],
            [
              -75.59745674699991,
              6.257914878795314
            ],
            [
              -75.59933676799994,
              6.261634945795213
            ],
            [
              -75.5958766199999,
              6.264844940795126
            ],
            [
              -75.58705631299995,
              6.264944850795078
            ],
            [
              -75.57992609799993,
              6.2622147447951715
            ],
            [
              -75.57810596699994,
              6.268534806794954
            ],
            [
              -75.57592580099993,
              6.27717488379473
            ],
            [
              -75.5736856719999,
              6.2818049177945845
            ],
            [
              -75.57029444499994,
              6.284412634794489
            ],
            [
              -75.5670821729999,
              6.2844126347944815
            ],
            [
              -75.56387682199994,
              6.276266384794708
            ],
            [
              -75.56227727499993,
              6.267355974795001
            ],
            [
              -75.56311009399991,
              6.261288348795184
            ],
            [
              -75.56120651899994,
              6.254268939795467
            ],
            [
              -75.55922995199995,
              6.2501483967955975
            ],
            [
              -75.55922995199995,
              6.246936124795663
            ],
            [
              -75.56191017099991,
              6.244259223795774
            ],
            [
              -75.55651736599992,
              6.237518217795966
            ],
            [
              -75.54580979199994,
              6.234662864796081
            ],
            [
              -75.54116984299992,
              6.2325213497961425
            ],
            [
              -75.54081292299992,
              6.239659732795901
            ],
            [
              -75.5428404619999,
              6.24955057979559
            ],
            [
              -75.5445947739999,
              6.263112036795132
            ],
            [
              -75.5444184879999,
              6.285306145794412
            ],
            [
              -75.54547556299991,
              6.296083809794116
            ],
            [
              -75.5450341479999,
              6.304000693793856
            ],
            [
              -75.54688083299993,
              6.314367480793531
            ],
            [
              -75.54993636199993,
              6.324751366793199
            ],
            [
              -75.54723746799993,
              6.329960277792985
            ],
            [
              -75.54545287199994,
              6.333529469792917
            ],
            [
              -75.54473903399992,
              6.339240175792734
            ],
            [
              -75.5461667109999,
              6.343880124792546
            ]
          ]
        ]
      }
    },
    {
      "type": "Feature",
      "properties": {
        "SimboloUC": "DC1-Mmg",
        "Descripcion": "Anfibolitas granatíferas, esquistos cuarzosericíticos; anfibolitas.",
        "Edad": "Devónico-Mississipiano"
      },
      "geometry": {
        "type": "Polygon",
        "coordinates": [
          [
            [
              -75.50260708299993,
              6.218363825796615
            ],
            [
              -75.50465882899994,
              6.232679764796129
            ],
            [
              -75.50906824599991,
              6.241172050795886
            ],
            [
              -75.51203944199995,
              6.252367278795489
            ],
            [
              -75.51663825899993,
              6.2449559167957585
            ],
            [
              -75.51888701999991,
              6.228782207796235
            ],
            [
              -75.51266769599994,
              6.221859035796491
            ],
            [
              -75.50750422499993,
              6.212826367796745
            ],
            [
              -75.50487622799994,
              6.206136522796974
            ],
            [
              -75.50260708299993,
              6.218363825796615
            ]
          ]
        ]
      }
    },
    {
      "type": "Feature",
      "properties": {
        "SimboloUC": "T-Mag",
        "Descripcion": "Gneises cuarzofeldespáticos, algunos con sillimanita y cordierita; metatonalitas; anfibolitas; granulitas, y migmatitas.",
        "Edad": "Triásico"
      },
      "geometry": {
        "type": "Polygon",
        "coordinates": [
          [
            [
              -75.34016779799992,
              6.530787395786533
            ],
            [
              -75.3365387369999,
              6.550958779785918
            ],
            [
              -75.33966311599994,
              6.571626233785237
            ],
            [
              -75.34666348799993,
              6.5832106647848825
            ],
            [
              -75.36101328899991,
              6.594281118784514
            ],
            [
              -75.36872509599993,
              6.597052392784429
            ],
            [
              -75.37545447999992,
              6.589218518784651
            ],
            [
              -75.37468449999994,
              6.5801305697849495
            ],
            [
              -75.36690750499992,
              6.553902288785798
            ],
            [
              -75.35924012099991,
              6.53525484678643
            ],
            [
              -75.35562551499993,
              6.518985822786904
            ],
            [
              -75.34270146999995,
              6.510451523787208
            ],
            [
              -75.34016779799992,
              6.530787395786533
            ]
          ]
        ]
      }
    },
    {
      "type": "Feature",
      "properties": {
        "SimboloUC": "T-Mbg",
        "Descripcion": "Esquistos grafíticos, cuarzomoscovíticos, cloríticos y anfibólicos; filitas; cuarcitas; mármoles, y serpentinitas.",
        "Edad": "Triásico"
      },
      "geometry": {
        "type": "Polygon",
        "coordinates": [
          [
            [
              -75.63545568099994,
              6.484913010788018
            ],
            [
              -75.64442594299993,
              6.48923815978789
            ],
            [
              -75.65305050099994,
              6.490245962787852
            ],
            [
              -75.65294622999994,
              6.490138253787832
            ],
            [
              -75.65138621599993,
              6.486888203787975
            ],
            [
              -75.6554763979999,
              6.482908199788074
            ],
            [
              -75.66057660099995,
              6.480248215788174
            ],
            [
              -75.66793687499995,
              6.478678275788196
            ],
            [
              -75.67547716299993,
              6.4756683177883465
            ],
            [
              -75.68038738199994,
              6.4716183167884775
            ],
            [
              -75.68170751899993,
              6.462378218788756
            ],
            [
              -75.67729752699995,
              6.4474479947892265
            ],
            [
              -75.67499753499993,
              6.439087867789487
            ],
            [
              -75.67766770499992,
              6.431297803789728
            ],
            [
              -75.6755977439999,
              6.421357657790088
            ],
            [
              -75.67161787499992,
              6.395807306790861
            ],
            [
              -75.67959827399994,
              6.383897245791267
            ],
            [
              -75.6926860069999,
              6.370965184791667
            ],
            [
              -75.6913988849999,
              6.3645871317918825
            ],
            [
              -75.69133897699993,
              6.35536702179217
            ],
            [
              -75.6924390719999,
              6.349846963792347
            ],
            [
              -75.68801895599995,
              6.346766883792488
            ],
            [
              -75.68731903399993,
              6.336816756792787
            ],
            [
              -75.68734916299991,
              6.324256602793159
            ],
            [
              -75.69438936799992,
              6.328156728793052
            ],
            [
              -75.69907948999992,
              6.3321468207929055
            ],
            [
              -75.6999695049999,
              6.333136844792907
            ],
            [
              -75.70334973999991,
              6.322396748793242
            ],
            [
              -75.70446992099994,
              6.308656594793689
            ],
            [
              -75.70775011899991,
              6.300266526793969
            ],
            [
              -75.71253828199991,
              6.305467830793769
            ],
            [
              -75.71111032099992,
              6.292586470794191
            ],
            [
              -75.7075403529999,
              6.277116250794694
            ],
            [
              -75.7008303959999,
              6.250165857795563
            ],
            [
              -75.68978025599995,
              6.2271754727962945
            ],
            [
              -75.6807001119999,
              6.210245175796851
            ],
            [
              -75.67690998499995,
              6.210415136796826
            ],
            [
              -75.67026974599992,
              6.211315078796843
            ],
            [
              -75.6713696889999,
              6.220565201796505
            ],
            [
              -75.6818398769999,
              6.237205503796012
            ],
            [
              -75.67924962899991,
              6.252445665795519
            ],
            [
              -75.67981948499994,
              6.267995852794993
            ],
            [
              -75.67563916499995,
              6.285096012794429
            ],
            [
              -75.67213888899994,
              6.299766156793988
            ],
            [
              -75.67452886599995,
              6.310156304793654
            ],
            [
              -75.6717786289999,
              6.324146442793205
            ],
            [
              -75.66606117499992,
              6.3250550967931725
            ],
            [
              -75.66011252299995,
              6.325649961793135
            ],
            [
              -75.64975783099993,
              6.327676255793086
            ],
            [
              -75.64191762199994,
              6.321146096793272
            ],
            [
              -75.63703745299995,
              6.321406050793266
            ],
            [
              -75.62988714199992,
              6.327666050793065
            ],
            [
              -75.63337723099994,
              6.330786123792949
            ],
            [
              -75.62251674299995,
              6.340936134792643
            ],
            [
              -75.62049664799991,
              6.343386136792546
            ],
            [
              -75.62636680599991,
              6.34761624979242
            ],
            [
              -75.6395471749999,
              6.356136491792174
            ],
            [
              -75.64649731499992,
              6.366116684791844
            ],
            [
              -75.65243744199995,
              6.373506836791635
            ],
            [
              -75.6547674389999,
              6.381396955791344
            ],
            [
              -75.65129721999995,
              6.391037037791069
            ],
            [
              -75.65239720699992,
              6.395777105790906
            ],
            [
              -75.65860738599991,
              6.398847205790811
            ],
            [
              -75.66739751799992,
              6.415297496790231
            ],
            [
              -75.67083734699992,
              6.4433378787893645
            ],
            [
              -75.6723672949999,
              6.452928004789031
            ],
            [
              -75.66657701499992,
              6.460488037788794
            ],
            [
              -75.6543765099999,
              6.468348008788557
            ],
            [
              -75.64892628699994,
              6.4717279917884545
            ],
            [
              -75.64170524299993,
              6.478552858788203
            ],
            [
              -75.62956556299991,
              6.4769778547883
            ],
            [
              -75.61103502499992,
              6.467057533788581
            ],
            [
              -75.60494486999994,
              6.461817409788739
            ],
            [
              -75.59222459999995,
              6.445757077789258
            ],
            [
              -75.58971454499994,
              6.442447009789405
            ],
            [
              -75.59338449499995,
              6.4596172557888325
            ],
            [
              -75.59942859599994,
              6.471774429788418
            ],
            [
              -75.59952456999991,
              6.471967473788425
            ],
            [
              -75.60535048899993,
              6.473870980788368
            ],
            [
              -75.60718325199991,
              6.474469800788345
            ],
            [
              -75.6101149079999,
              6.475427622788347
            ],
            [
              -75.63545568099994,
              6.484913010788018
            ]
          ]
        ]
      }
    },
    {
      "type": "Feature",
      "properties": {
        "SimboloUC": "T-Mmbg",
        "Descripcion": "Intercalaciones de metarenitas de grano fino a muy fino y metalodolitas de color gris, gris verdoso y café, con zonas de milonitas.",
        "Edad": "Triásico"
      },
      "geometry": {
        "type": "Polygon",
        "coordinates": [
          [
            [
              -75.75447170299992,
              6.30415705879386
            ],
            [
              -75.75521158299995,
              6.318307240793378
            ],
            [
              -75.74991134299995,
              6.323547247793212
            ],
            [
              -75.74967122299995,
              6.333727369792897
            ],
            [
              -75.75287108499992,
              6.357587692792135
            ],
            [
              -75.7540909519999,
              6.374827917791542
            ],
            [
              -75.75807095599993,
              6.387508113791161
            ],
            [
              -75.7632809239999,
              6.408078419790463
            ],
            [
              -75.76517076399995,
              6.429218697789803
            ],
            [
              -75.7661206969999,
              6.438718821789497
            ],
            [
              -75.76699282399994,
              6.44036429278946
            ],
            [
              -75.76921074899991,
              6.444548924789303
            ],
            [
              -75.7746308959999,
              6.4479690257892095
            ],
            [
              -75.77528108699994,
              6.432078834789736
            ],
            [
              -75.77514114799993,
              6.425768753789904
            ],
            [
              -75.77240120499994,
              6.411448548790374
            ],
            [
              -75.77313145499994,
              6.389758294791105
            ],
            [
              -75.7707715169999,
              6.376238110791529
            ],
            [
              -75.76789153699991,
              6.364577933791889
            ],
            [
              -75.77009177999992,
              6.348907766792399
            ],
            [
              -75.76307180599991,
              6.322377371793243
            ],
            [
              -75.76166187299992,
              6.3112472277936105
            ],
            [
              -75.75831189299993,
              6.298627038794002
            ],
            [
              -75.74928164199991,
              6.292336864794189
            ],
            [
              -75.75447170299992,
              6.30415705879386
            ]
          ]
        ]
      }
    },
    {
      "type": "Feature",
      "properties": {
        "SimboloUC": "T-Mmg",
        "Descripcion": "Gneises cuarzofeldespáticos algunos con sillimanita, cordierita y hornblenda; anfibolitas; migmatitas; esquistos, y mármoles.",
        "Edad": "Triásico"
      },
      "geometry": {
        "type": "Polygon",
        "coordinates": [
          [
            [
              -75.56008655799991,
              6.334600226792852
            ],
            [
              -75.5615142339999,
              6.338169418792729
            ],
            [
              -75.56793877899992,
              6.339954013792672
            ],
            [
              -75.5732925659999,
              6.334600226792852
            ],
            [
              -75.58640556499995,
              6.3346356747928665
            ],
            [
              -75.58966570399991,
              6.332025682792914
            ],
            [
              -75.60710634199995,
              6.32837581879308
            ],
            [
              -75.6206330199999,
              6.328638491793023
            ],
            [
              -75.62988714199992,
              6.327666050793065
            ],
            [
              -75.63703745299995,
              6.321406050793266
            ],
            [
              -75.64191762199994,
              6.321146096793272
            ],
            [
              -75.64975783099993,
              6.327676255793086
            ],
            [
              -75.66011252299995,
              6.325649961793135
            ],
            [
              -75.65892279199994,
              6.318511578793385
            ],
            [
              -75.65865830299992,
              6.31115614779361
            ],
            [
              -75.65704833299992,
              6.303596042793871
            ],
            [
              -75.65681894699992,
              6.3031389947938425
            ],
            [
              -75.64931634499993,
              6.299622149793976
            ],
            [
              -75.63825185199994,
              6.293554524794155
            ],
            [
              -75.6232612469999,
              6.291413009794217
            ],
            [
              -75.61041215799992,
              6.2960529587940925
            ],
            [
              -75.59756306799994,
              6.300335988793969
            ],
            [
              -75.59292311999991,
              6.304975936793792
            ],
            [
              -75.58935392799992,
              6.312114320793598
            ],
            [
              -75.5847139789999,
              6.315683511793479
            ],
            [
              -75.57650483899994,
              6.317468107793408
            ],
            [
              -75.56829569799993,
              6.31853886479336
            ],
            [
              -75.56115731499995,
              6.323892651793173
            ],
            [
              -75.55972963799991,
              6.328532600793049
            ],
            [
              -75.56008655799991,
              6.334600226792852
            ]
          ]
        ]
      }
    },
    {
      "type": "Feature",
      "properties": {
        "SimboloUC": "T-Mmg",
        "Descripcion": "Gneises cuarzofeldespáticos algunos con sillimanita, cordierita y hornblenda; anfibolitas; migmatitas; esquistos, y mármoles.",
        "Edad": "Triásico"
      },
      "geometry": {
        "type": "Polygon",
        "coordinates": [
          [
            [
              -75.41854734899994,
              6.507615652787301
            ],
            [
              -75.41334783299993,
              6.531064168786527
            ],
            [
              -75.40611975599995,
              6.574248494785151
            ],
            [
              -75.40128392199995,
              6.592408533784576
            ],
            [
              -75.39288440199994,
              6.606538912784117
            ],
            [
              -75.38317536499994,
              6.608413318784068
            ],
            [
              -75.36822213099992,
              6.612713658783915
            ],
            [
              -75.38365701899994,
              6.622058216783629
            ],
            [
              -75.38339595199994,
              6.638367393783087
            ],
            [
              -75.37689102099995,
              6.642080803782959
            ],
            [
              -75.36408376199995,
              6.652572668782628
            ],
            [
              -75.35635876999993,
              6.680826580781743
            ],
            [
              -75.35399774599995,
              6.691737526781357
            ],
            [
              -75.36137709699995,
              6.7108994327807645
            ],
            [
              -75.37208473999993,
              6.731493084780108
            ],
            [
              -75.37612774699994,
              6.747534314779579
            ],
            [
              -75.38580407299992,
              6.756660457779293
            ],
            [
              -75.38729311899993,
              6.756870344779267
            ],
            [
              -75.38941225699995,
              6.754117259779361
            ],
            [
              -75.39447608899991,
              6.743949303779709
            ],
            [
              -75.39600416399992,
              6.735931128779949
            ],
            [
              -75.39069174799994,
              6.714139524780661
            ],
            [
              -75.39731352799993,
              6.705070334780964
            ],
            [
              -75.40006508999994,
              6.690342253781447
            ],
            [
              -75.41069604899991,
              6.678827014781809
            ],
            [
              -75.41544012599991,
              6.674042135781965
            ],
            [
              -75.41394143399992,
              6.662555153782326
            ],
            [
              -75.40805183799995,
              6.643780106782908
            ],
            [
              -75.40770495699991,
              6.628225296783439
            ],
            [
              -75.40312447699995,
              6.610791256783988
            ],
            [
              -75.40944305999994,
              6.594035509784536
            ],
            [
              -75.4220351809999,
              6.582611255784883
            ],
            [
              -75.44081906299994,
              6.571252459785219
            ],
            [
              -75.44161516299994,
              6.5548698187857966
            ],
            [
              -75.44294639599991,
              6.535599703786375
            ],
            [
              -75.43707202699994,
              6.519632844786889
            ],
            [
              -75.42904707699995,
              6.507570001787304
            ],
            [
              -75.4215368099999,
              6.501641761787495
            ],
            [
              -75.41854734899994,
              6.507615652787301
            ]
          ]
        ]
      }
    },
    {
      "type": "Feature",
      "properties": {
        "SimboloUC": "T-Pf",
        "Descripcion": "Ortogneises graníticos",
        "Edad": "Triásico"
      },
      "geometry": {
        "type": "Polygon",
        "coordinates": [
          [
            [
              -75.68731903399993,
              6.336816756792787
            ],
            [
              -75.68801895599995,
              6.346766883792488
            ],
            [
              -75.6924390719999,
              6.349846963792347
            ],
            [
              -75.69133897699993,
              6.35536702179217
            ],
            [
              -75.6913988849999,
              6.3645871317918825
            ],
            [
              -75.6926860069999,
              6.370965184791667
            ],
            [
              -75.6945188329999,
              6.3800473537913875
            ],
            [
              -75.69367866599993,
              6.393067508790957
            ],
            [
              -75.69608850399993,
              6.416097805790207
            ],
            [
              -75.69843838899993,
              6.434918067789619
            ],
            [
              -75.69640815199995,
              6.45120824278909
            ],
            [
              -75.69908816799995,
              6.458478353788889
            ],
            [
              -75.70522836799995,
              6.459708434788803
            ],
            [
              -75.71119865299994,
              6.4524584107890695
            ],
            [
              -75.7097788289999,
              6.430538125789754
            ],
            [
              -75.71219912399994,
              6.410407912790436
            ],
            [
              -75.71224204799995,
              6.410397232790443
            ],
            [
              -75.71301845399995,
              6.402246036790669
            ],
            [
              -75.71325927099991,
              6.3997177907907545
            ],
            [
              -75.71682953499993,
              6.3867976717911725
            ],
            [
              -75.71522960899995,
              6.374047496791571
            ],
            [
              -75.71356978299991,
              6.352437220792275
            ],
            [
              -75.71508008399991,
              6.328396946793029
            ],
            [
              -75.71253828199991,
              6.305467830793769
            ],
            [
              -75.70775011899991,
              6.300266526793969
            ],
            [
              -75.70446992099994,
              6.308656594793689
            ],
            [
              -75.70334973999991,
              6.322396748793242
            ],
            [
              -75.6999695049999,
              6.333136844792907
            ],
            [
              -75.69907948999992,
              6.3321468207929055
            ],
            [
              -75.69438936799992,
              6.328156728793052
            ],
            [
              -75.68734916299991,
              6.324256602793159
            ],
            [
              -75.68731903399993,
              6.336816756792787
            ]
          ]
        ]
      }
    },
    {
      "type": "Feature",
      "properties": {
        "SimboloUC": "T-Pf",
        "Descripcion": "Ortogneises graníticos",
        "Edad": "Triásico"
      },
      "geometry": {
        "type": "Polygon",
        "coordinates": [
          [
            [
              -75.71126439999995,
              6.850883381776277
            ],
            [
              -75.71181411499992,
              6.878753739775414
            ],
            [
              -75.7263408959999,
              6.856129820776132
            ],
            [
              -75.73813179299992,
              6.841037517776594
            ],
            [
              -75.74627174499994,
              6.825551754777075
            ],
            [
              -75.74588074699994,
              6.816113867777387
            ],
            [
              -75.74175515799993,
              6.800261605777885
            ],
            [
              -75.74645181699992,
              6.766859024778994
            ],
            [
              -75.74869681899992,
              6.742733174779749
            ],
            [
              -75.7425569529999,
              6.715291996780628
            ],
            [
              -75.73405682399994,
              6.699441708781108
            ],
            [
              -75.73233690899991,
              6.685521522781603
            ],
            [
              -75.73572724099995,
              6.665341300782235
            ],
            [
              -75.73349875999992,
              6.647043319782833
            ],
            [
              -75.73156753799992,
              6.624310741783574
            ],
            [
              -75.72852761199994,
              6.607070498784124
            ],
            [
              -75.73266795699993,
              6.588920317784693
            ],
            [
              -75.7311480429999,
              6.575430136785118
            ],
            [
              -75.73151825699995,
              6.556389904785717
            ],
            [
              -75.7228981849999,
              6.535149544786425
            ],
            [
              -75.7104278889999,
              6.521699249786817
            ],
            [
              -75.70241748599994,
              6.534049315786433
            ],
            [
              -75.6942671249999,
              6.541559320786213
            ],
            [
              -75.69004706499993,
              6.532859173786487
            ],
            [
              -75.68681711799991,
              6.5177589517869645
            ],
            [
              -75.6843372109999,
              6.500448712787541
            ],
            [
              -75.66128651299994,
              6.4912083637877975
            ],
            [
              -75.65305050099994,
              6.490245962787852
            ],
            [
              -75.64442594299993,
              6.48923815978789
            ],
            [
              -75.6688166049999,
              6.507058633787333
            ],
            [
              -75.67730668099995,
              6.527958980786613
            ],
            [
              -75.68032657499992,
              6.547449250785995
            ],
            [
              -75.68541659999994,
              6.561659475785535
            ],
            [
              -75.69177660899993,
              6.581549792784932
            ],
            [
              -75.69013641099991,
              6.595359944784447
            ],
            [
              -75.69408641099994,
              6.607640138784086
            ],
            [
              -75.70281661599995,
              6.617210349783757
            ],
            [
              -75.7165269109999,
              6.634240709783248
            ],
            [
              -75.71992888799991,
              6.64900535778276
            ],
            [
              -75.71818670099992,
              6.6593910407824035
            ],
            [
              -75.71482631899994,
              6.684291315781604
            ],
            [
              -75.71504599299993,
              6.714851705780621
            ],
            [
              -75.71687586999991,
              6.732301937780109
            ],
            [
              -75.71763566499993,
              6.7542422287793675
            ],
            [
              -75.72392572299992,
              6.768612470778897
            ],
            [
              -75.72894577799991,
              6.780042669778541
            ],
            [
              -75.73218556099994,
              6.810313091777572
            ],
            [
              -75.7368055789999,
              6.823813306777161
            ],
            [
              -75.73236535899991,
              6.829713342776934
            ],
            [
              -75.72688506999992,
              6.839283400776632
            ],
            [
              -75.72307509899991,
              6.823773160777154
            ],
            [
              -75.71529494299995,
              6.813072941777507
            ],
            [
              -75.70668472599993,
              6.805522753777703
            ],
            [
              -75.70996465499991,
              6.823333013777168
            ],
            [
              -75.71126439999995,
              6.850883381776277
            ]
          ]
        ]
      }
    },
    {
      "type": "Feature",
      "properties": {
        "SimboloUC": "T-Pi",
        "Descripcion": "Granodioritas, cuarzomonzonitas y granitos alcalinos con variaciones a dioritas y tonalitas.",
        "Edad": "Triásico"
      },
      "geometry": {
        "type": "Polygon",
        "coordinates": [
          [
            [
              -75.76307180599991,
              6.322377371793243
            ],
            [
              -75.77058201799991,
              6.327217512793082
            ],
            [
              -75.7748820509999,
              6.33824768879274
            ],
            [
              -75.7791820839999,
              6.34927786379236
            ],
            [
              -75.78158188799995,
              6.376828222791514
            ],
            [
              -75.7833917239999,
              6.397988506790847
            ],
            [
              -75.79009147599993,
              6.443849136789365
            ],
            [
              -75.80005154699995,
              6.470219567788495
            ],
            [
              -75.79541166799993,
              6.443449188789385
            ],
            [
              -75.7940517529999,
              6.431219021789727
            ],
            [
              -75.79661195199992,
              6.4202989117901135
            ],
            [
              -75.79980212099991,
              6.414548876790294
            ],
            [
              -75.80611243499993,
              6.406018834790547
            ],
            [
              -75.80752254799995,
              6.399998783790734
            ],
            [
              -75.80579260799993,
              6.387948611791135
            ],
            [
              -75.79913248999992,
              6.377528414791495
            ],
            [
              -75.79209240199992,
              6.36256815979197
            ],
            [
              -75.7856123329999,
              6.346977906792443
            ],
            [
              -75.77987237699995,
              6.32394756479322
            ],
            [
              -75.77556235899993,
              6.311317367793601
            ],
            [
              -75.77523252399993,
              6.294207156794165
            ],
            [
              -75.77102249799992,
              6.282516975794537
            ],
            [
              -75.77426267599992,
              6.276636936794748
            ],
            [
              -75.77380282799993,
              6.259926726795242
            ],
            [
              -75.76593277799992,
              6.2382963907959486
            ],
            [
              -75.76457293499993,
              6.218556137796581
            ],
            [
              -75.76244293099995,
              6.211866032796829
            ],
            [
              -75.76267303499992,
              6.202775935797112
            ],
            [
              -75.76315267299992,
              6.199736466797223
            ],
            [
              -75.75761306699991,
              6.182385634797756
            ],
            [
              -75.75609332399995,
              6.152405259798735
            ],
            [
              -75.75814357599995,
              6.134545072799312
            ],
            [
              -75.75506884499993,
              6.097919608800494
            ],
            [
              -75.7551933229999,
              6.095268230800593
            ],
            [
              -75.75419387199992,
              6.092544538800658
            ],
            [
              -75.7538190599999,
              6.07243429680132
            ],
            [
              -75.7538985409999,
              6.071379075801356
            ],
            [
              -75.75548934599993,
              6.050259050802015
            ],
            [
              -75.75561450399994,
              6.035073875802509
            ],
            [
              -75.7559843279999,
              6.033240049802577
            ],
            [
              -75.74894080699994,
              6.0156312458031245
            ],
            [
              -75.73942296299992,
              6.000878587803634
            ],
            [
              -75.7290741029999,
              5.983703006804181
            ],
            [
              -75.71421365899994,
              5.977212777804384
            ],
            [
              -75.70194327399992,
              5.973012605804487
            ],
            [
              -75.69274296299994,
              5.972882511804511
            ],
            [
              -75.69013284499994,
              5.975002508804474
            ],
            [
              -75.68985283099994,
              5.975772517804392
            ],
            [
              -75.69386286499991,
              5.985712672804107
            ],
            [
              -75.70526289999992,
              6.021793209802925
            ],
            [
              -75.70776286599994,
              6.03356336780253
            ],
            [
              -75.71182284699995,
              6.0489535928020715
            ],
            [
              -75.71403663299992,
              6.0680638488014305
            ],
            [
              -75.7199113819999,
              6.094153458800567
            ],
            [
              -75.72609798099995,
              6.112237362800026
            ],
            [
              -75.73418814899992,
              6.129845373799449
            ],
            [
              -75.73704350199995,
              6.145549816798945
            ],
            [
              -75.73704350199995,
              6.1645855047983105
            ],
            [
              -75.73704350199995,
              6.172199779798096
            ],
            [
              -75.74370599299994,
              6.1826694087977625
            ],
            [
              -75.7470372379999,
              6.1902836837974995
            ],
            [
              -75.74608545399991,
              6.2045604497970634
            ],
            [
              -75.7467923289999,
              6.217325939796645
            ],
            [
              -75.74917230299991,
              6.22796108979629
            ],
            [
              -75.75260216999993,
              6.252736427795476
            ],
            [
              -75.7542721609999,
              6.258846511795273
            ],
            [
              -75.75134200899993,
              6.26414654579512
            ],
            [
              -75.74809199399994,
              6.254676397795436
            ],
            [
              -75.7444519579999,
              6.245796254795723
            ],
            [
              -75.74279803299993,
              6.253327069795469
            ],
            [
              -75.74539183799993,
              6.260746448795231
            ],
            [
              -75.74916177999995,
              6.278266695794665
            ],
            [
              -75.74928164199991,
              6.292336864794189
            ],
            [
              -75.75831189299993,
              6.298627038794002
            ],
            [
              -75.76166187299992,
              6.3112472277936105
            ],
            [
              -75.76307180599991,
              6.322377371793243
            ]
          ]
        ]
      }
    },
    {
      "type": "Feature",
      "properties": {
        "SimboloUC": "T-Pu",
        "Descripcion": "Dunitas, serpentinitas y esquistos talcosos.",
        "Edad": "Triásico"
      },
      "geometry": {
        "type": "Polygon",
        "coordinates": [
          [
            [
              -75.50114013699994,
              6.170059616798137
            ],
            [
              -75.50503819699992,
              6.1776960157979275
            ],
            [
              -75.5053831319999,
              6.183838416797703
            ],
            [
              -75.50574968699993,
              6.201429885797159
            ],
            [
              -75.50487622799994,
              6.206136522796974
            ],
            [
              -75.50750422499993,
              6.212826367796745
            ],
            [
              -75.51266769599994,
              6.221859035796491
            ],
            [
              -75.51888701999991,
              6.228782207796235
            ],
            [
              -75.51663825899993,
              6.2449559167957585
            ],
            [
              -75.51203944199995,
              6.252367278795489
            ],
            [
              -75.51450323299991,
              6.2679441107950105
            ],
            [
              -75.5197629409999,
              6.2805140657946055
            ],
            [
              -75.52387113399993,
              6.295606219794125
            ],
            [
              -75.52906024299995,
              6.310379472793641
            ],
            [
              -75.53266241599994,
              6.328624588793054
            ],
            [
              -75.53509558299993,
              6.349894092792345
            ],
            [
              -75.53908230699994,
              6.3593237587920575
            ],
            [
              -75.55005175999992,
              6.381002819791347
            ],
            [
              -75.56159991899995,
              6.404903068790585
            ],
            [
              -75.57237412299992,
              6.425266622789958
            ],
            [
              -75.58139412399993,
              6.454627069789003
            ],
            [
              -75.58814424499991,
              6.465827273788621
            ],
            [
              -75.59026430499995,
              6.466707307788624
            ],
            [
              -75.58209739199992,
              6.439695334789477
            ],
            [
              -75.57328432299994,
              6.409876442790457
            ],
            [
              -75.57010543599995,
              6.396665844790878
            ],
            [
              -75.56944039599995,
              6.391936178791029
            ],
            [
              -75.5698125049999,
              6.377721839791449
            ],
            [
              -75.56951482099993,
              6.3702053577917255
            ],
            [
              -75.56866235699994,
              6.364567437791882
            ],
            [
              -75.56634314799993,
              6.362262229791958
            ],
            [
              -75.55787319399991,
              6.358499132792084
            ],
            [
              -75.5494786349999,
              6.356784940792137
            ],
            [
              -75.54770527099993,
              6.34998061579233
            ],
            [
              -75.54576730899993,
              6.345027735792532
            ],
            [
              -75.54639546999994,
              6.344041601792547
            ],
            [
              -75.5461667109999,
              6.343880124792546
            ],
            [
              -75.54473903399992,
              6.339240175792734
            ],
            [
              -75.54545287199994,
              6.333529469792917
            ],
            [
              -75.54723746799993,
              6.329960277792985
            ],
            [
              -75.54993636199993,
              6.324751366793199
            ],
            [
              -75.54688083299993,
              6.314367480793531
            ],
            [
              -75.5450341479999,
              6.304000693793856
            ],
            [
              -75.54547556299991,
              6.296083809794116
            ],
            [
              -75.5444184879999,
              6.285306145794412
            ],
            [
              -75.5445947739999,
              6.263112036795132
            ],
            [
              -75.5428404619999,
              6.24955057979559
            ],
            [
              -75.54081292299992,
              6.239659732795901
            ],
            [
              -75.54116984299992,
              6.2325213497961425
            ],
            [
              -75.54132707999992,
              6.225540915796359
            ],
            [
              -75.54479967799995,
              6.217613131796612
            ],
            [
              -75.5445414319999,
              6.215281634796683
            ],
            [
              -75.54571214299995,
              6.213161771796795
            ],
            [
              -75.54795783199995,
              6.2105451597968235
            ],
            [
              -75.55180384399995,
              6.205398055797043
            ],
            [
              -75.55238198099994,
              6.201406768797148
            ],
            [
              -75.55149902699992,
              6.19612334579734
            ],
            [
              -75.54901201599995,
              6.186263086797603
            ],
            [
              -75.54723746799993,
              6.182552668797757
            ],
            [
              -75.54754306099994,
              6.1817717077977505
            ],
            [
              -75.54178117799995,
              6.179354565797875
            ],
            [
              -75.53587572499993,
              6.178034239797881
            ],
            [
              -75.5266979889999,
              6.176414181797973
            ],
            [
              -75.51444322099991,
              6.173547487798031
            ],
            [
              -75.51000809899995,
              6.168113793798227
            ],
            [
              -75.50577585699995,
              6.161704350798436
            ],
            [
              -75.5033934619999,
              6.1542137307986815
            ],
            [
              -75.50114013699994,
              6.170059616798137
            ]
          ]
        ]
      }
    },
    {
      "type": "Feature",
      "properties": {
        "SimboloUC": "K1-Pm",
        "Descripcion": "Gabros bandeados isotrópicos y dioritas",
        "Edad": "Cretácico Inferior"
      },
      "geometry": {
        "type": "Polygon",
        "coordinates": [
          [
            [
              -75.75287108499992,
              6.357587692792135
            ],
            [
              -75.74967122299995,
              6.333727369792897
            ],
            [
              -75.74991134299995,
              6.323547247793212
            ],
            [
              -75.75521158299995,
              6.318307240793378
            ],
            [
              -75.75447170299992,
              6.30415705879386
            ],
            [
              -75.74928164199991,
              6.292336864794189
            ],
            [
              -75.74916177999995,
              6.278266695794665
            ],
            [
              -75.74539183799993,
              6.260746448795231
            ],
            [
              -75.74279803299993,
              6.253327069795469
            ],
            [
              -75.73572178799992,
              6.233086018796101
            ],
            [
              -75.72732168699991,
              6.2144657037967335
            ],
            [
              -75.7167216069999,
              6.186855269797625
            ],
            [
              -75.71282173799995,
              6.160364917798481
            ],
            [
              -75.70682176399993,
              6.1376145797991795
            ],
            [
              -75.70162174899991,
              6.121554337799712
            ],
            [
              -75.6958031989999,
              6.112270623800022
            ],
            [
              -75.69395151099991,
              6.119314235799819
            ],
            [
              -75.69811133099995,
              6.151044653798786
            ],
            [
              -75.70872135899992,
              6.183535145797708
            ],
            [
              -75.72432150299994,
              6.222325764796451
            ],
            [
              -75.7282415169999,
              6.234145949796104
            ],
            [
              -75.73730156599993,
              6.260016351795285
            ],
            [
              -75.73799142699994,
              6.275116546794741
            ],
            [
              -75.74129139699994,
              6.2888667447943245
            ],
            [
              -75.74098120899993,
              6.306586947793766
            ],
            [
              -75.73525085599994,
              6.3212170717933045
            ],
            [
              -75.73026060599994,
              6.3286171057930645
            ],
            [
              -75.73375057899995,
              6.343087321792602
            ],
            [
              -75.73706056599991,
              6.355307499792162
            ],
            [
              -75.74095071999994,
              6.353327513792243
            ],
            [
              -75.74278086699991,
              6.345467443792508
            ],
            [
              -75.75287108499992,
              6.357587692792135
            ]
          ]
        ]
      }
    },
    {
      "type": "Feature",
      "properties": {
        "SimboloUC": "K2-Pm",
        "Descripcion": "Gabros que varían de olivínicos a cuarzogabros, a través de noritas y gabros hornbléndicos; metagabros.",
        "Edad": "Cretácico Superior"
      },
      "geometry": {
        "type": "Polygon",
        "coordinates": [
          [
            [
              -75.75588582799992,
              6.50993921678722
            ],
            [
              -75.74188558399993,
              6.514728773787046
            ],
            [
              -75.74445904499993,
              6.524599649786765
            ],
            [
              -75.7444682819999,
              6.524692304786772
            ],
            [
              -75.75303047499995,
              6.52564365878673
            ],
            [
              -75.76112064199992,
              6.533733826786434
            ],
            [
              -75.76540367199993,
              6.544203454786106
            ],
            [
              -75.76873491799995,
              6.560859681785569
            ],
            [
              -75.7734938399999,
              6.5832266157848425
            ],
            [
              -75.77492151599995,
              6.589889106784675
            ],
            [
              -75.77686269399993,
              6.600080291784341
            ],
            [
              -75.78283946699992,
              6.610611118783977
            ],
            [
              -75.79141973399993,
              6.613651251783895
            ],
            [
              -75.80108449599993,
              6.620268565783661
            ],
            [
              -75.79919201799993,
              6.607021225784117
            ],
            [
              -75.79213873499992,
              6.596441300784452
            ],
            [
              -75.79157963499995,
              6.595602650784497
            ],
            [
              -75.79157774299995,
              6.595599812784498
            ],
            [
              -75.79157963299991,
              6.595598552784459
            ],
            [
              -75.79157774299995,
              6.591792674784602
            ],
            [
              -75.78396346799991,
              6.587033752784746
            ],
            [
              -75.7792045459999,
              6.574184663785176
            ],
            [
              -75.77539740799995,
              6.559907897785607
            ],
            [
              -75.77159027099992,
              6.5456311317860445
            ],
            [
              -75.77111437899993,
              6.5251677667867485
            ],
            [
              -75.76968670199994,
              6.50993921678722
            ],
            [
              -75.75588582799992,
              6.50993921678722
            ]
          ]
        ]
      }
    },
    {
      "type": "Feature",
      "properties": {
        "SimboloUC": "K1-Pu",
        "Descripcion": "Peridotitas serpentinizadas intruidas por diques de rodingitas; serpentinitas.",
        "Edad": "Cretácico Inferior"
      },
      "geometry": {
        "type": "Polygon",
        "coordinates": [
          [
            [
              -75.7142127159999,
              6.069583860801394
            ],
            [
              -75.7139225329999,
              6.086574056800842
            ],
            [
              -75.71382246999991,
              6.093024131800608
            ],
            [
              -75.7186824719999,
              6.10892436580011
            ],
            [
              -75.71478222099995,
              6.120604458799729
            ],
            [
              -75.71150200499994,
              6.130174543799425
            ],
            [
              -75.71630207099992,
              6.1394647047991535
            ],
            [
              -75.72500216499992,
              6.160165032798465
            ],
            [
              -75.73249219199994,
              6.183025387797759
            ],
            [
              -75.74080233599994,
              6.196325627797313
            ],
            [
              -75.73815216199995,
              6.205135702797008
            ],
            [
              -75.74097994999994,
              6.2130696237967715
            ],
            [
              -75.74309218699995,
              6.218995925796558
            ],
            [
              -75.74340206999995,
              6.231316076796201
            ],
            [
              -75.7444519579999,
              6.245796254795723
            ],
            [
              -75.74809199399994,
              6.254676397795436
            ],
            [
              -75.75134200899993,
              6.26414654579512
            ],
            [
              -75.7542721609999,
              6.258846511795273
            ],
            [
              -75.75260216999993,
              6.252736427795476
            ],
            [
              -75.74917230299991,
              6.22796108979629
            ],
            [
              -75.7467923289999,
              6.217325939796645
            ],
            [
              -75.74608545399991,
              6.2045604497970634
            ],
            [
              -75.7470372379999,
              6.1902836837974995
            ],
            [
              -75.74370599299994,
              6.1826694087977625
            ],
            [
              -75.73704350199995,
              6.172199779798096
            ],
            [
              -75.73704350199995,
              6.1645855047983105
            ],
            [
              -75.73704350199995,
              6.145549816798945
            ],
            [
              -75.73418814899992,
              6.129845373799449
            ],
            [
              -75.72609798099995,
              6.112237362800026
            ],
            [
              -75.7199113819999,
              6.094153458800567
            ],
            [
              -75.71403663299992,
              6.0680638488014305
            ],
            [
              -75.7142127159999,
              6.069583860801394
            ]
          ]
        ]
      }
    },
    {
      "type": "Feature",
      "properties": {
        "SimboloUC": "K2-Pi",
        "Descripcion": "Granodioritas, tonalitas y cuarzodioritas.",
        "Edad": "Cretácico Superior"
      },
      "geometry": {
        "type": "Polygon",
        "coordinates": [
          [
            [
              -75.60382776999995,
              6.179934023797857
            ],
            [
              -75.60187762599992,
              6.187884096797562
            ],
            [
              -75.59236708199995,
              6.208104229796919
            ],
            [
              -75.60427744899994,
              6.212694414796754
            ],
            [
              -75.61129758499993,
              6.2227046027964565
            ],
            [
              -75.62112774099995,
              6.2409649267958525
            ],
            [
              -75.62476772399992,
              6.254235118795423
            ],
            [
              -75.61407727799991,
              6.2616750917952135
            ],
            [
              -75.60499691799993,
              6.2659150497950495
            ],
            [
              -75.59985667699993,
              6.272395073794876
            ],
            [
              -75.60590686699993,
              6.2742251577948265
            ],
            [
              -75.61095703399991,
              6.2751252247947695
            ],
            [
              -75.62866763399995,
              6.2758254167947625
            ],
            [
              -75.64031826999991,
              6.278478534794688
            ],
            [
              -75.6478982459999,
              6.280815674794564
            ],
            [
              -75.6503982399999,
              6.2903458117942685
            ],
            [
              -75.65681894699992,
              6.3031389947938425
            ],
            [
              -75.65704833299992,
              6.303596042793871
            ],
            [
              -75.65865830299992,
              6.31115614779361
            ],
            [
              -75.65892279199994,
              6.318511578793385
            ],
            [
              -75.66011252299995,
              6.325649961793135
            ],
            [
              -75.66606117499992,
              6.3250550967931725
            ],
            [
              -75.6717786289999,
              6.324146442793205
            ],
            [
              -75.67452886599995,
              6.310156304793654
            ],
            [
              -75.67213888899994,
              6.299766156793988
            ],
            [
              -75.67563916499995,
              6.285096012794429
            ],
            [
              -75.67981948499994,
              6.267995852794993
            ],
            [
              -75.67924962899991,
              6.252445665795519
            ],
            [
              -75.6818398769999,
              6.237205503796012
            ],
            [
              -75.6713696889999,
              6.220565201796505
            ],
            [
              -75.67026974599992,
              6.211315078796843
            ],
            [
              -75.66348968499994,
              6.194464803797367
            ],
            [
              -75.63471884699993,
              6.179564331797815
            ],
            [
              -75.62731863399995,
              6.175024200797968
            ],
            [
              -75.60382776999995,
              6.179934023797857
            ]
          ]
        ]
      }
    },
    {
      "type": "Feature",
      "properties": {
        "SimboloUC": "K2-Pi",
        "Descripcion": "Granodioritas, tonalitas y cuarzodioritas.",
        "Edad": "Cretácico Superior"
      },
      "geometry": {
        "type": "Polygon",
        "coordinates": [
          [
            [
              -75.58971454499994,
              6.442447009789405
            ],
            [
              -75.59222459999995,
              6.445757077789258
            ],
            [
              -75.60494486999994,
              6.461817409788739
            ],
            [
              -75.61103502499992,
              6.467057533788581
            ],
            [
              -75.62956556299991,
              6.4769778547883
            ],
            [
              -75.64170524299993,
              6.478552858788203
            ],
            [
              -75.64892628699994,
              6.4717279917884545
            ],
            [
              -75.6543765099999,
              6.468348008788557
            ],
            [
              -75.66657701499992,
              6.460488037788794
            ],
            [
              -75.6723672949999,
              6.452928004789031
            ],
            [
              -75.67083734699992,
              6.4433378787893645
            ],
            [
              -75.66739751799992,
              6.415297496790231
            ],
            [
              -75.65860738599991,
              6.398847205790811
            ],
            [
              -75.65239720699992,
              6.395777105790906
            ],
            [
              -75.65129721999995,
              6.391037037791069
            ],
            [
              -75.6547674389999,
              6.381396955791344
            ],
            [
              -75.65243744199995,
              6.373506836791635
            ],
            [
              -75.64649731499992,
              6.366116684791844
            ],
            [
              -75.6395471749999,
              6.356136491792174
            ],
            [
              -75.62636680599991,
              6.34761624979242
            ],
            [
              -75.62049664799991,
              6.343386136792546
            ],
            [
              -75.62251674299995,
              6.340936134792643
            ],
            [
              -75.63337723099994,
              6.330786123792949
            ],
            [
              -75.62988714199992,
              6.327666050793065
            ],
            [
              -75.6206330199999,
              6.328638491793023
            ],
            [
              -75.60710634199995,
              6.32837581879308
            ],
            [
              -75.58966570399991,
              6.332025682792914
            ],
            [
              -75.58640556499995,
              6.3346356747928665
            ],
            [
              -75.5732925659999,
              6.334600226792852
            ],
            [
              -75.57614791899994,
              6.335670983792806
            ],
            [
              -75.5772186769999,
              6.3431662867925995
            ],
            [
              -75.57650483899994,
              6.352089264792304
            ],
            [
              -75.56900953599995,
              6.353160022792236
            ],
            [
              -75.56080039599993,
              6.350661588792354
            ],
            [
              -75.55223433599991,
              6.348163154792416
            ],
            [
              -75.54639546999994,
              6.344041601792547
            ],
            [
              -75.54576730899993,
              6.345027735792532
            ],
            [
              -75.54770527099993,
              6.34998061579233
            ],
            [
              -75.5494786349999,
              6.356784940792137
            ],
            [
              -75.55787319399991,
              6.358499132792084
            ],
            [
              -75.56634314799993,
              6.362262229791958
            ],
            [
              -75.56866235699994,
              6.364567437791882
            ],
            [
              -75.57368216899994,
              6.369556944791722
            ],
            [
              -75.57534474399995,
              6.376556060791528
            ],
            [
              -75.57440457599995,
              6.389116205791078
            ],
            [
              -75.56944039599995,
              6.391936178791029
            ],
            [
              -75.57010543599995,
              6.396665844790878
            ],
            [
              -75.57854457899992,
              6.402596414790665
            ],
            [
              -75.58333457499992,
              6.418406655790158
            ],
            [
              -75.58886461299994,
              6.432966882789695
            ],
            [
              -75.58971454499994,
              6.442447009789405
            ]
          ]
        ]
      }
    },
    {
      "type": "Feature",
      "properties": {
        "SimboloUC": "K2-Pi",
        "Descripcion": "Granodioritas, tonalitas y cuarzodioritas.",
        "Edad": "Cretácico Superior"
      },
      "geometry": {
        "type": "Polygon",
        "coordinates": [
          [
            [
              -75.67959827399994,
              6.383897245791267
            ],
            [
              -75.67161787499992,
              6.395807306790861
            ],
            [
              -75.6755977439999,
              6.421357657790088
            ],
            [
              -75.67766770499992,
              6.431297803789728
            ],
            [
              -75.67499753499993,
              6.439087867789487
            ],
            [
              -75.67729752699995,
              6.4474479947892265
            ],
            [
              -75.68170751899993,
              6.462378218788756
            ],
            [
              -75.68038738199994,
              6.4716183167884775
            ],
            [
              -75.67547716299993,
              6.4756683177883465
            ],
            [
              -75.66793687499995,
              6.478678275788196
            ],
            [
              -75.66057660099995,
              6.480248215788174
            ],
            [
              -75.6554763979999,
              6.482908199788074
            ],
            [
              -75.65138621599993,
              6.486888203787975
            ],
            [
              -75.65294622999994,
              6.490138253787832
            ],
            [
              -75.65305050099994,
              6.490245962787852
            ],
            [
              -75.66128651299994,
              6.4912083637877975
            ],
            [
              -75.6843372109999,
              6.500448712787541
            ],
            [
              -75.69677780899991,
              6.484398648788042
            ],
            [
              -75.70129804099992,
              6.477398616788265
            ],
            [
              -75.69908816799995,
              6.458478353788889
            ],
            [
              -75.69640815199995,
              6.45120824278909
            ],
            [
              -75.69843838899993,
              6.434918067789619
            ],
            [
              -75.69608850399993,
              6.416097805790207
            ],
            [
              -75.69367866599993,
              6.393067508790957
            ],
            [
              -75.6945188329999,
              6.3800473537913875
            ],
            [
              -75.6926860069999,
              6.370965184791667
            ],
            [
              -75.67959827399994,
              6.383897245791267
            ]
          ]
        ]
      }
    },
    {
      "type": "Feature",
      "properties": {
        "SimboloUC": "K2-Pi",
        "Descripcion": "Granodioritas, tonalitas y cuarzodioritas.",
        "Edad": "Cretácico Superior"
      },
      "geometry": {
        "type": "Polygon",
        "coordinates": [
          [
            [
              -75.5662410029999,
              6.475962979788324
            ],
            [
              -75.56382464699993,
              6.485059492788001
            ],
            [
              -75.57508337899992,
              6.504647608787402
            ],
            [
              -75.59928395599991,
              6.529508169786567
            ],
            [
              -75.60437429099994,
              6.535298233786375
            ],
            [
              -75.60687996799993,
              6.538148078786301
            ],
            [
              -75.62483453099992,
              6.558568794785632
            ],
            [
              -75.63913478499995,
              6.581579230784945
            ],
            [
              -75.66117526499994,
              6.607799787784091
            ],
            [
              -75.67423558399992,
              6.620560086783662
            ],
            [
              -75.69161592699993,
              6.644900576782869
            ],
            [
              -75.69750594699991,
              6.6624308587822965
            ],
            [
              -75.70273604599993,
              6.669911003782102
            ],
            [
              -75.70481624799993,
              6.658320886782444
            ],
            [
              -75.70201633399995,
              6.640890632783031
            ],
            [
              -75.69506622199992,
              6.629120420783361
            ],
            [
              -75.6876461459999,
              6.61133011278396
            ],
            [
              -75.67669595299992,
              6.594449789784496
            ],
            [
              -75.66616572099991,
              6.582069522784925
            ],
            [
              -75.64565519799993,
              6.563809081785516
            ],
            [
              -75.61912456099992,
              6.5370184717863395
            ],
            [
              -75.60287425299992,
              6.513308014787101
            ],
            [
              -75.59545413299992,
              6.500087769787519
            ],
            [
              -75.59153872399992,
              6.492948067787785
            ],
            [
              -75.58661400099993,
              6.483967483788047
            ],
            [
              -75.56896446899992,
              6.469315284788513
            ],
            [
              -75.5662410029999,
              6.475962979788324
            ]
          ]
        ]
      }
    },
    {
      "type": "Feature",
      "properties": {
        "SimboloUC": "Q-al",
        "Descripcion": "Depósitos aluviales y de llanuras aluviales",
        "Edad": "Cuaternario"
      },
      "geometry": {
        "type": "Polygon",
        "coordinates": [
          [
            [
              -75.56227727499993,
              6.267355974795001
            ],
            [
              -75.56387682199994,
              6.276266384794708
            ],
            [
              -75.5670821729999,
              6.2844126347944815
            ],
            [
              -75.57029444499994,
              6.284412634794489
            ],
            [
              -75.5736856719999,
              6.2818049177945845
            ],
            [
              -75.57592580099993,
              6.27717488379473
            ],
            [
              -75.57810596699994,
              6.268534806794954
            ],
            [
              -75.57992609799993,
              6.2622147447951715
            ],
            [
              -75.58705631299995,
              6.264944850795078
            ],
            [
              -75.5958766199999,
              6.264844940795126
            ],
            [
              -75.59933676799994,
              6.261634945795213
            ],
            [
              -75.59745674699991,
              6.257914878795314
            ],
            [
              -75.59345663899995,
              6.254984798795409
            ],
            [
              -75.58890654599992,
              6.248864683795619
            ],
            [
              -75.58781657599991,
              6.241934585795842
            ],
            [
              -75.58937676999994,
              6.228064436796274
            ],
            [
              -75.58986694399994,
              6.213654273796761
            ],
            [
              -75.59236708199995,
              6.208104229796919
            ],
            [
              -75.60187762599992,
              6.187884096797562
            ],
            [
              -75.60382776999995,
              6.179934023797857
            ],
            [
              -75.60786800599993,
              6.1707139497981185
            ],
            [
              -75.61310823799994,
              6.1660139547982595
            ],
            [
              -75.61977851699993,
              6.161123966798413
            ],
            [
              -75.62406869999995,
              6.158043966798557
            ],
            [
              -75.63495908399995,
              6.156674062798602
            ],
            [
              -75.64067931299991,
              6.153984093798669
            ],
            [
              -75.64159939399991,
              6.148824045798845
            ],
            [
              -75.64125293199993,
              6.147917930798851
            ],
            [
              -75.63967952799993,
              6.149716106798819
            ],
            [
              -75.6293288729999,
              6.149359187798813
            ],
            [
              -75.6181106599999,
              6.150797419798763
            ],
            [
              -75.60714810499991,
              6.158803806798527
            ],
            [
              -75.59267752999995,
              6.166373748798264
            ],
            [
              -75.58775724199995,
              6.1773938217979065
            ],
            [
              -75.58502707299994,
              6.184753880797675
            ],
            [
              -75.5819268969999,
              6.19136392679746
            ],
            [
              -75.57812671799991,
              6.1962239477973124
            ],
            [
              -75.5752065289999,
              6.204894019797008
            ],
            [
              -75.57600649599993,
              6.210314094796851
            ],
            [
              -75.57445639999992,
              6.214924131796723
            ],
            [
              -75.57054615899995,
              6.224314194796429
            ],
            [
              -75.56853600799991,
              6.2327687517961525
            ],
            [
              -75.56865261699994,
              6.2332351877960885
            ],
            [
              -75.56900953599995,
              6.238945894795954
            ],
            [
              -75.56651110199994,
              6.244656600795775
            ],
            [
              -75.56222807299991,
              6.244656600795775
            ],
            [
              -75.56191017099991,
              6.244259223795774
            ],
            [
              -75.55922995199995,
              6.246936124795663
            ],
            [
              -75.55922995199995,
              6.2501483967955975
            ],
            [
              -75.56120651899994,
              6.254268939795467
            ],
            [
              -75.56311009399991,
              6.261288348795184
            ],
            [
              -75.56227727499993,
              6.267355974795001
            ]
          ]
        ]
      }
    },
    {
      "type": "Feature",
      "properties": {
        "SimboloUC": "T-Mmg",
        "Descripcion": "Gneises cuarzofeldespáticos algunos con sillimanita, cordierita y hornblenda; anfibolitas; migmatitas; esquistos, y mármoles.",
        "Edad": "Triásico"
      },
      "geometry": {
        "type": "Polygon",
        "coordinates": [
          [
            [
              -75.56951482099993,
              6.3702053577917255
            ],
            [
              -75.5698125049999,
              6.377721839791449
            ],
            [
              -75.56944039599995,
              6.391936178791029
            ],
            [
              -75.57440457599995,
              6.389116205791078
            ],
            [
              -75.57534474399995,
              6.376556060791528
            ],
            [
              -75.57368216899994,
              6.369556944791722
            ],
            [
              -75.56866235699994,
              6.364567437791882
            ],
            [
              -75.56951482099993,
              6.3702053577917255
            ]
          ]
        ]
      }
    },
    {
      "type": "Feature",
      "properties": {
        "SimboloUC": "T-Mmg",
        "Descripcion": "Gneises cuarzofeldespáticos algunos con sillimanita, cordierita y hornblenda; anfibolitas; migmatitas; esquistos, y mármoles.",
        "Edad": "Triásico"
      },
      "geometry": {
        "type": "Polygon",
        "coordinates": [
          [
            [
              -75.57328432299994,
              6.409876442790457
            ],
            [
              -75.58209739199992,
              6.439695334789477
            ],
            [
              -75.59026430499995,
              6.466707307788624
            ],
            [
              -75.5993022479999,
              6.471835644788433
            ],
            [
              -75.59952456999991,
              6.471967473788425
            ],
            [
              -75.59942859599994,
              6.471774429788418
            ],
            [
              -75.59338449499995,
              6.4596172557888325
            ],
            [
              -75.58971454499994,
              6.442447009789405
            ],
            [
              -75.58886461299994,
              6.432966882789695
            ],
            [
              -75.58333457499992,
              6.418406655790158
            ],
            [
              -75.57854457899992,
              6.402596414790665
            ],
            [
              -75.57010543599995,
              6.396665844790878
            ],
            [
              -75.57328432299994,
              6.409876442790457
            ]
          ]
        ]
      }
    },
    {
      "type": "Feature",
      "properties": {
        "SimboloUC": "T-Mag",
        "Descripcion": "Gneises cuarzofeldespáticos, algunos con sillimanita y cordierita; metatonalitas; anfibolitas; granulitas, y migmatitas.",
        "Edad": "Triásico"
      },
      "geometry": {
        "type": "Polygon",
        "coordinates": [
          [
            [
              -75.46819346899991,
              6.402952560790655
            ],
            [
              -75.4614322239999,
              6.412814903790346
            ],
            [
              -75.46294640299993,
              6.4236666827900075
            ],
            [
              -75.47013085799995,
              6.431178582789759
            ],
            [
              -75.48136482899992,
              6.443042092789386
            ],
            [
              -75.48829392599993,
              6.4582946967888555
            ],
            [
              -75.49245971699992,
              6.461174754788782
            ],
            [
              -75.50515349499994,
              6.471274037788441
            ],
            [
              -75.5228151899999,
              6.478619728788225
            ],
            [
              -75.5208193599999,
              6.486296741788004
            ],
            [
              -75.53011639499994,
              6.49455957978769
            ],
            [
              -75.54329965499994,
              6.519614459786912
            ],
            [
              -75.5588307989999,
              6.537084361786364
            ],
            [
              -75.57195275899994,
              6.55315817078583
            ],
            [
              -75.5821125299999,
              6.585557792784802
            ],
            [
              -75.5905127659999,
              6.612669096783886
            ],
            [
              -75.60240290699994,
              6.638129543783074
            ],
            [
              -75.6142932059999,
              6.648659792782792
            ],
            [
              -75.62110333399994,
              6.659149995782413
            ],
            [
              -75.6334734639999,
              6.686770472781555
            ],
            [
              -75.64246360999994,
              6.701870761781045
            ],
            [
              -75.65707411499994,
              6.702100919781064
            ],
            [
              -75.66309420199991,
              6.713801134780649
            ],
            [
              -75.66708100499994,
              6.722835802780383
            ],
            [
              -75.6684202909999,
              6.704574119780981
            ],
            [
              -75.66416308399994,
              6.6943103617813
            ],
            [
              -75.65133936199993,
              6.675205399781884
            ],
            [
              -75.6435724609999,
              6.661531027782355
            ],
            [
              -75.63826603599995,
              6.649914404782721
            ],
            [
              -75.63037022399993,
              6.6412604987829935
            ],
            [
              -75.62068759899995,
              6.622543248783586
            ],
            [
              -75.61409462799992,
              6.609440012783995
            ],
            [
              -75.60519145599994,
              6.597921755784386
            ],
            [
              -75.59842396199991,
              6.580630212784946
            ],
            [
              -75.59812646599994,
              6.579870045784959
            ],
            [
              -75.59520029599992,
              6.566233821785419
            ],
            [
              -75.5861225459999,
              6.545462670786063
            ],
            [
              -75.5815493039999,
              6.538098186786307
            ],
            [
              -75.57158995099991,
              6.532560169786492
            ],
            [
              -75.56784615499993,
              6.527060491786693
            ],
            [
              -75.56373482399994,
              6.516789695786982
            ],
            [
              -75.55728860699992,
              6.510236872787198
            ],
            [
              -75.54468763699992,
              6.493151454787785
            ],
            [
              -75.53200954699992,
              6.476727899788295
            ],
            [
              -75.51912938899994,
              6.4638378167887
            ],
            [
              -75.5099698649999,
              6.453569650789028
            ],
            [
              -75.5009097489999,
              6.448633880789208
            ],
            [
              -75.49184978399995,
              6.443697910789353
            ],
            [
              -75.47999136399994,
              6.423133238789983
            ],
            [
              -75.48008678999992,
              6.411975479790382
            ],
            [
              -75.4760550229999,
              6.406274392790529
            ],
            [
              -75.4685092169999,
              6.400980211790752
            ],
            [
              -75.46819346899991,
              6.402952560790655
            ]
          ]
        ]
      }
    },
    {
      "type": "Feature",
      "properties": {
        "SimboloUC": "E1-Mbg",
        "Descripcion": "Esquistos actinolíticos, cloríticos,cuarzosericíticos y grafíticos.",
        "Edad": "Paleoceno"
      },
      "geometry": {
        "type": "Polygon",
        "coordinates": [
          [
            [
              -75.80005154699995,
              6.470219567788495
            ],
            [
              -75.80055150399994,
              6.475769638788332
            ],
            [
              -75.80198143399991,
              6.487949805787934
            ],
            [
              -75.80390147499992,
              6.4902198477878255
            ],
            [
              -75.81081170199991,
              6.490919931787819
            ],
            [
              -75.81661187299994,
              6.494440034787734
            ],
            [
              -75.82096408699994,
              6.494353746787704
            ],
            [
              -75.82239176299993,
              6.488999959787882
            ],
            [
              -75.82313938199991,
              6.486570196787947
            ],
            [
              -75.82333090599991,
              6.468125052788545
            ],
            [
              -75.8234625209999,
              6.455449559788994
            ],
            [
              -75.82462271599991,
              6.439999451789458
            ],
            [
              -75.8283229839999,
              6.427159327789887
            ],
            [
              -75.83337337599994,
              6.406089127790565
            ],
            [
              -75.83423917399995,
              6.394640566790929
            ],
            [
              -75.83097272499992,
              6.396682096790849
            ],
            [
              -75.83011767399995,
              6.39513112979088
            ],
            [
              -75.82794192799992,
              6.389491108791083
            ],
            [
              -75.83478376199992,
              6.3664477177918455
            ],
            [
              -75.83517232999992,
              6.346780779792471
            ],
            [
              -75.8264261949999,
              6.344105030792573
            ],
            [
              -75.8178163419999,
              6.330758701792998
            ],
            [
              -75.81545703499995,
              6.314198859793533
            ],
            [
              -75.81912534199995,
              6.294470559794179
            ],
            [
              -75.83039454399994,
              6.2836275987944825
            ],
            [
              -75.83135679599991,
              6.275827537794726
            ],
            [
              -75.8295309259999,
              6.26464085379509
            ],
            [
              -75.83677295099994,
              6.251014067795556
            ],
            [
              -75.8369215539999,
              6.236427207796016
            ],
            [
              -75.8270904769999,
              6.214268014796732
            ],
            [
              -75.8279422139999,
              6.20466283679703
            ],
            [
              -75.82587679199992,
              6.196893646797309
            ],
            [
              -75.82603743199991,
              6.1794567467978565
            ],
            [
              -75.82966664399993,
              6.160568895798476
            ],
            [
              -75.83158482599993,
              6.15071376279877
            ],
            [
              -75.83314747199995,
              6.137452099799215
            ],
            [
              -75.83098208399991,
              6.122236281799702
            ],
            [
              -75.8308356089999,
              6.121207028799719
            ],
            [
              -75.82492963999994,
              6.097300742800497
            ],
            [
              -75.8218007829999,
              6.081327068801004
            ],
            [
              -75.82092982199993,
              6.072394745801276
            ],
            [
              -75.82058072899991,
              6.072870890801311
            ],
            [
              -75.8109500299999,
              6.079598064801091
            ],
            [
              -75.80815571599993,
              6.094325107800605
            ],
            [
              -75.80473560599995,
              6.093585066800603
            ],
            [
              -75.80200558899992,
              6.086314946800851
            ],
            [
              -75.80167569199995,
              6.075264815801212
            ],
            [
              -75.79396540699992,
              6.076984756801138
            ],
            [
              -75.78896033599995,
              6.076877313801148
            ],
            [
              -75.78420141399994,
              6.072594283801272
            ],
            [
              -75.78372552199994,
              6.062124655801606
            ],
            [
              -75.77849070799994,
              6.0602210868016835
            ],
            [
              -75.7765871389999,
              6.067835361801421
            ],
            [
              -75.7765871389999,
              6.078304989801089
            ],
            [
              -75.77230410899995,
              6.084967480800916
            ],
            [
              -75.76783441299995,
              6.085484589800892
            ],
            [
              -75.76291414199994,
              6.095684662800527
            ],
            [
              -75.76277399599991,
              6.108854818800102
            ],
            [
              -75.76456380899992,
              6.13391512879931
            ],
            [
              -75.76110352499995,
              6.149695285798793
            ],
            [
              -75.76230336899994,
              6.1686355177982195
            ],
            [
              -75.7650432659999,
              6.18775577179758
            ],
            [
              -75.76315267299992,
              6.199736466797223
            ],
            [
              -75.76267303499992,
              6.202775935797112
            ],
            [
              -75.76244293099995,
              6.211866032796829
            ],
            [
              -75.76457293499993,
              6.218556137796581
            ],
            [
              -75.76593277799992,
              6.2382963907959486
            ],
            [
              -75.77380282799993,
              6.259926726795242
            ],
            [
              -75.77426267599992,
              6.276636936794748
            ],
            [
              -75.77102249799992,
              6.282516975794537
            ],
            [
              -75.77523252399993,
              6.294207156794165
            ],
            [
              -75.77556235899993,
              6.311317367793601
            ],
            [
              -75.77987237699995,
              6.32394756479322
            ],
            [
              -75.7856123329999,
              6.346977906792443
            ],
            [
              -75.79209240199992,
              6.36256815979197
            ],
            [
              -75.79913248999992,
              6.377528414791495
            ],
            [
              -75.80579260799993,
              6.387948611791135
            ],
            [
              -75.80752254799995,
              6.399998783790734
            ],
            [
              -75.80611243499993,
              6.406018834790547
            ],
            [
              -75.79980212099991,
              6.414548876790294
            ],
            [
              -75.79661195199992,
              6.4202989117901135
            ],
            [
              -75.7940517529999,
              6.431219021789727
            ],
            [
              -75.79541166799993,
              6.443449188789385
            ],
            [
              -75.80005154699995,
              6.470219567788495
            ]
          ]
        ]
      }
    },
    {
      "type": "Feature",
      "properties": {
        "SimboloUC": "E3-Sc",
        "Descripcion": "Arenitas conglomeráticas y conglomerados en la base y el techo; arenitas, arcillolitas y carbones en la parte media.",
        "Edad": "Oligoceno"
      },
      "geometry": {
        "type": "Polygon",
        "coordinates": [
          [
            [
              -75.70162174899991,
              6.121554337799712
            ],
            [
              -75.70682176399993,
              6.1376145797991795
            ],
            [
              -75.71282173799995,
              6.160364917798481
            ],
            [
              -75.7167216069999,
              6.186855269797625
            ],
            [
              -75.72732168699991,
              6.2144657037967335
            ],
            [
              -75.73572178799992,
              6.233086018796101
            ],
            [
              -75.74279803299993,
              6.253327069795469
            ],
            [
              -75.7444519579999,
              6.245796254795723
            ],
            [
              -75.74340206999995,
              6.231316076796201
            ],
            [
              -75.74309218699995,
              6.218995925796558
            ],
            [
              -75.74097994999994,
              6.2130696237967715
            ],
            [
              -75.73815216199995,
              6.205135702797008
            ],
            [
              -75.74080233599994,
              6.196325627797313
            ],
            [
              -75.73249219199994,
              6.183025387797759
            ],
            [
              -75.72500216499992,
              6.160165032798465
            ],
            [
              -75.71630207099992,
              6.1394647047991535
            ],
            [
              -75.71150200499994,
              6.130174543799425
            ],
            [
              -75.71478222099995,
              6.120604458799729
            ],
            [
              -75.7186824719999,
              6.10892436580011
            ],
            [
              -75.71382246999991,
              6.093024131800608
            ],
            [
              -75.7139225329999,
              6.086574056800842
            ],
            [
              -75.7142127159999,
              6.069583860801394
            ],
            [
              -75.71403663299992,
              6.0680638488014305
            ],
            [
              -75.71182284699995,
              6.0489535928020715
            ],
            [
              -75.70776286599994,
              6.03356336780253
            ],
            [
              -75.70526289999992,
              6.021793209802925
            ],
            [
              -75.69386286499991,
              5.985712672804107
            ],
            [
              -75.68985283099994,
              5.975772517804392
            ],
            [
              -75.69013284499994,
              5.975002508804474
            ],
            [
              -75.69274296299994,
              5.972882511804511
            ],
            [
              -75.70194327399992,
              5.973012605804487
            ],
            [
              -75.71421365899994,
              5.977212777804384
            ],
            [
              -75.7290741029999,
              5.983703006804181
            ],
            [
              -75.73942296299992,
              6.000878587803634
            ],
            [
              -75.74894080699994,
              6.0156312458031245
            ],
            [
              -75.7559843279999,
              6.033240049802577
            ],
            [
              -75.75655508199992,
              6.034666933802536
            ],
            [
              -75.76176739899995,
              6.042332105802267
            ],
            [
              -75.76231037299993,
              6.036902368802449
            ],
            [
              -75.7604068039999,
              6.020246141802988
            ],
            [
              -75.76326215699993,
              6.018342572803017
            ],
            [
              -75.7661175099999,
              6.029763985802706
            ],
            [
              -75.77420767799993,
              6.048323781802078
            ],
            [
              -75.78134606099991,
              6.050227350801998
            ],
            [
              -75.78595546199995,
              6.044284292802226
            ],
            [
              -75.78694560299994,
              6.033774174802556
            ],
            [
              -75.78977892899991,
              6.027777344802738
            ],
            [
              -75.78960575699995,
              6.027704132802721
            ],
            [
              -75.78472565999994,
              6.019983993803014
            ],
            [
              -75.77883554999994,
              6.010743823803306
            ],
            [
              -75.76972518699995,
              6.016193794803099
            ],
            [
              -75.76465507699993,
              6.008823656803337
            ],
            [
              -75.75909903899992,
              5.999216638803644
            ],
            [
              -75.7594550199999,
              5.998830992803675
            ],
            [
              -75.7656416179999,
              5.994072070803821
            ],
            [
              -75.77182821699995,
              5.9912167178039395
            ],
            [
              -75.78060579699991,
              5.992583634803883
            ],
            [
              -75.7836159169999,
              5.991543645803925
            ],
            [
              -75.79504634099993,
              5.988373724804029
            ],
            [
              -75.8025665959999,
              5.9891238088040115
            ],
            [
              -75.8044367089999,
              5.98369377180413
            ],
            [
              -75.8043168559999,
              5.969173600804641
            ],
            [
              -75.80276691199992,
              5.958273452804973
            ],
            [
              -75.80589705499995,
              5.955053450805106
            ],
            [
              -75.80959717099995,
              5.956263498805021
            ],
            [
              -75.81289845399994,
              5.984483542804137
            ],
            [
              -75.81443852899991,
              5.997467064803725
            ],
            [
              -75.8154494229999,
              6.005989347803447
            ],
            [
              -75.8158868129999,
              6.018615045803062
            ],
            [
              -75.82102033199993,
              6.041481284802316
            ],
            [
              -75.82106491399992,
              6.0416798648022745
            ],
            [
              -75.82421162499992,
              6.052650595801961
            ],
            [
              -75.83129840499993,
              6.072985720801281
            ],
            [
              -75.8323564829999,
              6.101455440800344
            ],
            [
              -75.83187726699992,
              6.108701160800124
            ],
            [
              -75.83706321499994,
              6.114637152799919
            ],
            [
              -75.83809178599995,
              6.100092208800429
            ],
            [
              -75.84230854399993,
              6.081977230800983
            ],
            [
              -75.83893227399994,
              6.070621168801343
            ],
            [
              -75.83736096299992,
              6.058403262801748
            ],
            [
              -75.83857783799994,
              6.0417187558023
            ],
            [
              -75.83083920199994,
              6.024524579802827
            ],
            [
              -75.82626718999995,
              6.01130431880329
            ],
            [
              -75.82179689799995,
              5.986457795804091
            ],
            [
              -75.82227278999994,
              5.976939951804377
            ],
            [
              -75.82512814299992,
              5.969801568804626
            ],
            [
              -75.8308388499999,
              5.965994430804732
            ],
            [
              -75.82988706499992,
              5.95124177280519
            ],
            [
              -75.82703171199995,
              5.945531065805388
            ],
            [
              -75.81941743699991,
              5.941248035805505
            ],
            [
              -75.81037548499995,
              5.944103389805439
            ],
            [
              -75.80228531799992,
              5.949814095805256
            ],
            [
              -75.78991211999994,
              5.954573017805108
            ],
            [
              -75.77983559199993,
              5.9554127408051
            ],
            [
              -75.77498596399994,
              5.957303163805002
            ],
            [
              -75.77662593699995,
              5.964893263804768
            ],
            [
              -75.77491584099994,
              5.969153298804644
            ],
            [
              -75.77049999999991,
              5.970609999804594
            ],
            [
              -75.76641556899995,
              5.966343180804727
            ],
            [
              -75.7686157309999,
              5.958643108804999
            ],
            [
              -75.77275590499994,
              5.9551831128051065
            ],
            [
              -75.77033586999994,
              5.950383037805208
            ],
            [
              -75.76654547899994,
              5.950083774805231
            ],
            [
              -75.76329670199993,
              5.949929065805225
            ],
            [
              -75.75858469199994,
              5.951968499805195
            ],
            [
              -75.75326842099992,
              5.956952478805015
            ],
            [
              -75.75041306799994,
              5.964566753804804
            ],
            [
              -75.74660592999993,
              5.966946214804701
            ],
            [
              -75.74137111599993,
              5.963139077804797
            ],
            [
              -75.73756397799991,
              5.95076587980522
            ],
            [
              -75.72471488899993,
              5.947434634805355
            ],
            [
              -75.71424525999993,
              5.937916790805648
            ],
            [
              -75.7090039069999,
              5.934882229805757
            ],
            [
              -75.70083368399992,
              5.928892083805904
            ],
            [
              -75.69482345199992,
              5.931562056805841
            ],
            [
              -75.68820320999993,
              5.9331320068057645
            ],
            [
              -75.67517281399995,
              5.927161802805964
            ],
            [
              -75.66349264899992,
              5.904021416806746
            ],
            [
              -75.6582126479999,
              5.886051158807332
            ],
            [
              -75.66047283699993,
              5.874341043807686
            ],
            [
              -75.6633531139999,
              5.8567408738082705
            ],
            [
              -75.66476329799991,
              5.843680743808658
            ],
            [
              -75.67213357999992,
              5.840600779808758
            ],
            [
              -75.68744409699991,
              5.8418409488087475
            ],
            [
              -75.69213420999995,
              5.846721046808586
            ],
            [
              -75.70092431499995,
              5.866451365807971
            ],
            [
              -75.70636444999991,
              5.871891481807788
            ],
            [
              -75.70820436999992,
              5.886461670807298
            ],
            [
              -75.71093439499992,
              5.893061772807074
            ],
            [
              -75.72415483799995,
              5.8942419168070295
            ],
            [
              -75.73019507399994,
              5.89153195080712
            ],
            [
              -75.73816541299993,
              5.885051953807336
            ],
            [
              -75.74384557699995,
              5.888532053807221
            ],
            [
              -75.74581558199992,
              5.894772146807046
            ],
            [
              -75.75090567899991,
              5.902342285806801
            ],
            [
              -75.75123940299994,
              5.902238211806771
            ],
            [
              -75.75898598899994,
              5.899822331806842
            ],
            [
              -75.76868639299994,
              5.892832351807112
            ],
            [
              -75.7819968739999,
              5.890352453807143
            ],
            [
              -75.78943622799994,
              5.893420869807062
            ],
            [
              -75.80228531799992,
              5.900083360806835
            ],
            [
              -75.81370673099991,
              5.9124565578064825
            ],
            [
              -75.82132100599995,
              5.917215479806279
            ],
            [
              -75.8260799279999,
              5.916739587806298
            ],
            [
              -75.8245781679999,
              5.908503093806605
            ],
            [
              -75.81323791699992,
              5.894102812807064
            ],
            [
              -75.80889780599995,
              5.890942736807135
            ],
            [
              -75.79629747899992,
              5.879412473807511
            ],
            [
              -75.78269713799995,
              5.8664321868079226
            ],
            [
              -75.77727699099995,
              5.8627620928080715
            ],
            [
              -75.77316693799992,
              5.854131950808332
            ],
            [
              -75.77619714399992,
              5.843591855808661
            ],
            [
              -75.7826474339999,
              5.836681843808894
            ],
            [
              -75.78485754999991,
              5.83272181880905
            ],
            [
              -75.78265753999995,
              5.826421726809254
            ],
            [
              -75.77021711299994,
              5.825911591809261
            ],
            [
              -75.74624635099991,
              5.819111272809501
            ],
            [
              -75.7385161599999,
              5.81221112480972
            ],
            [
              -75.7330160269999,
              5.805770994809882
            ],
            [
              -75.71907558399994,
              5.802480815810015
            ],
            [
              -75.70162504599995,
              5.7961505678102325
            ],
            [
              -75.69054474899991,
              5.787240357810515
            ],
            [
              -75.6845046119999,
              5.779920211810767
            ],
            [
              -75.68007452499995,
              5.773540097810953
            ],
            [
              -75.67851453799994,
              5.767150003811175
            ],
            [
              -75.68229476499994,
              5.757219936811468
            ],
            [
              -75.6821948189999,
              5.751179862811667
            ],
            [
              -75.68272493299992,
              5.7415097598119536
            ],
            [
              -75.68840520499992,
              5.734079730812218
            ],
            [
              -75.69571552399992,
              5.727889736812405
            ],
            [
              -75.69737568199992,
              5.717189633812778
            ],
            [
              -75.70171592899993,
              5.707779565813058
            ],
            [
              -75.70377563199992,
              5.6797452718139585
            ],
            [
              -75.70636651599995,
              5.664229123814501
            ],
            [
              -75.70646663299993,
              5.652678998814832
            ],
            [
              -75.7015165389999,
              5.645338864815066
            ],
            [
              -75.70198665399994,
              5.635038754815396
            ],
            [
              -75.70341682599991,
              5.622948634815803
            ],
            [
              -75.6937265819999,
              5.613578433816135
            ],
            [
              -75.6840562989999,
              5.6088482828162505
            ],
            [
              -75.67894624099995,
              5.596068095816685
            ],
            [
              -75.68107643399992,
              5.584427986817075
            ],
            [
              -75.68051649599994,
              5.575807878817356
            ],
            [
              -75.66803608499993,
              5.574437741817358
            ],
            [
              -75.65916565299995,
              5.586517790816988
            ],
            [
              -75.64854515899992,
              5.600097838816548
            ],
            [
              -75.64220484999993,
              5.609047870816287
            ],
            [
              -75.63360454999992,
              5.609607790816269
            ],
            [
              -75.62334413699995,
              5.615667762816072
            ],
            [
              -75.6158738279999,
              5.62152775181587
            ],
            [
              -75.61228372799991,
              5.618917687815949
            ],
            [
              -75.60975372199994,
              5.610347562816219
            ],
            [
              -75.61137386999991,
              5.600897473816538
            ],
            [
              -75.61711413099994,
              5.5948574628166945
            ],
            [
              -75.62151436699992,
              5.5859774098170005
            ],
            [
              -75.62089524399994,
              5.584826434817061
            ],
            [
              -75.6025444679999,
              5.582787459817125
            ],
            [
              -75.5946922469999,
              5.574221400817367
            ],
            [
              -75.58612618699993,
              5.567796855817615
            ],
            [
              -75.58100089699991,
              5.569078177817533
            ],
            [
              -75.58041548099993,
              5.569224531817567
            ],
            [
              -75.5811293189999,
              5.594208872816749
            ],
            [
              -75.5832708339999,
              5.617765536815996
            ],
            [
              -75.57898780399995,
              5.617765536815996
            ],
            [
              -75.57879203699991,
              5.6170999288160015
            ],
            [
              -75.57094919799994,
              5.57480195381737
            ],
            [
              -75.56855953299993,
              5.575674807817362
            ],
            [
              -75.56681289599993,
              5.576402572817306
            ],
            [
              -75.55432072499991,
              5.582946090817091
            ],
            [
              -75.54420801599991,
              5.591869069816842
            ],
            [
              -75.54837207299994,
              5.606145835816346
            ],
            [
              -75.55491559099994,
              5.618638005815978
            ],
            [
              -75.55075153399991,
              5.625181523815756
            ],
            [
              -75.54242341999992,
              5.6239917928157865
            ],
            [
              -75.53409530699992,
              5.633509636815495
            ],
            [
              -75.53766449799991,
              5.64481207681508
            ],
            [
              -75.54539774699992,
              5.648381268815011
            ],
            [
              -75.54658747699995,
              5.656709381814741
            ],
            [
              -75.53825936399994,
              5.665632360814436
            ],
            [
              -75.52279286699991,
              5.675150204814138
            ],
            [
              -75.5106754759999,
              5.676393013814061
            ],
            [
              -75.51499970499992,
              5.687687486813721
            ],
            [
              -75.51984329599992,
              5.693546145813543
            ],
            [
              -75.53126470899991,
              5.693546145813543
            ],
            [
              -75.5374513079999,
              5.696401498813419
            ],
            [
              -75.53983076899993,
              5.70734701981306
            ],
            [
              -75.5426861219999,
              5.7159130788128225
            ],
            [
              -75.55030039699994,
              5.722099677812603
            ],
            [
              -75.55315574999992,
              5.735900551812184
            ],
            [
              -75.55519048299993,
              5.74775855681177
            ],
            [
              -75.56422062699994,
              5.764308830811227
            ],
            [
              -75.57468078099993,
              5.785189171810564
            ],
            [
              -75.58137087599994,
              5.798849394810115
            ],
            [
              -75.5849409519999,
              5.803739481809993
            ],
            [
              -75.5880308959999,
              5.8192996948094455
            ],
            [
              -75.59200087399995,
              5.835339913808969
            ],
            [
              -75.59712092099994,
              5.847890105808558
            ],
            [
              -75.6007710099999,
              5.851380185808448
            ],
            [
              -75.6151514199999,
              5.860120425808118
            ],
            [
              -75.62809171499993,
              5.875070727807683
            ],
            [
              -75.63823190699992,
              5.891071015807154
            ],
            [
              -75.63652175699991,
              5.899521090806868
            ],
            [
              -75.64070172599992,
              5.917571343806294
            ],
            [
              -75.64949194699994,
              5.9252615248060305
            ],
            [
              -75.66008214999994,
              5.941371811805518
            ],
            [
              -75.66703720399994,
              5.960102098804893
            ],
            [
              -75.67535226199993,
              5.9827724508041955
            ],
            [
              -75.67962765699991,
              6.009473020803338
            ],
            [
              -75.67976212699995,
              6.0103128118032885
            ],
            [
              -75.68377206299994,
              6.0306830898026655
            ],
            [
              -75.69058203799995,
              6.056133457801847
            ],
            [
              -75.69739201399994,
              6.081523827801003
            ],
            [
              -75.70154198799992,
              6.098224065800461
            ],
            [
              -75.70425196199994,
              6.109884233800078
            ],
            [
              -75.70504192299995,
              6.11657431979985
            ],
            [
              -75.70162174899991,
              6.121554337799712
            ]
          ],
          [
            [
              -75.57811533499995,
              5.659683707814608
            ],
            [
              -75.59239210099992,
              5.6757450698141
            ],
            [
              -75.59774588899995,
              5.689426970813644
            ],
            [
              -75.59893561899992,
              5.708462658813062
            ],
            [
              -75.59834075399993,
              5.7269034818124585
            ],
            [
              -75.58915668299994,
              5.733187318812264
            ],
            [
              -75.57157181799994,
              5.725713750812485
            ],
            [
              -75.56681289599993,
              5.7203599638126645
            ],
            [
              -75.55372585999993,
              5.700729410813289
            ],
            [
              -75.55075153399991,
              5.690616700813626
            ],
            [
              -75.5561053209999,
              5.673365608814206
            ],
            [
              -75.56681289599993,
              5.658493977814677
            ],
            [
              -75.57811533499995,
              5.659683707814608
            ]
          ]
        ]
      }
    },
    {
      "type": "Feature",
      "properties": {
        "SimboloUC": "T-Mbg",
        "Descripcion": "Esquistos grafíticos, cuarzomoscovíticos, cloríticos y anfibólicos; filitas; cuarcitas; mármoles, y serpentinitas.",
        "Edad": "Triásico"
      },
      "geometry": {
        "type": "Polygon",
        "coordinates": [
          [
            [
              -75.27907405699995,
              7.331514774760921
            ],
            [
              -75.27215363399995,
              7.347834908760414
            ],
            [
              -75.2701333949999,
              7.36316508075993
            ],
            [
              -75.26491290699994,
              7.389815373759068
            ],
            [
              -75.2564623209999,
              7.415615608758207
            ],
            [
              -75.25141187499992,
              7.438935863757507
            ],
            [
              -75.24517152199991,
              7.451235947757124
            ],
            [
              -75.22852055599992,
              7.485146208755996
            ],
            [
              -75.21494849599992,
              7.517911181755005
            ],
            [
              -75.2186604549999,
              7.522622514754839
            ],
            [
              -75.21266421299993,
              7.531759644754547
            ],
            [
              -75.20845256799993,
              7.5514615817538955
            ],
            [
              -75.20288462899993,
              7.576874224753065
            ],
            [
              -75.20658233799992,
              7.596229326752471
            ],
            [
              -75.21154608299992,
              7.5870706907527765
            ],
            [
              -75.21625741499992,
              7.578504631753072
            ],
            [
              -75.22589423199992,
              7.547167129754028
            ],
            [
              -75.23167632299993,
              7.53353281875448
            ],
            [
              -75.24169272099994,
              7.512097916755157
            ],
            [
              -75.24693268499993,
              7.501035769755492
            ],
            [
              -75.25424726199992,
              7.485327196756003
            ],
            [
              -75.26130906299994,
              7.473129225756416
            ],
            [
              -75.26636743299991,
              7.464418322756689
            ],
            [
              -75.27276456099992,
              7.453810956757034
            ],
            [
              -75.2814440809999,
              7.443271954757346
            ],
            [
              -75.28891792899992,
              7.429819028757758
            ],
            [
              -75.2921727399999,
              7.416855420758222
            ],
            [
              -75.29864387399994,
              7.4074259827584825
            ],
            [
              -75.30799892099992,
              7.393658597758927
            ],
            [
              -75.31737505199993,
              7.378340590759402
            ],
            [
              -75.32801542399994,
              7.3609557107599946
            ],
            [
              -75.33853092699991,
              7.348785671760374
            ],
            [
              -75.35712680799992,
              7.3277256087610505
            ],
            [
              -75.3760433779999,
              7.307783160761694
            ],
            [
              -75.38969419199992,
              7.293859373762123
            ],
            [
              -75.39516857799993,
              7.288275518762308
            ],
            [
              -75.40786352599991,
              7.275321323762699
            ],
            [
              -75.42198379199993,
              7.260861820763151
            ],
            [
              -75.45378024199994,
              7.228140146764238
            ],
            [
              -75.47301220499992,
              7.20574031876495
            ],
            [
              -75.48324415799993,
              7.192424335765332
            ],
            [
              -75.50716383499991,
              7.165815184766179
            ],
            [
              -75.53176312699992,
              7.134193682767242
            ],
            [
              -75.5447157289999,
              7.11662941576779
            ],
            [
              -75.55973141299995,
              7.098294892768353
            ],
            [
              -75.57567963799994,
              7.07909199976897
            ],
            [
              -75.5864496129999,
              7.066022938769376
            ],
            [
              -75.59801825699992,
              7.05198471476984
            ],
            [
              -75.61117887299991,
              7.0373646787703095
            ],
            [
              -75.61780917599992,
              7.031354670770521
            ],
            [
              -75.6271396439999,
              7.017914598770914
            ],
            [
              -75.62713946499991,
              7.034444812770383
            ],
            [
              -75.62601930199992,
              7.045924948770012
            ],
            [
              -75.6239290119999,
              7.065645179769392
            ],
            [
              -75.62056878299995,
              7.075165264769104
            ],
            [
              -75.6146285019999,
              7.082145290768892
            ],
            [
              -75.6033779569999,
              7.096115350768407
            ],
            [
              -75.59596756499991,
              7.108535422768065
            ],
            [
              -75.5938874439999,
              7.112775461767894
            ],
            [
              -75.5944773409999,
              7.123735608767536
            ],
            [
              -75.59499729499993,
              7.129325680767371
            ],
            [
              -75.58479682599994,
              7.1395057037670275
            ],
            [
              -75.57365627899992,
              7.1540057707665925
            ],
            [
              -75.57156606099994,
              7.167355921766157
            ],
            [
              -75.5656556049999,
              7.1893561387654294
            ],
            [
              -75.56916561899993,
              7.199276305765131
            ],
            [
              -75.56878547899993,
              7.210646453764789
            ],
            [
              -75.56431514799993,
              7.226456604764268
            ],
            [
              -75.56456490599993,
              7.248846906763572
            ],
            [
              -75.56573486299993,
              7.256357019763297
            ],
            [
              -75.57006485999995,
              7.269577238762885
            ],
            [
              -75.5677545449999,
              7.290517488762236
            ],
            [
              -75.56641433999994,
              7.305177670761767
            ],
            [
              -75.57465470299991,
              7.297907658762003
            ],
            [
              -75.58111511699991,
              7.281377516762521
            ],
            [
              -75.58840547499994,
              7.2719074777628085
            ],
            [
              -75.5891653779999,
              7.28278762976249
            ],
            [
              -75.58726513599993,
              7.299007816761963
            ],
            [
              -75.58257473499992,
              7.320038042761287
            ],
            [
              -75.5861946579999,
              7.337728313760713
            ],
            [
              -75.58167439899995,
              7.346728390760419
            ],
            [
              -75.57674405799992,
              7.361748527759965
            ],
            [
              -75.56955361899992,
              7.3786586747594
            ],
            [
              -75.56726072499993,
              7.398841347758769
            ],
            [
              -75.57077222399994,
              7.425720448757886
            ],
            [
              -75.56764486899993,
              7.4420555857573625
            ],
            [
              -75.57378387799992,
              7.4574744937568855
            ],
            [
              -75.57235620199992,
              7.472893400756417
            ],
            [
              -75.56624389099994,
              7.487348915755969
            ],
            [
              -75.56952538199994,
              7.49945731575557
            ],
            [
              -75.57555856499994,
              7.518903918754958
            ],
            [
              -75.5782369499999,
              7.5508333347539045
            ],
            [
              -75.58703131499993,
              7.522562609754842
            ],
            [
              -75.5941934359999,
              7.503129435755431
            ],
            [
              -75.60329283899995,
              7.487387419755943
            ],
            [
              -75.61944417299992,
              7.482940628756064
            ],
            [
              -75.6340547499999,
              7.477020721756286
            ],
            [
              -75.65070522999991,
              7.48637103475596
            ],
            [
              -75.67996016899991,
              7.496858585755665
            ],
            [
              -75.6900490829999,
              7.497334477755642
            ],
            [
              -75.7114540149999,
              7.4945930067557045
            ],
            [
              -75.71776760999995,
              7.483261749756066
            ],
            [
              -75.72063790699991,
              7.4655815397566485
            ],
            [
              -75.72736839099991,
              7.443881323757337
            ],
            [
              -75.72852857399994,
              7.431011168757719
            ],
            [
              -75.72608867699995,
              7.414560914758234
            ],
            [
              -75.73214911699995,
              7.394330710758912
            ],
            [
              -75.7474997349999,
              7.387260789759151
            ],
            [
              -75.75640019799994,
              7.37391071075956
            ],
            [
              -75.7589704479999,
              7.359800548759997
            ],
            [
              -75.76529085099992,
              7.343400401760516
            ],
            [
              -75.77532130499992,
              7.33401039376084
            ],
            [
              -75.7871519009999,
              7.317920308761326
            ],
            [
              -75.7966025369999,
              7.290390044762199
            ],
            [
              -75.80380306399991,
              7.265959794763015
            ],
            [
              -75.80585330699995,
              7.250289609763484
            ],
            [
              -75.79548329999994,
              7.218749077764533
            ],
            [
              -75.7945534349999,
              7.203758872765012
            ],
            [
              -75.79787376099995,
              7.184768657765584
            ],
            [
              -75.80221415999995,
              7.162548407766322
            ],
            [
              -75.7995441249999,
              7.15715830876648
            ],
            [
              -75.7970300049999,
              7.157521948766464
            ],
            [
              -75.79108400699994,
              7.141268009767017
            ],
            [
              -75.78998411899994,
              7.127087806767446
            ],
            [
              -75.78643427299994,
              7.1018774417682256
            ],
            [
              -75.78203445999992,
              7.071266989769244
            ],
            [
              -75.78117478399992,
              7.056622745769702
            ],
            [
              -75.77498440099993,
              7.054136691769748
            ],
            [
              -75.76217419999995,
              7.031586256770502
            ],
            [
              -75.74739407499993,
              6.995955631771629
            ],
            [
              -75.74246417499995,
              6.9714252647724
            ],
            [
              -75.73920425099993,
              6.953474993773017
            ],
            [
              -75.74153029199994,
              6.938671702773473
            ],
            [
              -75.74487480399995,
              6.921094644774005
            ],
            [
              -75.74517492199993,
              6.9114045177743195
            ],
            [
              -75.73786481799993,
              6.8971442567748245
            ],
            [
              -75.73927498499995,
              6.886994137775148
            ],
            [
              -75.7452652739999,
              6.879314108775369
            ],
            [
              -75.75481565899992,
              6.874634154775532
            ],
            [
              -75.7622760509999,
              6.86230407777593
            ],
            [
              -75.7732255649999,
              6.824608311777125
            ],
            [
              -75.7779762749999,
              6.798731466777925
            ],
            [
              -75.77684400399994,
              6.782023514778464
            ],
            [
              -75.76775396099993,
              6.761894977779108
            ],
            [
              -75.76892208899994,
              6.75238358077943
            ],
            [
              -75.78259401999992,
              6.738942135779845
            ],
            [
              -75.78984512799991,
              6.733820984780043
            ],
            [
              -75.78453746799994,
              6.72333041978038
            ],
            [
              -75.78914138599993,
              6.719467729780502
            ],
            [
              -75.80175843599994,
              6.720456072780486
            ],
            [
              -75.81044391299992,
              6.738225719779889
            ],
            [
              -75.81715399299992,
              6.748790526779524
            ],
            [
              -75.8247023749999,
              6.75508487977937
            ],
            [
              -75.82548506299992,
              6.755737538779317
            ],
            [
              -75.82251073599991,
              6.7378915807798805
            ],
            [
              -75.81950874899991,
              6.718154794780558
            ],
            [
              -75.81332215099991,
              6.702926243781034
            ],
            [
              -75.8102057019999,
              6.682163844781672
            ],
            [
              -75.80333920399994,
              6.673378188781967
            ],
            [
              -75.80048385099991,
              6.660172179782405
            ],
            [
              -75.79548698199994,
              6.6458954137828385
            ],
            [
              -75.7883485989999,
              6.634830920783204
            ],
            [
              -75.78228097399995,
              6.6244802647835215
            ],
            [
              -75.77549950999992,
              6.609846579784012
            ],
            [
              -75.7669334499999,
              6.591643702784575
            ],
            [
              -75.76050890599993,
              6.583077643784875
            ],
            [
              -75.7558689569999,
              6.578080775785058
            ],
            [
              -75.74908749299993,
              6.566659362785372
            ],
            [
              -75.74516138199994,
              6.557736383785685
            ],
            [
              -75.73873683799991,
              6.536321234786368
            ],
            [
              -75.73730916099993,
              6.517761438786982
            ],
            [
              -75.7329974239999,
              6.489070591787894
            ],
            [
              -75.72371893999991,
              6.466038709788642
            ],
            [
              -75.7173390509999,
              6.434768255789611
            ],
            [
              -75.71223912599993,
              6.410427909790413
            ],
            [
              -75.71224204799995,
              6.410397232790443
            ],
            [
              -75.71219912399994,
              6.410407912790436
            ],
            [
              -75.7097788289999,
              6.430538125789754
            ],
            [
              -75.71119865299994,
              6.4524584107890695
            ],
            [
              -75.70522836799995,
              6.459708434788803
            ],
            [
              -75.69908816799995,
              6.458478353788889
            ],
            [
              -75.70129804099992,
              6.477398616788265
            ],
            [
              -75.69677780899991,
              6.484398648788042
            ],
            [
              -75.6843372109999,
              6.500448712787541
            ],
            [
              -75.68681711799991,
              6.5177589517869645
            ],
            [
              -75.69004706499993,
              6.532859173786487
            ],
            [
              -75.6942671249999,
              6.541559320786213
            ],
            [
              -75.70241748599994,
              6.534049315786433
            ],
            [
              -75.7104278889999,
              6.521699249786817
            ],
            [
              -75.7228981849999,
              6.535149544786425
            ],
            [
              -75.73151825699995,
              6.556389904785717
            ],
            [
              -75.7311480429999,
              6.575430136785118
            ],
            [
              -75.73266795699993,
              6.588920317784693
            ],
            [
              -75.72852761199994,
              6.607070498784124
            ],
            [
              -75.73156753799992,
              6.624310741783574
            ],
            [
              -75.73349875999992,
              6.647043319782833
            ],
            [
              -75.73572724099995,
              6.665341300782235
            ],
            [
              -75.73233690899991,
              6.685521522781603
            ],
            [
              -75.73405682399994,
              6.699441708781108
            ],
            [
              -75.7425569529999,
              6.715291996780628
            ],
            [
              -75.74869681899992,
              6.742733174779749
            ],
            [
              -75.74645181699992,
              6.766859024778994
            ],
            [
              -75.74175515799993,
              6.800261605777885
            ],
            [
              -75.74588074699994,
              6.816113867777387
            ],
            [
              -75.74627174499994,
              6.825551754777075
            ],
            [
              -75.73813179299992,
              6.841037517776594
            ],
            [
              -75.7263408959999,
              6.856129820776132
            ],
            [
              -75.71181411499992,
              6.878753739775414
            ],
            [
              -75.71126439999995,
              6.850883381776277
            ],
            [
              -75.70996465499991,
              6.823333013777168
            ],
            [
              -75.70668472599993,
              6.805522753777703
            ],
            [
              -75.70618478699993,
              6.79892266077794
            ],
            [
              -75.70215616699994,
              6.783288377778449
            ],
            [
              -75.70115482299991,
              6.7794023597785715
            ],
            [
              -75.69657468199995,
              6.777282290778635
            ],
            [
              -75.6735041039999,
              6.756851780779307
            ],
            [
              -75.67591390599995,
              6.782832136778465
            ],
            [
              -75.67289364399994,
              6.797122284777997
            ],
            [
              -75.6636231569999,
              6.812202374777536
            ],
            [
              -75.65702767999994,
              6.8349575907768125
            ],
            [
              -75.65366970199995,
              6.848949464776362
            ],
            [
              -75.64772201499994,
              6.8669628927757485
            ],
            [
              -75.6404317009999,
              6.872272879775612
            ],
            [
              -75.63060128399991,
              6.879072865775368
            ],
            [
              -75.6263410599999,
              6.886522908775137
            ],
            [
              -75.6175306529999,
              6.895652926774857
            ],
            [
              -75.60842029899993,
              6.898962877774749
            ],
            [
              -75.59008954699993,
              6.909762810774392
            ],
            [
              -75.58387925099993,
              6.916552824774162
            ],
            [
              -75.58296912299994,
              6.925722935773877
            ],
            [
              -75.5813889769999,
              6.9336330237736385
            ],
            [
              -75.57637873999994,
              6.939543039773419
            ],
            [
              -75.57087857999994,
              6.936542945773562
            ],
            [
              -75.5601582029999,
              6.937522836773512
            ],
            [
              -75.54817773099995,
              6.942912772773313
            ],
            [
              -75.53594719499995,
              6.952402764773012
            ],
            [
              -75.52015647499991,
              6.968222788772497
            ],
            [
              -75.51357619799995,
              6.972612774772385
            ],
            [
              -75.49567550599994,
              6.97923265677217
            ],
            [
              -75.48724513099995,
              6.9863126577719665
            ],
            [
              -75.48042479799994,
              6.995422696771626
            ],
            [
              -75.46906431699995,
              7.003492676771381
            ],
            [
              -75.45851892199994,
              7.005847587771308
            ],
            [
              -75.44727356899995,
              7.002802428771391
            ],
            [
              -75.44029339799994,
              6.996002262771665
            ],
            [
              -75.4257631129999,
              6.9764918527722735
            ],
            [
              -75.4095827299999,
              6.960281474772753
            ],
            [
              -75.40232260899995,
              6.949061255773117
            ],
            [
              -75.39871250599992,
              6.940955627773372
            ],
            [
              -75.39686241499993,
              6.9490211917731575
            ],
            [
              -75.38925183399994,
              6.977971476772182
            ],
            [
              -75.37728104599995,
              7.011931773771122
            ],
            [
              -75.36418035699995,
              7.0328618907704294
            ],
            [
              -75.35845010299994,
              7.038381894770254
            ],
            [
              -75.35115955599991,
              7.064932150769416
            ],
            [
              -75.34481928899993,
              7.0591718827696335
            ],
            [
              -75.33470657999993,
              7.057982151769663
            ],
            [
              -75.3222144099999,
              7.057982151769663
            ],
            [
              -75.31091196999995,
              7.056197556769715
            ],
            [
              -75.29723006899991,
              7.060956478769573
            ],
            [
              -75.29544717899995,
              7.062091044769503
            ],
            [
              -75.29526764499991,
              7.062921505769494
            ],
            [
              -75.29384745399994,
              7.075291648769099
            ],
            [
              -75.29379741799994,
              7.0786216937689765
            ],
            [
              -75.29759736299991,
              7.095391946768439
            ],
            [
              -75.29197695499994,
              7.114642124767822
            ],
            [
              -75.29177681899995,
              7.1258922657674635
            ],
            [
              -75.29926702599994,
              7.130902412767309
            ],
            [
              -75.30446711299993,
              7.1384925747670565
            ],
            [
              -75.30983712499994,
              7.154342836766566
            ],
            [
              -75.31091363399992,
              7.167990644766157
            ],
            [
              -75.31156693799994,
              7.17627313776586
            ],
            [
              -75.3098066359999,
              7.197923389765199
            ],
            [
              -75.30647615899994,
              7.229943765764164
            ],
            [
              -75.30594377499995,
              7.246034762763644
            ],
            [
              -75.30545577999993,
              7.260784150763154
            ],
            [
              -75.30348562199993,
              7.268104225762919
            ],
            [
              -75.29961532099992,
              7.2832043757624625
            ],
            [
              -75.29661502899995,
              7.299464555761955
            ],
            [
              -75.2881645679999,
              7.314784658761439
            ],
            [
              -75.27907405699995,
              7.331514774760921
            ]
          ],
          [
            [
              -75.35150742799993,
              7.255774605763316
            ],
            [
              -75.36002766099995,
              7.260974773763188
            ],
            [
              -75.36416304699992,
              7.278901322762598
            ],
            [
              -75.3634474669999,
              7.289095176762297
            ],
            [
              -75.35825709099993,
              7.305985336761704
            ],
            [
              -75.34955667399993,
              7.316745375761406
            ],
            [
              -75.3456866059999,
              7.310495256761589
            ],
            [
              -75.33988270399993,
              7.292495935762173
            ],
            [
              -75.33898670099995,
              7.281754800762532
            ],
            [
              -75.34226539799994,
              7.265223765763039
            ],
            [
              -75.34438714799995,
              7.258954570763227
            ],
            [
              -75.34983736999993,
              7.255834586763299
            ],
            [
              -75.35100259599994,
              7.255176656763337
            ],
            [
              -75.35150742799993,
              7.255774605763316
            ]
          ],
          [
            [
              -75.70432023399991,
              7.2080879257648665
            ],
            [
              -75.6942899689999,
              7.19996771276514
            ],
            [
              -75.68691989399991,
              7.1835774107656185
            ],
            [
              -75.6797197809999,
              7.171797173766007
            ],
            [
              -75.66927949799992,
              7.164526964766226
            ],
            [
              -75.6588391869999,
              7.158986775766423
            ],
            [
              -75.6513789839999,
              7.154136627766572
            ],
            [
              -75.6488189929999,
              7.145466492766857
            ],
            [
              -75.65824952399993,
              7.127296359767432
            ],
            [
              -75.66502996299994,
              7.108376186768066
            ],
            [
              -75.67462051199993,
              7.0894060407686545
            ],
            [
              -75.68759109799993,
              7.077336034769053
            ],
            [
              -75.69430153999991,
              7.0581758587696575
            ],
            [
              -75.6954520299999,
              7.017595345770942
            ],
            [
              -75.69720240599992,
              6.988554986771849
            ],
            [
              -75.69514257799995,
              6.96605467777262
            ],
            [
              -75.70073285699993,
              6.958684638772833
            ],
            [
              -75.7098029579999,
              6.978865003772171
            ],
            [
              -75.71863299299991,
              7.003455414771403
            ],
            [
              -75.72422300199992,
              7.020405698770821
            ],
            [
              -75.72823290199995,
              7.042006021770166
            ],
            [
              -75.72614253099994,
              7.069496355769276
            ],
            [
              -75.73159244899995,
              7.0941967387684715
            ],
            [
              -75.73323219699995,
              7.121697115767615
            ],
            [
              -75.73135177199993,
              7.154407523766583
            ],
            [
              -75.72836163099993,
              7.157497530766453
            ],
            [
              -75.72161150099993,
              7.147947325766771
            ],
            [
              -75.71409126399993,
              7.145627210766879
            ],
            [
              -75.70376096099994,
              7.141057040766993
            ],
            [
              -75.6979607909999,
              7.13777693276709
            ],
            [
              -75.69455060699994,
              7.143956972766897
            ],
            [
              -75.69354043299995,
              7.156467127766525
            ],
            [
              -75.70153050699992,
              7.174917453765932
            ],
            [
              -75.70593056299992,
              7.183317618765677
            ],
            [
              -75.71584080499991,
              7.193047854765357
            ],
            [
              -75.73049126699993,
              7.197138073765212
            ],
            [
              -75.72785098299994,
              7.214688270764635
            ],
            [
              -75.72303064199991,
              7.2303484297641285
            ],
            [
              -75.71689025199993,
              7.245828566763628
            ],
            [
              -75.71118994799991,
              7.255008621763337
            ],
            [
              -75.71187013399992,
              7.240658439763807
            ],
            [
              -75.71239037599992,
              7.22010817476447
            ],
            [
              -75.70432023399991,
              7.2080879257648665
            ]
          ],
          [
            [
              -75.7372070589999,
              7.145374277766869
            ],
            [
              -75.73863473599994,
              7.112061823767934
            ],
            [
              -75.74053830499992,
              7.078749369769003
            ],
            [
              -75.7400239129999,
              7.075663020769099
            ],
            [
              -75.7372070589999,
              7.0587618977696165
            ],
            [
              -75.73482759799992,
              7.040677993770215
            ],
            [
              -75.73054456799991,
              7.027828904770644
            ],
            [
              -75.7257856459999,
              7.015931599770972
            ],
            [
              -75.72626153899995,
              7.009745000771188
            ],
            [
              -75.74006241199993,
              7.0230699827707825
            ],
            [
              -75.74291776599995,
              7.034015502770446
            ],
            [
              -75.74624901099992,
              7.051623514769866
            ],
            [
              -75.75148382499992,
              7.071135094769205
            ],
            [
              -75.75102468799992,
              7.088582314768658
            ],
            [
              -75.75100793299993,
              7.089218998768671
            ],
            [
              -75.75005614899993,
              7.122055560767621
            ],
            [
              -75.7529115019999,
              7.1582233677664355
            ],
            [
              -75.75576685499993,
              7.189632252765442
            ],
            [
              -75.7538632859999,
              7.213426862764669
            ],
            [
              -75.74434544199994,
              7.227703628764236
            ],
            [
              -75.73840565299992,
              7.234453388764012
            ],
            [
              -75.73911062799993,
              7.222468814764399
            ],
            [
              -75.74006241199993,
              7.204384910765001
            ],
            [
              -75.73863473599994,
              7.173927810765935
            ],
            [
              -75.7372070589999,
              7.145374277766869
            ]
          ],
          [
            [
              -75.76443182799994,
              7.253399190763431
            ],
            [
              -75.77199220199992,
              7.243309142763752
            ],
            [
              -75.7796954239999,
              7.237064744763915
            ],
            [
              -75.77983254499992,
              7.2372391457639464
            ],
            [
              -75.7865126239999,
              7.251329409763449
            ],
            [
              -75.78756248499991,
              7.267169636762951
            ],
            [
              -75.77657181299992,
              7.292279848762168
            ],
            [
              -75.76377124299995,
              7.303779855761797
            ],
            [
              -75.75231076999995,
              7.309719804761588
            ],
            [
              -75.74218037899993,
              7.313419740761502
            ],
            [
              -75.74242044499994,
              7.308439677761659
            ],
            [
              -75.7480709109999,
              7.283949411762447
            ],
            [
              -75.75294126199992,
              7.267769252762923
            ],
            [
              -75.76443182799994,
              7.253399190763431
            ]
          ],
          [
            [
              -75.64551761199994,
              7.25867793376322
            ],
            [
              -75.63988721399994,
              7.276738113762658
            ],
            [
              -75.63623697299994,
              7.2868282067623165
            ],
            [
              -75.63728686999991,
              7.2996883897619425
            ],
            [
              -75.64006682399992,
              7.312388591761505
            ],
            [
              -75.63748655699993,
              7.328158767760994
            ],
            [
              -75.63434635199991,
              7.336878848760753
            ],
            [
              -75.62357589299995,
              7.344128818760498
            ],
            [
              -75.62158569299993,
              7.355428951760158
            ],
            [
              -75.61810547599993,
              7.363979026759896
            ],
            [
              -75.60437482599991,
              7.378969069759374
            ],
            [
              -75.59433418499992,
              7.404819304758557
            ],
            [
              -75.59220391199995,
              7.422669512758019
            ],
            [
              -75.58395352299993,
              7.430789527757738
            ],
            [
              -75.58723402699991,
              7.3968191157588405
            ],
            [
              -75.59015428799995,
              7.38264896475926
            ],
            [
              -75.60341506599991,
              7.354858736760189
            ],
            [
              -75.61050547699995,
              7.339968621760645
            ],
            [
              -75.61536582999992,
              7.323668457761142
            ],
            [
              -75.6158559779999,
              7.312708319761521
            ],
            [
              -75.6081958549999,
              7.299768060761928
            ],
            [
              -75.60767600899993,
              7.283927851762455
            ],
            [
              -75.61589650099995,
              7.266217709763028
            ],
            [
              -75.62172678299993,
              7.258887672763222
            ],
            [
              -75.62283690299995,
              7.2514275867634845
            ],
            [
              -75.62062693899992,
              7.241317434763766
            ],
            [
              -75.62790731799993,
              7.23037737376413
            ],
            [
              -75.63075752799995,
              7.220397270764476
            ],
            [
              -75.63450771599992,
              7.21501724276466
            ],
            [
              -75.6398278179999,
              7.223067404764364
            ],
            [
              -75.6480079399999,
              7.237447689763917
            ],
            [
              -75.64551761199994,
              7.25867793376322
            ]
          ]
        ]
      }
    },
    {
      "type": "Feature",
      "properties": {
        "SimboloUC": "K2-Pi",
        "Descripcion": "Granodioritas, tonalitas y cuarzodioritas.",
        "Edad": "Cretácico Superior"
      },
      "geometry": {
        "type": "Polygon",
        "coordinates": [
          [
            [
              -75.39871250599992,
              6.940955627773372
            ],
            [
              -75.40232260899995,
              6.949061255773117
            ],
            [
              -75.4095827299999,
              6.960281474772753
            ],
            [
              -75.4257631129999,
              6.9764918527722735
            ],
            [
              -75.44029339799994,
              6.996002262771665
            ],
            [
              -75.44727356899995,
              7.002802428771391
            ],
            [
              -75.45851892199994,
              7.005847587771308
            ],
            [
              -75.46906431699995,
              7.003492676771381
            ],
            [
              -75.48042479799994,
              6.995422696771626
            ],
            [
              -75.48724513099995,
              6.9863126577719665
            ],
            [
              -75.49567550599994,
              6.97923265677217
            ],
            [
              -75.51357619799995,
              6.972612774772385
            ],
            [
              -75.52015647499991,
              6.968222788772497
            ],
            [
              -75.53594719499995,
              6.952402764773012
            ],
            [
              -75.54817773099995,
              6.942912772773313
            ],
            [
              -75.5601582029999,
              6.937522836773512
            ],
            [
              -75.57087857999994,
              6.936542945773562
            ],
            [
              -75.57637873999994,
              6.939543039773419
            ],
            [
              -75.5813889769999,
              6.9336330237736385
            ],
            [
              -75.58296912299994,
              6.925722935773877
            ],
            [
              -75.58387925099993,
              6.916552824774162
            ],
            [
              -75.59008954699993,
              6.909762810774392
            ],
            [
              -75.60842029899993,
              6.898962877774749
            ],
            [
              -75.6175306529999,
              6.895652926774857
            ],
            [
              -75.6263410599999,
              6.886522908775137
            ],
            [
              -75.63060128399991,
              6.879072865775368
            ],
            [
              -75.6404317009999,
              6.872272879775612
            ],
            [
              -75.64772201499994,
              6.8669628927757485
            ],
            [
              -75.65366970199995,
              6.848949464776362
            ],
            [
              -75.65702767999994,
              6.8349575907768125
            ],
            [
              -75.6636231569999,
              6.812202374777536
            ],
            [
              -75.67289364399994,
              6.797122284777997
            ],
            [
              -75.67591390599995,
              6.782832136778465
            ],
            [
              -75.6735041039999,
              6.756851780779307
            ],
            [
              -75.66982416399992,
              6.739421526779834
            ],
            [
              -75.66929426599995,
              6.72785136978021
            ],
            [
              -75.66708099699991,
              6.722835915780386
            ],
            [
              -75.66708100499994,
              6.722835802780383
            ],
            [
              -75.66309420199991,
              6.713801134780649
            ],
            [
              -75.65707411499994,
              6.702100919781064
            ],
            [
              -75.64246360999994,
              6.701870761781045
            ],
            [
              -75.6334734639999,
              6.686770472781555
            ],
            [
              -75.62110333399994,
              6.659149995782413
            ],
            [
              -75.6142932059999,
              6.648659792782792
            ],
            [
              -75.60240290699994,
              6.638129543783074
            ],
            [
              -75.5905127659999,
              6.612669096783886
            ],
            [
              -75.5821125299999,
              6.585557792784802
            ],
            [
              -75.57195275899994,
              6.55315817078583
            ],
            [
              -75.5588307989999,
              6.537084361786364
            ],
            [
              -75.54329965499994,
              6.519614459786912
            ],
            [
              -75.53011639499994,
              6.49455957978769
            ],
            [
              -75.5208193599999,
              6.486296741788004
            ],
            [
              -75.5228151899999,
              6.478619728788225
            ],
            [
              -75.50515349499994,
              6.471274037788441
            ],
            [
              -75.49245971699992,
              6.461174754788782
            ],
            [
              -75.48829392599993,
              6.4582946967888555
            ],
            [
              -75.48136482899992,
              6.443042092789386
            ],
            [
              -75.47013085799995,
              6.431178582789759
            ],
            [
              -75.46294640299993,
              6.4236666827900075
            ],
            [
              -75.4614322239999,
              6.412814903790346
            ],
            [
              -75.46819346899991,
              6.402952560790655
            ],
            [
              -75.4685092169999,
              6.400980211790752
            ],
            [
              -75.47036614599995,
              6.389380669791066
            ],
            [
              -75.44913851299992,
              6.363792295791897
            ],
            [
              -75.44198307599993,
              6.351464560792304
            ],
            [
              -75.4334928099999,
              6.337027061792776
            ],
            [
              -75.43294521299993,
              6.333256089792909
            ],
            [
              -75.42526782699991,
              6.3310109007929745
            ],
            [
              -75.41585323999993,
              6.329031022793047
            ],
            [
              -75.39659353099995,
              6.320537325793325
            ],
            [
              -75.38767025099992,
              6.320916001793273
            ],
            [
              -75.3796457439999,
              6.328037521793044
            ],
            [
              -75.37225954399992,
              6.332539051792932
            ],
            [
              -75.36079848799994,
              6.32080847379328
            ],
            [
              -75.35433555999992,
              6.313586294793518
            ],
            [
              -75.36257986499993,
              6.313517081793555
            ],
            [
              -75.37926435499992,
              6.313219011793527
            ],
            [
              -75.38599743499992,
              6.305695360793789
            ],
            [
              -75.3849632319999,
              6.290762710794268
            ],
            [
              -75.38647876999994,
              6.2712941257948716
            ],
            [
              -75.38357014199994,
              6.264758719795127
            ],
            [
              -75.39097795599992,
              6.250346643795544
            ],
            [
              -75.39833912799992,
              6.251810493795492
            ],
            [
              -75.40488043599993,
              6.250784787795578
            ],
            [
              -75.41318983399992,
              6.254309857795432
            ],
            [
              -75.41949244999995,
              6.261278323795196
            ],
            [
              -75.43257138099995,
              6.27916032179463
            ],
            [
              -75.44730287199991,
              6.298590504794001
            ],
            [
              -75.45027394199991,
              6.305946349793764
            ],
            [
              -75.4517198339999,
              6.3203343787933415
            ],
            [
              -75.46165004499994,
              6.328174299793057
            ],
            [
              -75.46673572199995,
              6.334891757792862
            ],
            [
              -75.47385292999991,
              6.335250301792848
            ],
            [
              -75.4696384749999,
              6.316456162793422
            ],
            [
              -75.46573747799994,
              6.308604635793674
            ],
            [
              -75.45802600699994,
              6.291557728794263
            ],
            [
              -75.4513616449999,
              6.27431044279478
            ],
            [
              -75.44671645099993,
              6.258726919795304
            ],
            [
              -75.44607548599993,
              6.230139463796197
            ],
            [
              -75.44500931999994,
              6.209190903796909
            ],
            [
              -75.4450207829999,
              6.177571292797927
            ],
            [
              -75.44038948199994,
              6.162337806798423
            ],
            [
              -75.4393471219999,
              6.145556144798935
            ],
            [
              -75.4411908379999,
              6.141076763799061
            ],
            [
              -75.43735557499991,
              6.139578925799137
            ],
            [
              -75.43286175199995,
              6.141006600799092
            ],
            [
              -75.43270653299993,
              6.144860336798964
            ],
            [
              -75.4299671469999,
              6.14726278279891
            ],
            [
              -75.41945090299993,
              6.151843929798718
            ],
            [
              -75.41570248499994,
              6.154688498798671
            ],
            [
              -75.41033937199995,
              6.154621915798637
            ],
            [
              -75.40409860499994,
              6.152920668798727
            ],
            [
              -75.3930976069999,
              6.151952122798729
            ],
            [
              -75.3812002969999,
              6.151833149798749
            ],
            [
              -75.37537061699993,
              6.1529039057987
            ],
            [
              -75.37363199299995,
              6.150567953798768
            ],
            [
              -75.37275321399994,
              6.146360388798905
            ],
            [
              -75.3701987099999,
              6.138267448799175
            ],
            [
              -75.37171257799992,
              6.130914387799416
            ],
            [
              -75.3766146129999,
              6.125435643799572
            ],
            [
              -75.38151665599992,
              6.120966138799744
            ],
            [
              -75.38346305399995,
              6.112675927799982
            ],
            [
              -75.38894861599994,
              6.108019699800142
            ],
            [
              -75.3888588019999,
              6.099199473800417
            ],
            [
              -75.38600518999993,
              6.085751435800872
            ],
            [
              -75.38410162199995,
              6.070522885801343
            ],
            [
              -75.38410162199995,
              6.0635341638016085
            ],
            [
              -75.37576277599993,
              6.061390973801654
            ],
            [
              -75.3690754829999,
              6.055010948801858
            ],
            [
              -75.3724665339999,
              6.049025412802028
            ],
            [
              -75.36271130999995,
              6.041501221802307
            ],
            [
              -75.35877379699991,
              6.0424814088022565
            ],
            [
              -75.3556736349999,
              6.048491938802092
            ],
            [
              -75.35402421999993,
              6.053948399801911
            ],
            [
              -75.3483272229999,
              6.060533296801678
            ],
            [
              -75.3446110619999,
              6.067558842801474
            ],
            [
              -75.33402837599994,
              6.0689796678014005
            ],
            [
              -75.3288981259999,
              6.062908609801619
            ],
            [
              -75.32096242499995,
              6.052842348801923
            ],
            [
              -75.30696709699993,
              6.047668857802096
            ],
            [
              -75.29187090699992,
              6.043884427802225
            ],
            [
              -75.28416052999995,
              6.045561832802181
            ],
            [
              -75.27743853099992,
              6.041646466802309
            ],
            [
              -75.27213782399991,
              6.0385589618024085
            ],
            [
              -75.26624765999992,
              6.0351388598025055
            ],
            [
              -75.25171716799991,
              6.034978707802484
            ],
            [
              -75.24199684899992,
              6.033398589802541
            ],
            [
              -75.23294658299994,
              6.029208451802719
            ],
            [
              -75.22722643399993,
              6.024888336802816
            ],
            [
              -75.21021583699991,
              6.026268175802807
            ],
            [
              -75.18938510999993,
              6.027837981802719
            ],
            [
              -75.1816548459999,
              6.026977889802769
            ],
            [
              -75.17127454299992,
              6.022127732802904
            ],
            [
              -75.1597242659999,
              6.011247490803263
            ],
            [
              -75.1505139649999,
              6.009327368803327
            ],
            [
              -75.14903785599995,
              6.010016391803315
            ],
            [
              -75.13620340799991,
              6.016007295803106
            ],
            [
              -75.1400534789999,
              6.021807402802951
            ],
            [
              -75.14551344799992,
              6.043137701802263
            ],
            [
              -75.14556342199995,
              6.046107738802173
            ],
            [
              -75.14300330399993,
              6.049307743802062
            ],
            [
              -75.13363308499993,
              6.03907753180239
            ],
            [
              -75.11742269799993,
              6.022767180802898
            ],
            [
              -75.10075222099994,
              6.014586914803148
            ],
            [
              -75.08889192599992,
              6.0037066728035136
            ],
            [
              -75.08145179199994,
              5.991846458803879
            ],
            [
              -75.07592173599994,
              5.979766274804313
            ],
            [
              -75.0666415099999,
              5.97100607480455
            ],
            [
              -75.06051132599993,
              5.968235984804682
            ],
            [
              -75.04895091599991,
              5.969985884804623
            ],
            [
              -75.0443907529999,
              5.970365844804587
            ],
            [
              -75.0403456599999,
              5.966244836804753
            ],
            [
              -75.03581047599994,
              5.968635734804657
            ],
            [
              -75.0463371429999,
              5.980845502804257
            ],
            [
              -75.05316080699993,
              5.994466197803801
            ],
            [
              -75.04972056499992,
              6.0059262938034434
            ],
            [
              -75.04903044299994,
              6.015596387803126
            ],
            [
              -75.05290043999992,
              6.028676576802704
            ],
            [
              -75.05035024799992,
              6.038586665802395
            ],
            [
              -75.04418998799991,
              6.043506657802233
            ],
            [
              -75.03841979499992,
              6.043226589802251
            ],
            [
              -75.03382970899992,
              6.036456463802475
            ],
            [
              -75.03220974999994,
              6.027746353802718
            ],
            [
              -75.03250989499992,
              6.014196201803166
            ],
            [
              -75.0360400859999,
              6.007646171803402
            ],
            [
              -75.03377006099993,
              6.00224608480358
            ],
            [
              -75.02957993199993,
              6.000966029803623
            ],
            [
              -75.02468982699992,
              5.995505916803774
            ],
            [
              -75.01923973899994,
              5.985495747804098
            ],
            [
              -75.00824453099995,
              5.969800463804598
            ],
            [
              -74.9968792439999,
              5.960295236804929
            ],
            [
              -74.99628933799994,
              5.949195113805283
            ],
            [
              -74.99436931499991,
              5.944805047805439
            ],
            [
              -74.98786909699993,
              5.9448049758054085
            ],
            [
              -74.97741870699991,
              5.948074905805293
            ],
            [
              -74.97895869799993,
              5.954004981805124
            ],
            [
              -74.9659682059999,
              5.959004905804968
            ],
            [
              -74.96101794099991,
              5.968574954804646
            ],
            [
              -74.94946743899993,
              5.978824947804317
            ],
            [
              -74.94177687199993,
              6.008975202803365
            ],
            [
              -74.93949664199994,
              6.023345336802892
            ],
            [
              -74.9438266919999,
              6.032065480802608
            ],
            [
              -74.94124652399995,
              6.03998553980237
            ],
            [
              -74.94121027499995,
              6.039996208802312
            ],
            [
              -74.94124652399995,
              6.040085549802345
            ],
            [
              -74.94269621699993,
              6.074265942801234
            ],
            [
              -74.9442961069999,
              6.089896134800731
            ],
            [
              -74.95451626699992,
              6.108171442800142
            ],
            [
              -74.97175672499992,
              6.120796760799739
            ],
            [
              -74.97466675399994,
              6.126606857799548
            ],
            [
              -74.97338664599994,
              6.133056923799356
            ],
            [
              -74.96792629999993,
              6.148557038798863
            ],
            [
              -74.95656576399995,
              6.1631770847983995
            ],
            [
              -74.9431351959999,
              6.1737770607980345
            ],
            [
              -74.93823488599992,
              6.186957160797613
            ],
            [
              -74.93124455599991,
              6.195737186797339
            ],
            [
              -74.9260843639999,
              6.197367143797259
            ],
            [
              -74.9196242239999,
              6.1901119997974945
            ],
            [
              -74.91452413299993,
              6.18203685479779
            ],
            [
              -74.90316378599994,
              6.17835668979786
            ],
            [
              -74.88896337999995,
              6.170956458798138
            ],
            [
              -74.88089310399994,
              6.170966375798139
            ],
            [
              -74.87740293399992,
              6.176016390797975
            ],
            [
              -74.88124292599991,
              6.189366585797521
            ],
            [
              -74.88190288299995,
              6.195816660797294
            ],
            [
              -74.88707297399992,
              6.2038768127970805
            ],
            [
              -74.89580312599992,
              6.217417055796602
            ],
            [
              -74.90775342299992,
              6.2274072917963075
            ],
            [
              -74.89936313999993,
              6.227097202796333
            ],
            [
              -74.88776266499991,
              6.235182165796063
            ],
            [
              -74.87887227199991,
              6.243177162795773
            ],
            [
              -74.88622246799991,
              6.248827305795615
            ],
            [
              -74.89432263899994,
              6.258697508795293
            ],
            [
              -74.91590319099993,
              6.275827922794744
            ],
            [
              -74.92799340099992,
              6.295198277794104
            ],
            [
              -74.9093727259999,
              6.298478115794019
            ],
            [
              -74.89524238799993,
              6.285427822794452
            ],
            [
              -74.8902522109999,
              6.28563776879443
            ],
            [
              -74.87963185199993,
              6.285667654794422
            ],
            [
              -74.87389168899995,
              6.282867561794543
            ],
            [
              -74.87210157999993,
              6.287127587794409
            ],
            [
              -74.87366155899991,
              6.294487691794155
            ],
            [
              -74.87272148099993,
              6.298837729793998
            ],
            [
              -74.85988091699994,
              6.3106577267936546
            ],
            [
              -74.84992149199991,
              6.313663714793539
            ],
            [
              -74.83264994399991,
              6.314857484793484
            ],
            [
              -74.82048952199995,
              6.3160773697934625
            ],
            [
              -74.82266966199995,
              6.309487320793661
            ],
            [
              -74.82394978799994,
              6.301697246793897
            ],
            [
              -74.82622007299994,
              6.282737054794502
            ],
            [
              -74.83041039999995,
              6.264816894795117
            ],
            [
              -74.83534082999995,
              6.240616676795863
            ],
            [
              -74.84353131799992,
              6.219966528796566
            ],
            [
              -74.8481515599999,
              6.21245649579679
            ],
            [
              -74.83905888399994,
              6.204466625797035
            ],
            [
              -74.83133114599991,
              6.197676145797247
            ],
            [
              -74.81319068399995,
              6.183375802797701
            ],
            [
              -74.8130461099999,
              6.183285211797706
            ],
            [
              -74.80853055599994,
              6.180455711797834
            ],
            [
              -74.80881037299991,
              6.198135912797226
            ],
            [
              -74.80625013799994,
              6.212726053796799
            ],
            [
              -74.8080600639999,
              6.225456213796376
            ],
            [
              -74.80546979899992,
              6.242126376795856
            ],
            [
              -74.80434996699995,
              6.254824056795427
            ],
            [
              -74.8040895819999,
              6.257776537795345
            ],
            [
              -74.80661960599991,
              6.264196635795121
            ],
            [
              -74.8090095739999,
              6.274606779794778
            ],
            [
              -74.80226927199993,
              6.280826777794581
            ],
            [
              -74.7945889099999,
              6.2905468097942885
            ],
            [
              -74.78827860399991,
              6.299336833794011
            ],
            [
              -74.7885385049999,
              6.309636952793646
            ],
            [
              -74.79306859199994,
              6.3158570767934785
            ],
            [
              -74.7970586479999,
              6.323547202793233
            ],
            [
              -74.81091904199991,
              6.3308074317930005
            ],
            [
              -74.81753922099995,
              6.334617546792836
            ],
            [
              -74.80574870799995,
              6.345027538792512
            ],
            [
              -74.7974183419999,
              6.353317551792267
            ],
            [
              -74.78814796199993,
              6.359607518792053
            ],
            [
              -74.77962763999994,
              6.362467458791964
            ],
            [
              -74.7775174969999,
              6.368867514791777
            ],
            [
              -74.78283756299993,
              6.379807691791376
            ],
            [
              -74.79058758899993,
              6.40169802779069
            ],
            [
              -74.79914776099992,
              6.412818245790362
            ],
            [
              -74.81402816499991,
              6.422588519790055
            ],
            [
              -74.82065827999992,
              6.43237870178969
            ],
            [
              -74.82516828099995,
              6.446758914789274
            ],
            [
              -74.82750825699992,
              6.456009046788951
            ],
            [
              -74.82419810899995,
              6.459819053788857
            ],
            [
              -74.8162878679999,
              6.457248937788921
            ],
            [
              -74.81252784399993,
              6.447648785789213
            ],
            [
              -74.80798773999993,
              6.442228674789407
            ],
            [
              -74.80535758999991,
              6.447888716789213
            ],
            [
              -74.80567756099992,
              6.451578762789076
            ],
            [
              -74.80709752799993,
              6.459328860788858
            ],
            [
              -74.80968755999993,
              6.465018960788651
            ],
            [
              -74.81460756099995,
              6.480419192788147
            ],
            [
              -74.8211776409999,
              6.493719414787721
            ],
            [
              -74.83292790099995,
              6.506419688787301
            ],
            [
              -74.84908827899994,
              6.522410050786815
            ],
            [
              -74.86038858199993,
              6.53008026178658
            ],
            [
              -74.87060887699994,
              6.53504042678642
            ],
            [
              -74.88058912299994,
              6.543280627786126
            ],
            [
              -74.87908900899993,
              6.5494206847859715
            ],
            [
              -74.87789893899992,
              6.552150709785887
            ],
            [
              -74.86331853599995,
              6.543250444786152
            ],
            [
              -74.84796803499995,
              6.541560264786181
            ],
            [
              -74.83625760599995,
              6.5437901617861165
            ],
            [
              -74.82526716699994,
              6.550240118785938
            ],
            [
              -74.81431671299993,
              6.557410076785668
            ],
            [
              -74.80874653799992,
              6.556200000785759
            ],
            [
              -74.80254639299994,
              6.549979867785959
            ],
            [
              -74.8000064069999,
              6.541019729786227
            ],
            [
              -74.7897962269999,
              6.525479441786718
            ],
            [
              -74.77549584699995,
              6.515599177787026
            ],
            [
              -74.75933538899994,
              6.507558904787289
            ],
            [
              -74.75647540499995,
              6.497228755787643
            ],
            [
              -74.74839526499994,
              6.484268518788048
            ],
            [
              -74.73280480999995,
              6.47747826978826
            ],
            [
              -74.72334449499994,
              6.477028159788299
            ],
            [
              -74.71836427099993,
              6.482518168788093
            ],
            [
              -74.71117905599993,
              6.47967306078821
            ],
            [
              -74.70297384799994,
              6.473177899788387
            ],
            [
              -74.70245385899995,
              6.470097855788482
            ],
            [
              -74.69817384499993,
              6.458427679788869
            ],
            [
              -74.68990368499993,
              6.447137464789257
            ],
            [
              -74.68628364499995,
              6.4396373317894895
            ],
            [
              -74.67681328999993,
              6.4424672667893645
            ],
            [
              -74.67384319099995,
              6.442467231789395
            ],
            [
              -74.6655428919999,
              6.444017157789335
            ],
            [
              -74.66350274599995,
              6.451437223789107
            ],
            [
              -74.66439270699993,
              6.457287304788926
            ],
            [
              -74.66206253999991,
              6.465677371788646
            ],
            [
              -74.65849230299995,
              6.476357450788301
            ],
            [
              -74.65860222999993,
              6.484037543788033
            ],
            [
              -74.65947219399993,
              6.489717617787844
            ],
            [
              -74.66426231699995,
              6.493087710787739
            ],
            [
              -74.67121254199992,
              6.4943628017877195
            ],
            [
              -74.69039315899994,
              6.497268038787624
            ],
            [
              -74.6951532139999,
              6.5071982047873025
            ],
            [
              -74.70183329399993,
              6.521048438786881
            ],
            [
              -74.7125535639999,
              6.5291886487865805
            ],
            [
              -74.72127371699992,
              6.542698896786194
            ],
            [
              -74.72726379999995,
              6.553639092785816
            ],
            [
              -74.73697406699995,
              6.559119255785657
            ],
            [
              -74.74673441499993,
              6.558029356785676
            ],
            [
              -74.7511246439999,
              6.550109306785933
            ],
            [
              -74.75803496099991,
              6.5427192977861655
            ],
            [
              -74.7560749989999,
              6.533079161786495
            ],
            [
              -74.75021485699995,
              6.528099045786649
            ],
            [
              -74.74602476399991,
              6.523348942786807
            ],
            [
              -74.74899489099994,
              6.520598939786878
            ],
            [
              -74.75419507599992,
              6.519818995786915
            ],
            [
              -74.76346536699992,
              6.522389120786813
            ],
            [
              -74.7695554949999,
              6.529269262786595
            ],
            [
              -74.78527589599992,
              6.5421995867862
            ],
            [
              -74.78426580299993,
              6.547399636786022
            ],
            [
              -74.78553918699993,
              6.555333463785754
            ],
            [
              -74.78565575699992,
              6.556059755785749
            ],
            [
              -74.79453599899995,
              6.561479911785535
            ],
            [
              -74.80020607499995,
              6.571860097785223
            ],
            [
              -74.80384605799992,
              6.5851002857847964
            ],
            [
              -74.80233585499991,
              6.598700428784374
            ],
            [
              -74.80318565199991,
              6.620130691783706
            ],
            [
              -74.80217554199993,
              6.627350765783447
            ],
            [
              -74.80590550799991,
              6.641960974782993
            ],
            [
              -74.80810549199992,
              6.650411103782698
            ],
            [
              -74.8130855089999,
              6.664041312782244
            ],
            [
              -74.81143533999995,
              6.674721428781903
            ],
            [
              -74.81173525999992,
              6.6824915227816835
            ],
            [
              -74.81555523799994,
              6.696271724781262
            ],
            [
              -74.81579512399992,
              6.707881865780893
            ],
            [
              -74.81576494099994,
              6.723952052780348
            ],
            [
              -74.8197349379999,
              6.736522249779949
            ],
            [
              -74.81356455399992,
              6.75236236877945
            ],
            [
              -74.80645421699995,
              6.76111239077913
            ],
            [
              -74.80303405299992,
              6.765612411778997
            ],
            [
              -74.79759389999992,
              6.762252308779129
            ],
            [
              -74.79387384199993,
              6.756722198779315
            ],
            [
              -74.78866427499992,
              6.752345863779431
            ],
            [
              -74.78693366499994,
              6.750892051779459
            ],
            [
              -74.78109345599995,
              6.75205200977944
            ],
            [
              -74.77487314399991,
              6.760992043779179
            ],
            [
              -74.77300295999993,
              6.771672149778838
            ],
            [
              -74.77070278699995,
              6.7802022287785375
            ],
            [
              -74.77657288199993,
              6.7902724057782
            ],
            [
              -74.7774427839999,
              6.801692553777845
            ],
            [
              -74.7831929539999,
              6.8038726477777525
            ],
            [
              -74.79198326599993,
              6.80306273577782
            ],
            [
              -74.80190345999995,
              6.815632995777436
            ],
            [
              -74.8093736699999,
              6.8198031287773
            ],
            [
              -74.8245240359999,
              6.832953448776851
            ],
            [
              -74.83113413599995,
              6.844923670776465
            ],
            [
              -74.83811429799994,
              6.8513638187762815
            ],
            [
              -74.85116479699991,
              6.846843909776418
            ],
            [
              -74.86013514899992,
              6.842223954776557
            ],
            [
              -74.86468542199992,
              6.832053884776869
            ],
            [
              -74.86106535499994,
              6.82637377477709
            ],
            [
              -74.85745529499991,
              6.821213671777221
            ],
            [
              -74.85955550199992,
              6.808443545777666
            ],
            [
              -74.8620956229999,
              6.805303537777768
            ],
            [
              -74.87192941399991,
              6.809918492777581
            ],
            [
              -74.8780161599999,
              6.806663722777669
            ],
            [
              -74.88435642399992,
              6.801773733777842
            ],
            [
              -74.89580684499992,
              6.79905383277795
            ],
            [
              -74.91010729599992,
              6.8025340317778085
            ],
            [
              -74.91995752999992,
              6.81201424977752
            ],
            [
              -74.91728738699993,
              6.817064281777347
            ],
            [
              -74.91315712199992,
              6.827574363777004
            ],
            [
              -74.8892561589999,
              6.841224264776574
            ],
            [
              -74.88276580399992,
              6.85314434277619
            ],
            [
              -74.88339576599992,
              6.858654410776055
            ],
            [
              -74.88616555899995,
              6.8852647647751555
            ],
            [
              -74.88681547199991,
              6.895094893774869
            ],
            [
              -74.8873952539999,
              6.916665159774203
            ],
            [
              -74.8875787739999,
              6.916889094774143
            ],
            [
              -74.89461540899993,
              6.925475350773874
            ],
            [
              -74.89894545999994,
              6.933925496773628
            ],
            [
              -74.9016755209999,
              6.937155569773527
            ],
            [
              -74.9077057579999,
              6.934105600773605
            ],
            [
              -74.90997592699995,
              6.9256655237738896
            ],
            [
              -74.91283609999994,
              6.9193954717740915
            ],
            [
              -74.91304613499995,
              6.916175442774165
            ],
            [
              -74.90962608699994,
              6.9106153297743464
            ],
            [
              -74.9090861549999,
              6.902525227774615
            ],
            [
              -74.9198566039999,
              6.894995252774849
            ],
            [
              -74.94075748199992,
              6.880325305775359
            ],
            [
              -74.94605851499995,
              6.87566105677548
            ],
            [
              -74.95016789999994,
              6.872045309775626
            ],
            [
              -74.95682814399993,
              6.8706853677756525
            ],
            [
              -74.96382835599991,
              6.873145475775546
            ],
            [
              -74.96532829099993,
              6.883605620775238
            ],
            [
              -74.96528825299993,
              6.8870956657751075
            ],
            [
              -74.96897833499992,
              6.890765750774995
            ],
            [
              -74.98150879099995,
              6.888475863775051
            ],
            [
              -74.99100912199992,
              6.887625949775123
            ],
            [
              -74.9940292849999,
              6.88257592677526
            ],
            [
              -74.99420940599992,
              6.87200580177558
            ],
            [
              -74.9938495319999,
              6.859715644775983
            ],
            [
              -74.9905595059999,
              6.85168551477623
            ],
            [
              -74.99553971199992,
              6.84813552577638
            ],
            [
              -75.00052994299995,
              6.843025521776525
            ],
            [
              -75.01018039199994,
              6.832635499776831
            ],
            [
              -75.0162506129999,
              6.830835544776928
            ],
            [
              -75.03008098599992,
              6.840595812776596
            ],
            [
              -75.03710119399994,
              6.843345923776516
            ],
            [
              -75.0404313649999,
              6.837915895776714
            ],
            [
              -75.03454131899991,
              6.823605651777171
            ],
            [
              -75.03283134799995,
              6.816225551777373
            ],
            [
              -75.04576193199995,
              6.80310553177782
            ],
            [
              -75.06803266799994,
              6.805305801777752
            ],
            [
              -75.07225281899991,
              6.805095847777751
            ],
            [
              -75.08122299999991,
              6.816786082777374
            ],
            [
              -75.08931324499991,
              6.819226203777303
            ],
            [
              -75.10099367999993,
              6.8161362947774204
            ],
            [
              -75.10802398499993,
              6.810566300777562
            ],
            [
              -75.12158440399992,
              6.814496501777432
            ],
            [
              -75.13720484899994,
              6.822826776777155
            ],
            [
              -75.1498652919999,
              6.822736909777175
            ],
            [
              -75.15800552799993,
              6.825997038777084
            ],
            [
              -75.15861542199991,
              6.837917197776702
            ],
            [
              -75.1601853439999,
              6.850307363776292
            ],
            [
              -75.15866516099993,
              6.861697489775913
            ],
            [
              -75.16337522599991,
              6.870927652775658
            ],
            [
              -75.17021546599995,
              6.87037772177565
            ],
            [
              -75.1734455109999,
              6.875857822775462
            ],
            [
              -75.1754754879999,
              6.884827958775187
            ],
            [
              -75.18090551599994,
              6.899068191774742
            ],
            [
              -75.1833801379999,
              6.910815971774374
            ],
            [
              -75.18553556799992,
              6.909078365774424
            ],
            [
              -75.19263594199992,
              6.897468305774786
            ],
            [
              -75.1936262449999,
              6.872528000775612
            ],
            [
              -75.1928463989999,
              6.856277791776111
            ],
            [
              -75.19879668699991,
              6.84862776577634
            ],
            [
              -75.20802710999993,
              6.839367752776674
            ],
            [
              -75.2133473639999,
              6.832867731776862
            ],
            [
              -75.2126473969999,
              6.827467652777008
            ],
            [
              -75.2056272339999,
              6.820027491777265
            ],
            [
              -75.1980568969999,
              6.827107491777016
            ],
            [
              -75.1885965059999,
              6.833437470776855
            ],
            [
              -75.18223619999992,
              6.841317491776611
            ],
            [
              -75.17447599499991,
              6.835707342776784
            ],
            [
              -75.16560576099994,
              6.828667155776975
            ],
            [
              -75.1624557639999,
              6.818717002777324
            ],
            [
              -75.15367560399994,
              6.806246751777687
            ],
            [
              -75.14726540599992,
              6.803806648777801
            ],
            [
              -75.14395530199994,
              6.802756598777838
            ],
            [
              -75.14944559899993,
              6.7933065467780995
            ],
            [
              -75.15544584199995,
              6.789666563778247
            ],
            [
              -75.17544656199993,
              6.7870167587783055
            ],
            [
              -75.19221716499993,
              6.7845869057784105
            ],
            [
              -75.20476768099991,
              6.776786950778665
            ],
            [
              -75.2173280959999,
              6.7779570957786275
            ],
            [
              -75.22451829199991,
              6.783317244778474
            ],
            [
              -75.21975800299992,
              6.79409732477809
            ],
            [
              -75.21438775699994,
              6.79948733277792
            ],
            [
              -75.2101175169999,
              6.80847739377765
            ],
            [
              -75.21579771699993,
              6.808457460777623
            ],
            [
              -75.22645800599992,
              6.8150976537774115
            ],
            [
              -75.22233781099993,
              6.820097676777297
            ],
            [
              -75.22695784699994,
              6.831457861776927
            ],
            [
              -75.24045837599994,
              6.825527938777065
            ],
            [
              -75.25529880499994,
              6.832608190776875
            ],
            [
              -75.2629101679999,
              6.833911524776834
            ],
            [
              -75.26954927399993,
              6.8350483737767735
            ],
            [
              -75.27197926199995,
              6.843708510776489
            ],
            [
              -75.27087899599991,
              6.86431874677587
            ],
            [
              -75.2733006439999,
              6.8821519427752635
            ],
            [
              -75.27351887599991,
              6.8837590177752555
            ],
            [
              -75.2713086519999,
              6.8970391627747825
            ],
            [
              -75.26435817999993,
              6.917899345774139
            ],
            [
              -75.26381796899994,
              6.935469557773582
            ],
            [
              -75.26730791499995,
              6.951189796773041
            ],
            [
              -75.27075792999995,
              6.961039957772759
            ],
            [
              -75.2704329959999,
              6.963186854772676
            ],
            [
              -75.27099790599993,
              6.9632799877726805
            ],
            [
              -75.27843807699992,
              6.971720172772398
            ],
            [
              -75.29111849799995,
              6.97269032577239
            ],
            [
              -75.29732869499992,
              6.974800423772323
            ],
            [
              -75.3058790039999,
              6.973220493772387
            ],
            [
              -75.30958924299995,
              6.963570413772668
            ],
            [
              -75.32363967599991,
              6.967630618772565
            ],
            [
              -75.34302039699992,
              6.962920778772684
            ],
            [
              -75.35241070199993,
              6.9648809027726175
            ],
            [
              -75.37176144699993,
              6.958381034772831
            ],
            [
              -75.38163181999994,
              6.954911103772958
            ],
            [
              -75.38580205999995,
              6.946911039773228
            ],
            [
              -75.39282236699995,
              6.940651039773428
            ],
            [
              -75.39706254999993,
              6.937251042773507
            ],
            [
              -75.39871250599992,
              6.940955627773372
            ]
          ],
          [
            [
              -74.95083912099994,
              6.763074006779088
            ],
            [
              -74.95537917999991,
              6.772324165778822
            ],
            [
              -74.95839919899993,
              6.779754283778587
            ],
            [
              -74.95304898599994,
              6.782244260778491
            ],
            [
              -74.94305872299992,
              6.7753440677786685
            ],
            [
              -74.93524858099994,
              6.763703841779052
            ],
            [
              -74.94170885999995,
              6.7590438587792425
            ],
            [
              -74.92473843599993,
              6.744273488779713
            ],
            [
              -74.92191825599991,
              6.7519435567794455
            ],
            [
              -74.9204080529999,
              6.765743700779022
            ],
            [
              -74.9158678419999,
              6.7708237097788375
            ],
            [
              -74.90397747999992,
              6.767123539778958
            ],
            [
              -74.89729726699994,
              6.765673442779029
            ],
            [
              -74.90076752099992,
              6.753573342779417
            ],
            [
              -74.91209807099995,
              6.738343278779866
            ],
            [
              -74.92793868399991,
              6.732023378780078
            ],
            [
              -74.94417929899993,
              6.726603492780284
            ],
            [
              -74.94455451699991,
              6.726373616780297
            ],
            [
              -74.94482931999994,
              6.726603501780246
            ],
            [
              -74.95831970699993,
              6.733373726780048
            ],
            [
              -74.9641398469999,
              6.738393853779859
            ],
            [
              -74.95742947699995,
              6.751143929779476
            ],
            [
              -74.95083912099994,
              6.763074006779088
            ]
          ],
          [
            [
              -75.38580407299992,
              6.756660457779293
            ],
            [
              -75.37612774699994,
              6.747534314779579
            ],
            [
              -75.37208473999993,
              6.731493084780108
            ],
            [
              -75.36137709699995,
              6.7108994327807645
            ],
            [
              -75.35399774599995,
              6.691737526781357
            ],
            [
              -75.35635876999993,
              6.680826580781743
            ],
            [
              -75.36408376199995,
              6.652572668782628
            ],
            [
              -75.37689102099995,
              6.642080803782959
            ],
            [
              -75.38339595199994,
              6.638367393783087
            ],
            [
              -75.38365701899994,
              6.622058216783629
            ],
            [
              -75.36822213099992,
              6.612713658783915
            ],
            [
              -75.38317536499994,
              6.608413318784068
            ],
            [
              -75.39288440199994,
              6.606538912784117
            ],
            [
              -75.40128392199995,
              6.592408533784576
            ],
            [
              -75.40611975599995,
              6.574248494785151
            ],
            [
              -75.41334783299993,
              6.531064168786527
            ],
            [
              -75.41854734899994,
              6.507615652787301
            ],
            [
              -75.4215368099999,
              6.501641761787495
            ],
            [
              -75.42904707699995,
              6.507570001787304
            ],
            [
              -75.43707202699994,
              6.519632844786889
            ],
            [
              -75.44294639599991,
              6.535599703786375
            ],
            [
              -75.44161516299994,
              6.5548698187857966
            ],
            [
              -75.44081906299994,
              6.571252459785219
            ],
            [
              -75.4220351809999,
              6.582611255784883
            ],
            [
              -75.40944305999994,
              6.594035509784536
            ],
            [
              -75.40312447699995,
              6.610791256783988
            ],
            [
              -75.40770495699991,
              6.628225296783439
            ],
            [
              -75.40805183799995,
              6.643780106782908
            ],
            [
              -75.41394143399992,
              6.662555153782326
            ],
            [
              -75.41544012599991,
              6.674042135781965
            ],
            [
              -75.41069604899991,
              6.678827014781809
            ],
            [
              -75.40006508999994,
              6.690342253781447
            ],
            [
              -75.39731352799993,
              6.705070334780964
            ],
            [
              -75.39069174799994,
              6.714139524780661
            ],
            [
              -75.39600416399992,
              6.735931128779949
            ],
            [
              -75.39447608899991,
              6.743949303779709
            ],
            [
              -75.38941225699995,
              6.754117259779361
            ],
            [
              -75.38729311899993,
              6.756870344779267
            ],
            [
              -75.38580407299992,
              6.756660457779293
            ]
          ],
          [
            [
              -75.35562551499993,
              6.518985822786904
            ],
            [
              -75.35924012099991,
              6.53525484678643
            ],
            [
              -75.36690750499992,
              6.553902288785798
            ],
            [
              -75.37468449999994,
              6.5801305697849495
            ],
            [
              -75.37545447999992,
              6.589218518784651
            ],
            [
              -75.36872509599993,
              6.597052392784429
            ],
            [
              -75.36101328899991,
              6.594281118784514
            ],
            [
              -75.34666348799993,
              6.5832106647848825
            ],
            [
              -75.33966311599994,
              6.571626233785237
            ],
            [
              -75.3365387369999,
              6.550958779785918
            ],
            [
              -75.34016779799992,
              6.530787395786533
            ],
            [
              -75.34270146999995,
              6.510451523787208
            ],
            [
              -75.35562551499993,
              6.518985822786904
            ]
          ],
          [
            [
              -75.29419515399991,
              6.338868899792735
            ],
            [
              -75.30837249799993,
              6.358999834792083
            ],
            [
              -75.32152733999993,
              6.371047778791649
            ],
            [
              -75.34314143499995,
              6.390657013791038
            ],
            [
              -75.34906320099992,
              6.403257550790663
            ],
            [
              -75.36657891999994,
              6.430521271789777
            ],
            [
              -75.39011074099994,
              6.440727710789454
            ],
            [
              -75.40848617599994,
              6.44701163578924
            ],
            [
              -75.40921025799992,
              6.458670409788888
            ],
            [
              -75.4069814309999,
              6.471469184788435
            ],
            [
              -75.40227665599991,
              6.479510271788208
            ],
            [
              -75.39273324299995,
              6.471779728788429
            ],
            [
              -75.35185420399995,
              6.435767688789579
            ],
            [
              -75.33682505099995,
              6.426494459789907
            ],
            [
              -75.31634416399993,
              6.41071682979041
            ],
            [
              -75.3044399659999,
              6.394386576790959
            ],
            [
              -75.28689554699992,
              6.386701998791195
            ],
            [
              -75.27719542599993,
              6.379620445791386
            ],
            [
              -75.25335679699992,
              6.368983036791761
            ],
            [
              -75.25255192199995,
              6.368892553791758
            ],
            [
              -75.25215838399993,
              6.36769407179179
            ],
            [
              -75.24652745899994,
              6.351728079792282
            ],
            [
              -75.23587985799992,
              6.3266594907930855
            ],
            [
              -75.2321809579999,
              6.310514586793623
            ],
            [
              -75.24221088399992,
              6.312007254793605
            ],
            [
              -75.2604150869999,
              6.318734457793353
            ],
            [
              -75.27322010599994,
              6.325115777793151
            ],
            [
              -75.29419515399991,
              6.338868899792735
            ]
          ],
          [
            [
              -75.2844735029999,
              6.175365781797997
            ],
            [
              -75.27839542899994,
              6.180067894797854
            ],
            [
              -75.27343545899993,
              6.185969179797663
            ],
            [
              -75.2727986889999,
              6.195071112797318
            ],
            [
              -75.27992526499992,
              6.198388761797266
            ],
            [
              -75.2810071799999,
              6.20251023579712
            ],
            [
              -75.26175361899993,
              6.211603781796808
            ],
            [
              -75.24775668899991,
              6.2160841277967025
            ],
            [
              -75.2283418159999,
              6.2023963227971155
            ],
            [
              -75.2261943019999,
              6.198373418797239
            ],
            [
              -75.22961073599993,
              6.19234691179743
            ],
            [
              -75.24646614999995,
              6.194486812797384
            ],
            [
              -75.2562072739999,
              6.197357867797251
            ],
            [
              -75.2658766529999,
              6.196076247797305
            ],
            [
              -75.26867653699992,
              6.1821620427977555
            ],
            [
              -75.26839014899991,
              6.167485734798245
            ],
            [
              -75.26507283299992,
              6.156825945798598
            ],
            [
              -75.26938514099993,
              6.134970461799286
            ],
            [
              -75.27570310499993,
              6.120532259799743
            ],
            [
              -75.28835313399992,
              6.118389182799843
            ],
            [
              -75.29141603099993,
              6.120142788799758
            ],
            [
              -75.2897738719999,
              6.131506206799419
            ],
            [
              -75.28535892799994,
              6.13650345879921
            ],
            [
              -75.27763753199991,
              6.142637639799055
            ],
            [
              -75.2749788989999,
              6.150719077798776
            ],
            [
              -75.2844735029999,
              6.175365781797997
            ]
          ]
        ]
      }
    },
    {
      "type": "Feature",
      "properties": {
        "SimboloUC": "K1-Mmg",
        "Descripcion": "Anfibolitas, gneises cuarzofeldespáticos, anfibolitas, migmatitas, esquistos y serpentinitas.",
        "Edad": "Cretácico Inferior"
      },
      "geometry": {
        "type": "Polygon",
        "coordinates": [
          [
            [
              -75.5993022479999,
              6.471835644788433
            ],
            [
              -75.59026430499995,
              6.466707307788624
            ],
            [
              -75.58814424499991,
              6.465827273788621
            ],
            [
              -75.58139412399993,
              6.454627069789003
            ],
            [
              -75.57237412299992,
              6.425266622789958
            ],
            [
              -75.56159991899995,
              6.404903068790585
            ],
            [
              -75.55005175999992,
              6.381002819791347
            ],
            [
              -75.53908230699994,
              6.3593237587920575
            ],
            [
              -75.53509558299993,
              6.349894092792345
            ],
            [
              -75.53266241599994,
              6.328624588793054
            ],
            [
              -75.52906024299995,
              6.310379472793641
            ],
            [
              -75.52387113399993,
              6.295606219794125
            ],
            [
              -75.5197629409999,
              6.2805140657946055
            ],
            [
              -75.51450323299991,
              6.2679441107950105
            ],
            [
              -75.51203944199995,
              6.252367278795489
            ],
            [
              -75.50906824599991,
              6.241172050795886
            ],
            [
              -75.50465882899994,
              6.232679764796129
            ],
            [
              -75.50260708299993,
              6.218363825796615
            ],
            [
              -75.50487622799994,
              6.206136522796974
            ],
            [
              -75.50574968699993,
              6.201429885797159
            ],
            [
              -75.5053831319999,
              6.183838416797703
            ],
            [
              -75.50503819699992,
              6.1776960157979275
            ],
            [
              -75.50114013699994,
              6.170059616798137
            ],
            [
              -75.5033934619999,
              6.1542137307986815
            ],
            [
              -75.5030132409999,
              6.141037780799103
            ],
            [
              -75.50253842299992,
              6.135749004799289
            ],
            [
              -75.5020536429999,
              6.1303492577994465
            ],
            [
              -75.50542519099992,
              6.119900592799776
            ],
            [
              -75.5076380559999,
              6.108658563800119
            ],
            [
              -75.51120144399994,
              6.103773272800286
            ],
            [
              -75.50567439299994,
              6.102775110800341
            ],
            [
              -75.49618392499991,
              6.1093647018000885
            ],
            [
              -75.49343339099994,
              6.109722160800123
            ],
            [
              -75.49360852699994,
              6.106239786800196
            ],
            [
              -75.4883940169999,
              6.097997952800467
            ],
            [
              -75.48108741399994,
              6.090504186800726
            ],
            [
              -75.47200370299993,
              6.097550140800483
            ],
            [
              -75.4687812709999,
              6.100820555800405
            ],
            [
              -75.46476412699991,
              6.104897514800255
            ],
            [
              -75.45280279799994,
              6.11599222079989
            ],
            [
              -75.4411908379999,
              6.141076763799061
            ],
            [
              -75.4393471219999,
              6.145556144798935
            ],
            [
              -75.44038948199994,
              6.162337806798423
            ],
            [
              -75.4450207829999,
              6.177571292797927
            ],
            [
              -75.44500931999994,
              6.209190903796909
            ],
            [
              -75.44607548599993,
              6.230139463796197
            ],
            [
              -75.44671645099993,
              6.258726919795304
            ],
            [
              -75.4513616449999,
              6.27431044279478
            ],
            [
              -75.45802600699994,
              6.291557728794263
            ],
            [
              -75.46573747799994,
              6.308604635793674
            ],
            [
              -75.4696384749999,
              6.316456162793422
            ],
            [
              -75.47385292999991,
              6.335250301792848
            ],
            [
              -75.46673572199995,
              6.334891757792862
            ],
            [
              -75.46165004499994,
              6.328174299793057
            ],
            [
              -75.4517198339999,
              6.3203343787933415
            ],
            [
              -75.45027394199991,
              6.305946349793764
            ],
            [
              -75.44730287199991,
              6.298590504794001
            ],
            [
              -75.43257138099995,
              6.27916032179463
            ],
            [
              -75.41949244999995,
              6.261278323795196
            ],
            [
              -75.41318983399992,
              6.254309857795432
            ],
            [
              -75.40488043599993,
              6.250784787795578
            ],
            [
              -75.39833912799992,
              6.251810493795492
            ],
            [
              -75.39097795599992,
              6.250346643795544
            ],
            [
              -75.38357014199994,
              6.264758719795127
            ],
            [
              -75.38647876999994,
              6.2712941257948716
            ],
            [
              -75.3849632319999,
              6.290762710794268
            ],
            [
              -75.38599743499992,
              6.305695360793789
            ],
            [
              -75.37926435499992,
              6.313219011793527
            ],
            [
              -75.36257986499993,
              6.313517081793555
            ],
            [
              -75.35433555999992,
              6.313586294793518
            ],
            [
              -75.36079848799994,
              6.32080847379328
            ],
            [
              -75.37225954399992,
              6.332539051792932
            ],
            [
              -75.3796457439999,
              6.328037521793044
            ],
            [
              -75.38767025099992,
              6.320916001793273
            ],
            [
              -75.39659353099995,
              6.320537325793325
            ],
            [
              -75.41585323999993,
              6.329031022793047
            ],
            [
              -75.42526782699991,
              6.3310109007929745
            ],
            [
              -75.43294521299993,
              6.333256089792909
            ],
            [
              -75.4334928099999,
              6.337027061792776
            ],
            [
              -75.44198307599993,
              6.351464560792304
            ],
            [
              -75.44913851299992,
              6.363792295791897
            ],
            [
              -75.47036614599995,
              6.389380669791066
            ],
            [
              -75.4685092169999,
              6.400980211790752
            ],
            [
              -75.4760550229999,
              6.406274392790529
            ],
            [
              -75.48008678999992,
              6.411975479790382
            ],
            [
              -75.47999136399994,
              6.423133238789983
            ],
            [
              -75.49184978399995,
              6.443697910789353
            ],
            [
              -75.5009097489999,
              6.448633880789208
            ],
            [
              -75.5099698649999,
              6.453569650789028
            ],
            [
              -75.51912938899994,
              6.4638378167887
            ],
            [
              -75.53200954699992,
              6.476727899788295
            ],
            [
              -75.54468763699992,
              6.493151454787785
            ],
            [
              -75.55728860699992,
              6.510236872787198
            ],
            [
              -75.56373482399994,
              6.516789695786982
            ],
            [
              -75.56784615499993,
              6.527060491786693
            ],
            [
              -75.57158995099991,
              6.532560169786492
            ],
            [
              -75.5815493039999,
              6.538098186786307
            ],
            [
              -75.5861225459999,
              6.545462670786063
            ],
            [
              -75.59520029599992,
              6.566233821785419
            ],
            [
              -75.59812646599994,
              6.579870045784959
            ],
            [
              -75.59842396199991,
              6.580630212784946
            ],
            [
              -75.60519145599994,
              6.597921755784386
            ],
            [
              -75.61409462799992,
              6.609440012783995
            ],
            [
              -75.62068759899995,
              6.622543248783586
            ],
            [
              -75.63037022399993,
              6.6412604987829935
            ],
            [
              -75.63826603599995,
              6.649914404782721
            ],
            [
              -75.6435724609999,
              6.661531027782355
            ],
            [
              -75.65133936199993,
              6.675205399781884
            ],
            [
              -75.66416308399994,
              6.6943103617813
            ],
            [
              -75.6684202909999,
              6.704574119780981
            ],
            [
              -75.66708100499994,
              6.722835802780383
            ],
            [
              -75.66708099699991,
              6.722835915780386
            ],
            [
              -75.66929426599995,
              6.72785136978021
            ],
            [
              -75.66982416399992,
              6.739421526779834
            ],
            [
              -75.6735041039999,
              6.756851780779307
            ],
            [
              -75.69657468199995,
              6.777282290778635
            ],
            [
              -75.70115482299991,
              6.7794023597785715
            ],
            [
              -75.70215616699994,
              6.783288377778449
            ],
            [
              -75.70309493199994,
              6.7749223267787135
            ],
            [
              -75.69932502699993,
              6.754432033779351
            ],
            [
              -75.70197521799992,
              6.744561928779667
            ],
            [
              -75.70599534099995,
              6.74689200677959
            ],
            [
              -75.71763566499993,
              6.7542422287793675
            ],
            [
              -75.71687586999991,
              6.732301937780109
            ],
            [
              -75.71504599299993,
              6.714851705780621
            ],
            [
              -75.71482631899994,
              6.684291315781604
            ],
            [
              -75.71818670099992,
              6.6593910407824035
            ],
            [
              -75.71992888799991,
              6.64900535778276
            ],
            [
              -75.7165269109999,
              6.634240709783248
            ],
            [
              -75.70281661599995,
              6.617210349783757
            ],
            [
              -75.69408641099994,
              6.607640138784086
            ],
            [
              -75.69013641099991,
              6.595359944784447
            ],
            [
              -75.69177660899993,
              6.581549792784932
            ],
            [
              -75.68541659999994,
              6.561659475785535
            ],
            [
              -75.68032657499992,
              6.547449250785995
            ],
            [
              -75.67730668099995,
              6.527958980786613
            ],
            [
              -75.6688166049999,
              6.507058633787333
            ],
            [
              -75.64442594299993,
              6.48923815978789
            ],
            [
              -75.63545568099994,
              6.484913010788018
            ],
            [
              -75.6101149079999,
              6.475427622788347
            ],
            [
              -75.60718325199991,
              6.474469800788345
            ],
            [
              -75.60535048899993,
              6.473870980788368
            ],
            [
              -75.59952456999991,
              6.471967473788425
            ],
            [
              -75.5993022479999,
              6.471835644788433
            ]
          ],
          [
            [
              -75.69750594699991,
              6.6624308587822965
            ],
            [
              -75.69161592699993,
              6.644900576782869
            ],
            [
              -75.67423558399992,
              6.620560086783662
            ],
            [
              -75.66117526499994,
              6.607799787784091
            ],
            [
              -75.63913478499995,
              6.581579230784945
            ],
            [
              -75.62483453099992,
              6.558568794785632
            ],
            [
              -75.60687996799993,
              6.538148078786301
            ],
            [
              -75.60437429099994,
              6.535298233786375
            ],
            [
              -75.59928395599991,
              6.529508169786567
            ],
            [
              -75.57508337899992,
              6.504647608787402
            ],
            [
              -75.56382464699993,
              6.485059492788001
            ],
            [
              -75.5662410029999,
              6.475962979788324
            ],
            [
              -75.56896446899992,
              6.469315284788513
            ],
            [
              -75.58661400099993,
              6.483967483788047
            ],
            [
              -75.59153872399992,
              6.492948067787785
            ],
            [
              -75.59545413299992,
              6.500087769787519
            ],
            [
              -75.60287425299992,
              6.513308014787101
            ],
            [
              -75.61912456099992,
              6.5370184717863395
            ],
            [
              -75.64565519799993,
              6.563809081785516
            ],
            [
              -75.66616572099991,
              6.582069522784925
            ],
            [
              -75.67669595299992,
              6.594449789784496
            ],
            [
              -75.6876461459999,
              6.61133011278396
            ],
            [
              -75.69506622199992,
              6.629120420783361
            ],
            [
              -75.70201633399995,
              6.640890632783031
            ],
            [
              -75.70481624799993,
              6.658320886782444
            ],
            [
              -75.70273604599993,
              6.669911003782102
            ],
            [
              -75.69750594699991,
              6.6624308587822965
            ]
          ]
        ]
      }
    },
    {
      "type": "Feature",
      "properties": {
        "SimboloUC": "b5k4-VCm",
        "Descripcion": "Basaltos y andesitas intercalados con arenitas lodosas líticas, lodolitas carbonosas, arenitas feldespáticas, calizas y limolitas silíceas.",
        "Edad": "Aptiano-Santoniano"
      },
      "geometry": {
        "type": "Polygon",
        "coordinates": [
          [
            [
              -75.73232994799992,
              6.398647977790773
            ],
            [
              -75.7318598139999,
              6.40954810879045
            ],
            [
              -75.73158953799992,
              6.4350784177896045
            ],
            [
              -75.73639959399992,
              6.446058596789248
            ],
            [
              -75.74280975599993,
              6.45155872978907
            ],
            [
              -75.75873021199993,
              6.460509013788824
            ],
            [
              -75.76699282399994,
              6.44036429278946
            ],
            [
              -75.7661206969999,
              6.438718821789497
            ],
            [
              -75.76517076399995,
              6.429218697789803
            ],
            [
              -75.7632809239999,
              6.408078419790463
            ],
            [
              -75.75807095599993,
              6.387508113791161
            ],
            [
              -75.7540909519999,
              6.374827917791542
            ],
            [
              -75.75287108499992,
              6.357587692792135
            ],
            [
              -75.74278086699991,
              6.345467443792508
            ],
            [
              -75.74095071999994,
              6.353327513792243
            ],
            [
              -75.73706056599991,
              6.355307499792162
            ],
            [
              -75.73375057899995,
              6.343087321792602
            ],
            [
              -75.73026060599994,
              6.3286171057930645
            ],
            [
              -75.73525085599994,
              6.3212170717933045
            ],
            [
              -75.74098120899993,
              6.306586947793766
            ],
            [
              -75.74129139699994,
              6.2888667447943245
            ],
            [
              -75.73799142699994,
              6.275116546794741
            ],
            [
              -75.73730156599993,
              6.260016351795285
            ],
            [
              -75.7282415169999,
              6.234145949796104
            ],
            [
              -75.72432150299994,
              6.222325764796451
            ],
            [
              -75.70872135899992,
              6.183535145797708
            ],
            [
              -75.69811133099995,
              6.151044653798786
            ],
            [
              -75.69395151099991,
              6.119314235799819
            ],
            [
              -75.6958031989999,
              6.112270623800022
            ],
            [
              -75.69445162099993,
              6.1101141308000635
            ],
            [
              -75.68341135299994,
              6.099133887800407
            ],
            [
              -75.66762111799994,
              6.068663365801425
            ],
            [
              -75.65991108399993,
              6.045483022802186
            ],
            [
              -75.65481124999991,
              6.012752582803217
            ],
            [
              -75.64949000399992,
              5.9871907948040475
            ],
            [
              -75.64590137199991,
              5.969952000804623
            ],
            [
              -75.64699149599994,
              5.961101905804891
            ],
            [
              -75.64142150099991,
              5.941561625805525
            ],
            [
              -75.6366614719999,
              5.928261421805929
            ],
            [
              -75.6344515799999,
              5.91044119980655
            ],
            [
              -75.62493140599992,
              5.894940922807053
            ],
            [
              -75.60843095299992,
              5.883340626807389
            ],
            [
              -75.59258060199994,
              5.863740240808036
            ],
            [
              -75.57710032099993,
              5.838829805808866
            ],
            [
              -75.58126056299994,
              5.829229734809151
            ],
            [
              -75.58237070099995,
              5.819779637809446
            ],
            [
              -75.58137087599994,
              5.798849394810115
            ],
            [
              -75.57468078099993,
              5.785189171810564
            ],
            [
              -75.56422062699994,
              5.764308830811227
            ],
            [
              -75.55519048299993,
              5.74775855681177
            ],
            [
              -75.55315574999992,
              5.735900551812184
            ],
            [
              -75.55030039699994,
              5.722099677812603
            ],
            [
              -75.5426861219999,
              5.7159130788128225
            ],
            [
              -75.53983076899993,
              5.70734701981306
            ],
            [
              -75.5374513079999,
              5.696401498813419
            ],
            [
              -75.53126470899991,
              5.693546145813543
            ],
            [
              -75.51984329599992,
              5.693546145813543
            ],
            [
              -75.51499970499992,
              5.687687486813721
            ],
            [
              -75.5106754759999,
              5.676393013814061
            ],
            [
              -75.50927965499994,
              5.672747263814202
            ],
            [
              -75.50937366799991,
              5.666420289814412
            ],
            [
              -75.51413258999992,
              5.663089044814495
            ],
            [
              -75.51984329599992,
              5.659281906814667
            ],
            [
              -75.5212709729999,
              5.651191739814893
            ],
            [
              -75.51698794299995,
              5.649288170814974
            ],
            [
              -75.51746383499994,
              5.644529248815122
            ],
            [
              -75.52278045399993,
              5.638917024815298
            ],
            [
              -75.5234606219999,
              5.624136863815798
            ],
            [
              -75.52551082899993,
              5.610496736816214
            ],
            [
              -75.51997073899992,
              5.600606572816524
            ],
            [
              -75.51442069599995,
              5.585906352816984
            ],
            [
              -75.52530108999991,
              5.583446432817087
            ],
            [
              -75.52718124599994,
              5.574196354817407
            ],
            [
              -75.52714773899993,
              5.5733356408174375
            ],
            [
              -75.52696129399993,
              5.568546283817599
            ],
            [
              -75.53608176299991,
              5.552226195818087
            ],
            [
              -75.54016960699994,
              5.537325040818607
            ],
            [
              -75.5381720709999,
              5.5281159518188865
            ],
            [
              -75.53412210599993,
              5.511045724819459
            ],
            [
              -75.53832234099991,
              5.50185567181976
            ],
            [
              -75.54839277899993,
              5.491715659820058
            ],
            [
              -75.5450727939999,
              5.479095488820492
            ],
            [
              -75.54167281499991,
              5.464675300820928
            ],
            [
              -75.54535308599992,
              5.449525168821444
            ],
            [
              -75.54553325299992,
              5.433234993821978
            ],
            [
              -75.54773342399994,
              5.4235449118222645
            ],
            [
              -75.55323366499994,
              5.417934905822468
            ],
            [
              -75.55315574999992,
              5.409676447822731
            ],
            [
              -75.55315574999992,
              5.407027319822791
            ],
            [
              -75.55277375499992,
              5.407104780822775
            ],
            [
              -75.54584344999995,
              5.414514794822554
            ],
            [
              -75.54403348799991,
              5.403534659822901
            ],
            [
              -75.54212361599991,
              5.383594423823574
            ],
            [
              -75.54664400999991,
              5.359324208824363
            ],
            [
              -75.54539410399991,
              5.3448340418248135
            ],
            [
              -75.5479542569999,
              5.338153998825014
            ],
            [
              -75.54549422999992,
              5.332683913825231
            ],
            [
              -75.54910449599993,
              5.317773793825686
            ],
            [
              -75.54673008099991,
              5.311848336825894
            ],
            [
              -75.54569733199992,
              5.311253972825916
            ],
            [
              -75.54578452899995,
              5.302053590826204
            ],
            [
              -75.54655493299992,
              5.262913185827453
            ],
            [
              -75.5482151729999,
              5.244182997828054
            ],
            [
              -75.5469353069999,
              5.225442783828673
            ],
            [
              -75.54942551799991,
              5.212002666829149
            ],
            [
              -75.55015574899994,
              5.190982457829802
            ],
            [
              -75.54879585299994,
              5.174792273830355
            ],
            [
              -75.54935614999994,
              5.145901978831287
            ],
            [
              -75.54854624699993,
              5.132951829831701
            ],
            [
              -75.54902629799994,
              5.128621787831852
            ],
            [
              -75.55247644799994,
              5.125931800831948
            ],
            [
              -75.55427166399994,
              5.108831637832483
            ],
            [
              -75.55410688099994,
              5.085761395833216
            ],
            [
              -75.5596072479999,
              5.067021254833808
            ],
            [
              -75.56280768499994,
              5.031590918834966
            ],
            [
              -75.5698031849999,
              5.003895691835883
            ],
            [
              -75.57575795999992,
              4.979132182836659
            ],
            [
              -75.57952889799992,
              4.9634503718371965
            ],
            [
              -75.59015966899995,
              4.920120025838594
            ],
            [
              -75.59751014299991,
              4.895509843839394
            ],
            [
              -75.60058755299991,
              4.878407767839936
            ],
            [
              -75.60356187899993,
              4.863536136840411
            ],
            [
              -75.60832080099993,
              4.856397753840663
            ],
            [
              -75.6124848579999,
              4.843310717841085
            ],
            [
              -75.61239072299992,
              4.84199282784113
            ],
            [
              -75.61129512699995,
              4.8266544908416265
            ],
            [
              -75.60891566599992,
              4.817731512841932
            ],
            [
              -75.60177728299993,
              4.817731512841932
            ],
            [
              -75.59642349599994,
              4.82189556884177
            ],
            [
              -75.5958286309999,
              4.827249356841633
            ],
            [
              -75.59463889999995,
              4.839741526841206
            ],
            [
              -75.58750051699991,
              4.845095313841017
            ],
            [
              -75.58036213399993,
              4.845690179841027
            ],
            [
              -75.5726288859999,
              4.837362065841302
            ],
            [
              -75.56929764099993,
              4.829271898841536
            ],
            [
              -75.56563851699991,
              4.826019343841681
            ],
            [
              -75.56501461099992,
              4.825464760841698
            ],
            [
              -75.5559726589999,
              4.824512976841675
            ],
            [
              -75.54645481499995,
              4.819278161841856
            ],
            [
              -75.54074410899995,
              4.8092844258422245
            ],
            [
              -75.53741286299993,
              4.805477288842328
            ],
            [
              -75.5340816179999,
              4.812139778842108
            ],
            [
              -75.5345575099999,
              4.8178504858419124
            ],
            [
              -75.5345575099999,
              4.83069957484148
            ],
            [
              -75.53693697099993,
              4.842120987841157
            ],
            [
              -75.54122000099994,
              4.849735262840895
            ],
            [
              -75.54550303099995,
              4.857825430840595
            ],
            [
              -75.55359319799993,
              4.865439705840391
            ],
            [
              -75.55406908999993,
              4.872578088840139
            ],
            [
              -75.5512137369999,
              4.876861118840009
            ],
            [
              -75.54312356999992,
              4.876385225840034
            ],
            [
              -75.53550929399995,
              4.879716471839892
            ],
            [
              -75.52551555799994,
              4.883999501839757
            ],
            [
              -75.52005532099992,
              4.888289687839609
            ],
            [
              -75.51885306699995,
              4.88923431583959
            ],
            [
              -75.5099370449999,
              4.8920499018394965
            ],
            [
              -75.51009718499995,
              4.893179002839468
            ],
            [
              -75.50616690299995,
              4.908899124838958
            ],
            [
              -75.5050466319999,
              4.9338493648381565
            ],
            [
              -75.5006763639999,
              4.946819456837727
            ],
            [
              -75.49809609699992,
              4.966179632837118
            ],
            [
              -75.49268575999992,
              4.982379742836593
            ],
            [
              -75.48974550199995,
              4.998399884836075
            ],
            [
              -75.48388519799994,
              5.009579943835685
            ],
            [
              -75.47596481599993,
              5.022189994835298
            ],
            [
              -75.47525997799994,
              5.023702985835218
            ],
            [
              -75.47685558099994,
              5.024149754835207
            ],
            [
              -75.48696828999994,
              5.028313811835096
            ],
            [
              -75.49529640299994,
              5.033072733834951
            ],
            [
              -75.49946045999991,
              5.039616250834696
            ],
            [
              -75.5048142469999,
              5.03783165583475
            ],
            [
              -75.50897830399992,
              5.030693272834996
            ],
            [
              -75.51433209099991,
              5.0289086768350595
            ],
            [
              -75.51968587899995,
              5.035452194834855
            ],
            [
              -75.51968587899995,
              5.046754633834498
            ],
            [
              -75.5262293959999,
              5.051513556834343
            ],
            [
              -75.52979858799995,
              5.061031400834051
            ],
            [
              -75.53217804899992,
              5.070549244833701
            ],
            [
              -75.53039345299993,
              5.0770927618335
            ],
            [
              -75.53217804899992,
              5.084231144833252
            ],
            [
              -75.54169589299994,
              5.088990066833103
            ],
            [
              -75.54348048899993,
              5.09612844983286
            ],
            [
              -75.53574723999992,
              5.0973181808328265
            ],
            [
              -75.53158318399994,
              5.09612844983286
            ],
            [
              -75.52325506999995,
              5.099102776832765
            ],
            [
              -75.51968587899995,
              5.091964393833015
            ],
            [
              -75.52028074399993,
              5.084231144833252
            ],
            [
              -75.51016803499994,
              5.074118435833585
            ],
            [
              -75.50362451699993,
              5.069954378833747
            ],
            [
              -75.49351180799994,
              5.0634108618339475
            ],
            [
              -75.48934775099991,
              5.054487882834261
            ],
            [
              -75.4863734249999,
              5.049728960834412
            ],
            [
              -75.48098476299992,
              5.045200278834559
            ],
            [
              -75.47559464699992,
              5.038140157834793
            ],
            [
              -75.46371412199994,
              5.051430175834323
            ],
            [
              -75.4585638559999,
              5.060400221834035
            ],
            [
              -75.45567298299994,
              5.066597181833845
            ],
            [
              -75.45529368299992,
              5.067410261833815
            ],
            [
              -75.45015330699994,
              5.088430434833143
            ],
            [
              -75.44747665699992,
              5.104682708832622
            ],
            [
              -75.44322272399995,
              5.12456073783196
            ],
            [
              -75.44428273599993,
              5.126890770831906
            ],
            [
              -75.44499459799994,
              5.133771522831661
            ],
            [
              -75.44655405499992,
              5.13338165883168
            ],
            [
              -75.4488017349999,
              5.132819738831698
            ],
            [
              -75.4602231479999,
              5.12901260083181
            ],
            [
              -75.46783742299993,
              5.131392061831762
            ],
            [
              -75.47259634499994,
              5.135675091831574
            ],
            [
              -75.46831331599992,
              5.141385798831437
            ],
            [
              -75.46736153099994,
              5.148048289831208
            ],
            [
              -75.47402402199992,
              5.149951857831139
            ],
            [
              -75.48592132699991,
              5.150903642831089
            ],
            [
              -75.50114987699993,
              5.141861690831419
            ],
            [
              -75.51257128999993,
              5.137578660831548
            ],
            [
              -75.51733021199993,
              5.125681355831946
            ],
            [
              -75.52304091899992,
              5.122826002832011
            ],
            [
              -75.5254203799999,
              5.129488493831777
            ],
            [
              -75.5311310859999,
              5.139958121831447
            ],
            [
              -75.54160071399991,
              5.149475965831153
            ],
            [
              -75.54445606799993,
              5.160421486830793
            ],
            [
              -75.54493195999993,
              5.174698252830359
            ],
            [
              -75.53874536099994,
              5.179933066830194
            ],
            [
              -75.53017930199991,
              5.179933066830194
            ],
            [
              -75.51733021199993,
              5.177077713830256
            ],
            [
              -75.50733647599992,
              5.180884850830154
            ],
            [
              -75.50638469199993,
              5.18659555782996
            ],
            [
              -75.51066772099995,
              5.1918303718298
            ],
            [
              -75.52399270299992,
              5.1918303718298
            ],
            [
              -75.5311310859999,
              5.198016970829588
            ],
            [
              -75.53255876299994,
              5.205631245829317
            ],
            [
              -75.5254203799999,
              5.213245520829102
            ],
            [
              -75.5139989669999,
              5.220383903828858
            ],
            [
              -75.50448112299995,
              5.225618717828698
            ],
            [
              -75.49924630899994,
              5.233708885828401
            ],
            [
              -75.48782489599995,
              5.243226729828108
            ],
            [
              -75.48354186599994,
              5.251792788827854
            ],
            [
              -75.48259008199994,
              5.2589311718276175
            ],
            [
              -75.48544543499992,
              5.263690093827463
            ],
            [
              -75.4987704159999,
              5.267973123827333
            ],
            [
              -75.50162576999992,
              5.275111506827086
            ],
            [
              -75.49734273999991,
              5.279870428826939
            ],
            [
              -75.49496327899993,
              5.286532919826709
            ],
            [
              -75.49448738699994,
              5.297478440826351
            ],
            [
              -75.49115614099992,
              5.302237362826212
            ],
            [
              -75.48687311099991,
              5.297954332826333
            ],
            [
              -75.4811624049999,
              5.292243625826529
            ],
            [
              -75.47973472799993,
              5.296526655826399
            ],
            [
              -75.48259008199994,
              5.304140930826131
            ],
            [
              -75.48021062099991,
              5.317941804825714
            ],
            [
              -75.47783115999994,
              5.328411433825373
            ],
            [
              -75.47973472799993,
              5.336025708825107
            ],
            [
              -75.47973472799993,
              5.341736414824922
            ],
            [
              -75.4759275909999,
              5.343639983824836
            ],
            [
              -75.46974099199991,
              5.343639983824836
            ],
            [
              -75.46307850099993,
              5.343639983824836
            ],
            [
              -75.46117493199995,
              5.3365016008250885
            ],
            [
              -75.46165082499994,
              5.3265078648254
            ],
            [
              -75.45308476499991,
              5.315562343825758
            ],
            [
              -75.4492776269999,
              5.305092715826085
            ],
            [
              -75.44023567599993,
              5.297954332826333
            ],
            [
              -75.42976604699993,
              5.2946230868264275
            ],
            [
              -75.42939760999991,
              5.295102054826452
            ],
            [
              -75.42500712499992,
              5.300809685826269
            ],
            [
              -75.41894965799992,
              5.303605439826156
            ],
            [
              -75.41937017099991,
              5.305852404826066
            ],
            [
              -75.42475024399994,
              5.317122577825713
            ],
            [
              -75.43187041699991,
              5.324522728825488
            ],
            [
              -75.43188840699992,
              5.329077200825334
            ],
            [
              -75.43310026499995,
              5.344842952824816
            ],
            [
              -75.43275006499994,
              5.364013153824202
            ],
            [
              -75.43182996599995,
              5.371593227823937
            ],
            [
              -75.42597966099993,
              5.381723277823591
            ],
            [
              -75.41425913499995,
              5.394743297823174
            ],
            [
              -75.41041891799995,
              5.404083359822907
            ],
            [
              -75.40515869799992,
              5.408213355822789
            ],
            [
              -75.3929982759999,
              5.4087532428227725
            ],
            [
              -75.39623827399993,
              5.4200833888223885
            ],
            [
              -75.39960826799995,
              5.43227355382198
            ],
            [
              -75.40197819399992,
              5.448653757821478
            ],
            [
              -75.40877826999991,
              5.46415399082093
            ],
            [
              -75.41035821799994,
              5.474904120820605
            ],
            [
              -75.4048579599999,
              5.482304145820344
            ],
            [
              -75.3912674199999,
              5.490234095820089
            ],
            [
              -75.38098694699994,
              5.502594122819692
            ],
            [
              -75.3905670119999,
              5.529124508818828
            ],
            [
              -75.40558214999993,
              5.5668750628176085
            ],
            [
              -75.41334711999991,
              5.596745469816687
            ],
            [
              -75.4245975039999,
              5.59700558581667
            ],
            [
              -75.4315577669999,
              5.594375624816728
            ],
            [
              -75.42665782599994,
              5.571845328817441
            ],
            [
              -75.42132791499995,
              5.5442749728183784
            ],
            [
              -75.41931800999993,
              5.52744477681892
            ],
            [
              -75.41958824599993,
              5.504094525819666
            ],
            [
              -75.42656834499991,
              5.518564749819179
            ],
            [
              -75.43314829699995,
              5.546105110818325
            ],
            [
              -75.4429510409999,
              5.559172128817853
            ],
            [
              -75.4428885769999,
              5.551335263818112
            ],
            [
              -75.43542846399993,
              5.537445045818594
            ],
            [
              -75.4386588509999,
              5.509454772819494
            ],
            [
              -75.44349913499991,
              5.497314688819875
            ],
            [
              -75.45244946399993,
              5.4947847448199525
            ],
            [
              -75.45834954499992,
              5.506684933819585
            ],
            [
              -75.46668999799994,
              5.489804835820135
            ],
            [
              -75.46999003999991,
              5.4975449538198955
            ],
            [
              -75.47588030199995,
              5.490994941820058
            ],
            [
              -75.4758901479999,
              5.507075108819579
            ],
            [
              -75.47277989299994,
              5.52186524081908
            ],
            [
              -75.47559983899993,
              5.5369254338186025
            ],
            [
              -75.47826621399992,
              5.548223435818229
            ],
            [
              -75.48297978699992,
              5.568195851817608
            ],
            [
              -75.4865597079999,
              5.588786108816923
            ],
            [
              -75.48356961999991,
              5.586906060817009
            ],
            [
              -75.48477952499991,
              5.601336229816524
            ],
            [
              -75.48734937199993,
              5.6254465178157185
            ],
            [
              -75.48790528199993,
              5.637888275815338
            ],
            [
              -75.4881992139999,
              5.644466735815138
            ],
            [
              -75.48370896699993,
              5.653516794814847
            ],
            [
              -75.48135880399991,
              5.662206863814515
            ],
            [
              -75.47935857899995,
              5.6778070158140626
            ],
            [
              -75.48407865999991,
              5.685507149813818
            ],
            [
              -75.48294856099994,
              5.69233721181354
            ],
            [
              -75.48755859799991,
              5.703867393813176
            ],
            [
              -75.49159860099991,
              5.717807584812738
            ],
            [
              -75.49860877499992,
              5.72461773081254
            ],
            [
              -75.5019087629999,
              5.737067904812117
            ],
            [
              -75.50428870499991,
              5.750838080811649
            ],
            [
              -75.51078884299994,
              5.759258241811384
            ],
            [
              -75.51321012199992,
              5.768518683811107
            ],
            [
              -75.5136887569999,
              5.777928475810797
            ],
            [
              -75.52476902699993,
              5.7888787148104575
            ],
            [
              -75.52801900599991,
              5.802238890810007
            ],
            [
              -75.5360990829999,
              5.82230920380938
            ],
            [
              -75.5382589649999,
              5.841069430808747
            ],
            [
              -75.5386488339999,
              5.855299598808331
            ],
            [
              -75.54952900399991,
              5.875419938807625
            ],
            [
              -75.55835910199994,
              5.896520268806972
            ],
            [
              -75.56442909899994,
              5.917510572806298
            ],
            [
              -75.5713491539999,
              5.935270840805748
            ],
            [
              -75.58136929499994,
              5.9553611768050505
            ],
            [
              -75.58489184299992,
              5.960744296804912
            ],
            [
              -75.59147948299994,
              5.97081145480456
            ],
            [
              -75.60746980099992,
              5.99389188680384
            ],
            [
              -75.6122824009999,
              6.004882830803499
            ],
            [
              -75.61292044599992,
              6.0063399398034525
            ],
            [
              -75.61479988299993,
              6.010632153803286
            ],
            [
              -75.6210798969999,
              6.030742450802619
            ],
            [
              -75.6283799389999,
              6.051812767801948
            ],
            [
              -75.63567846299992,
              6.076545447801144
            ],
            [
              -75.63797669999991,
              6.088323915800815
            ],
            [
              -75.63948559999994,
              6.096057027800547
            ],
            [
              -75.63986253599995,
              6.097659029800462
            ],
            [
              -75.64215253299994,
              6.107391492800188
            ],
            [
              -75.64384992599992,
              6.104543542800289
            ],
            [
              -75.64684182199994,
              6.098818466800443
            ],
            [
              -75.64685009199991,
              6.098783509800477
            ],
            [
              -75.65037380399991,
              6.095259952800536
            ],
            [
              -75.65293036599991,
              6.092703504800673
            ],
            [
              -75.6561903249999,
              6.107753708800162
            ],
            [
              -75.65813030899994,
              6.1159838307998795
            ],
            [
              -75.6584601969999,
              6.127903970799521
            ],
            [
              -75.65817776599994,
              6.1544755927986765
            ],
            [
              -75.6600239199999,
              6.156497570798565
            ],
            [
              -75.66073775799993,
              6.165420548798324
            ],
            [
              -75.66466386899992,
              6.173272770798067
            ],
            [
              -75.6657346259999,
              6.1839803447977015
            ],
            [
              -75.6753714429999,
              6.1914756477974455
            ],
            [
              -75.68548415299995,
              6.205395493797023
            ],
            [
              -75.68425023599991,
              6.210735215796823
            ],
            [
              -75.6807001119999,
              6.210245175796851
            ],
            [
              -75.68978025599995,
              6.2271754727962945
            ],
            [
              -75.7008303959999,
              6.250165857795563
            ],
            [
              -75.7075403529999,
              6.277116250794694
            ],
            [
              -75.71111032099992,
              6.292586470794191
            ],
            [
              -75.71253828199991,
              6.305467830793769
            ],
            [
              -75.71508008399991,
              6.328396946793029
            ],
            [
              -75.71356978299991,
              6.352437220792275
            ],
            [
              -75.71522960899995,
              6.374047496791571
            ],
            [
              -75.71682953499993,
              6.3867976717911725
            ],
            [
              -75.71325927099991,
              6.3997177907907545
            ],
            [
              -75.71301845399995,
              6.402246036790669
            ],
            [
              -75.71590935499995,
              6.40095783379071
            ],
            [
              -75.7182294879999,
              6.395357789790883
            ],
            [
              -75.72572975599991,
              6.395297863790878
            ],
            [
              -75.73232994799992,
              6.398647977790773
            ]
          ],
          [
            [
              -75.52545982299995,
              5.711927859812927
            ],
            [
              -75.53938997099993,
              5.744488356811901
            ],
            [
              -75.54156982299992,
              5.767278633811176
            ],
            [
              -75.54189971999995,
              5.778188762810788
            ],
            [
              -75.55286973099993,
              5.815219294809615
            ],
            [
              -75.56117987499994,
              5.828939533809178
            ],
            [
              -75.56619820199995,
              5.852400220808369
            ],
            [
              -75.57333658499994,
              5.863821633808051
            ],
            [
              -75.57432499099991,
              5.866094966807929
            ],
            [
              -75.57268988999994,
              5.866750072807919
            ],
            [
              -75.56744968399994,
              5.869180051807835
            ],
            [
              -75.55860945299992,
              5.862429886808084
            ],
            [
              -75.55045922699992,
              5.856879734808255
            ],
            [
              -75.5473093299999,
              5.836229469808946
            ],
            [
              -75.53919936599993,
              5.804559032809963
            ],
            [
              -75.53165931199993,
              5.784568732810591
            ],
            [
              -75.52500929099995,
              5.763248422811268
            ],
            [
              -75.5200492699999,
              5.748098209811778
            ],
            [
              -75.51481935899994,
              5.721367859812611
            ],
            [
              -75.51374947399995,
              5.706037678813139
            ],
            [
              -75.52545982299995,
              5.711927859812927
            ]
          ]
        ]
      }
    }
  ]
}