{
  "type": "FeatureCollection",
  "features": [
    {
      "type": "Feature",
      "properties": {
        "mag": 4.5,
        "depth_km": 171.8,
        "date": "2026-03-19"
      },
      "geometry": {
        "type": "Point",
        "coordinates": [
          -73.0293,
          6.7449
        ]
      }
    },
    {
      "type": "Feature",
      "properties": {
        "mag": 4.6,
        "depth_km": 114.5,
        "date": "2026-03-09"
      },
      "geometry": {
        "type": "Point",
        "coordinates": [
          -76.0839,
          4.6844
        ]
      }
    },
    {
      "type": "Feature",
      "properties": {
        "mag": 4.3,
        "depth_km": 169.4,
        "date": "2026-02-14"
      },
      "geometry": {
        "type": "Point",
        "coordinates": [
          -72.9411,
          6.7101
        ]
      }
    },
    {
      "type": "Feature",
      "properties": {
        "mag": 4.9,
        "depth_km": 104.0,
        "date": "2026-02-13"
      },
      "geometry": {
        "type": "Point",
        "coordinates": [
          -76.4465,
          4.8655
        ]
      }
    },
    {
      "type": "Feature",
      "properties": {
        "mag": 4.8,
        "depth_km": 162.6,
        "date": "2026-02-11"
      },
      "geometry": {
        "type": "Point",
        "coordinates": [
          -73.0715,
          6.7536
        ]
      }
    },
    {
      "type": "Feature",
      "properties": {
        "mag": 4.2,
        "depth_km": 160.3,
        "date": "2026-01-24"
      },
      "geometry": {
        "type": "Point",
        "coordinates": [
          -72.9296,
          6.7755
        ]
      }
    },
    {
      "type": "Feature",
      "properties": {
        "mag": 4.9,
        "depth_km": 177.2,
        "date": "2026-01-16"
      },
      "geometry": {
        "type": "Point",
        "coordinates": [
          -73.0141,
          6.7451
        ]
      }
    },
    {
      "type": "Feature",
      "properties": {
        "mag": 4,
        "depth_km": 129.3,
        "date": "2026-01-09"
      },
      "geometry": {
        "type": "Point",
        "coordinates": [
          -73.5376,
          6.3198
        ]
      }
    },
    {
      "type": "Feature",
      "properties": {
        "mag": 4.7,
        "depth_km": 172.4,
        "date": "2026-01-05"
      },
      "geometry": {
        "type": "Point",
        "coordinates": [
          -73.0079,
          6.7122
        ]
      }
    },
    {
      "type": "Feature",
      "properties": {
        "mag": 4.4,
        "depth_km": 166.3,
        "date": "2026-01-03"
      },
      "geometry": {
        "type": "Point",
        "coordinates": [
          -72.8528,
          6.6345
        ]
      }
    },
    {
      "type": "Feature",
      "properties": {
        "mag": 4.3,
        "depth_km": 173.4,
        "date": "2025-12-25"
      },
      "geometry": {
        "type": "Point",
        "coordinates": [
          -72.9808,
          6.6699
        ]
      }
    },
    {
      "type": "Feature",
      "properties": {
        "mag": 5.5,
        "depth_km": 164.1,
        "date": "2025-12-10"
      },
      "geometry": {
        "type": "Point",
        "coordinates": [
          -73.0156,
          6.7742
        ]
      }
    },
    {
      "type": "Feature",
      "properties": {
        "mag": 4.3,
        "depth_km": 10,
        "date": "2025-12-01"
      },
      "geometry": {
        "type": "Point",
        "coordinates": [
          -77.569,
          5.9851
        ]
      }
    },
    {
      "type": "Feature",
      "properties": {
        "mag": 4.3,
        "depth_km": 162.7,
        "date": "2025-11-29"
      },
      "geometry": {
        "type": "Point",
        "coordinates": [
          -72.9558,
          6.7524
        ]
      }
    },
    {
      "type": "Feature",
      "properties": {
        "mag": 4.1,
        "depth_km": 165.9,
        "date": "2025-11-22"
      },
      "geometry": {
        "type": "Point",
        "coordinates": [
          -72.9658,
          6.76
        ]
      }
    },
    {
      "type": "Feature",
      "properties": {
        "mag": 4.3,
        "depth_km": 102.4,
        "date": "2025-11-20"
      },
      "geometry": {
        "type": "Point",
        "coordinates": [
          -73.956,
          7.6113
        ]
      }
    },
    {
      "type": "Feature",
      "properties": {
        "mag": 4.1,
        "depth_km": 175.5,
        "date": "2025-11-14"
      },
      "geometry": {
        "type": "Point",
        "coordinates": [
          -73.0275,
          6.7329
        ]
      }
    },
    {
      "type": "Feature",
      "properties": {
        "mag": 4.1,
        "depth_km": 160.5,
        "date": "2025-11-13"
      },
      "geometry": {
        "type": "Point",
        "coordinates": [
          -73.0894,
          6.8181
        ]
      }
    },
    {
      "type": "Feature",
      "properties": {
        "mag": 4.1,
        "depth_km": 156.5,
        "date": "2025-11-02"
      },
      "geometry": {
        "type": "Point",
        "coordinates": [
          -72.9212,
          6.7319
        ]
      }
    },
    {
      "type": "Feature",
      "properties": {
        "mag": 4.3,
        "depth_km": 166.9,
        "date": "2025-10-16"
      },
      "geometry": {
        "type": "Point",
        "coordinates": [
          -73.0446,
          6.7376
        ]
      }
    },
    {
      "type": "Feature",
      "properties": {
        "mag": 4.3,
        "depth_km": 168.4,
        "date": "2025-10-05"
      },
      "geometry": {
        "type": "Point",
        "coordinates": [
          -72.9942,
          6.7319
        ]
      }
    },
    {
      "type": "Feature",
      "properties": {
        "mag": 4.5,
        "depth_km": 10,
        "date": "2025-10-04"
      },
      "geometry": {
        "type": "Point",
        "coordinates": [
          -78.0484,
          7.3775
        ]
      }
    },
    {
      "type": "Feature",
      "properties": {
        "mag": 4.4,
        "depth_km": 169.7,
        "date": "2025-09-26"
      },
      "geometry": {
        "type": "Point",
        "coordinates": [
          -72.9637,
          6.7096
        ]
      }
    },
    {
      "type": "Feature",
      "properties": {
        "mag": 4.5,
        "depth_km": 166.6,
        "date": "2025-09-26"
      },
      "geometry": {
        "type": "Point",
        "coordinates": [
          -72.9982,
          6.7494
        ]
      }
    },
    {
      "type": "Feature",
      "properties": {
        "mag": 4.9,
        "depth_km": 10,
        "date": "2025-09-21"
      },
      "geometry": {
        "type": "Point",
        "coordinates": [
          -76.2637,
          6.5236
        ]
      }
    },
    {
      "type": "Feature",
      "properties": {
        "mag": 4.1,
        "depth_km": 151.6,
        "date": "2025-09-14"
      },
      "geometry": {
        "type": "Point",
        "coordinates": [
          -73.1814,
          6.9235
        ]
      }
    },
    {
      "type": "Feature",
      "properties": {
        "mag": 5.4,
        "depth_km": 10,
        "date": "2025-09-14"
      },
      "geometry": {
        "type": "Point",
        "coordinates": [
          -76.1391,
          6.8248
        ]
      }
    },
    {
      "type": "Feature",
      "properties": {
        "mag": 4.5,
        "depth_km": 147.3,
        "date": "2025-08-30"
      },
      "geometry": {
        "type": "Point",
        "coordinates": [
          -73.1159,
          6.885
        ]
      }
    },
    {
      "type": "Feature",
      "properties": {
        "mag": 4.2,
        "depth_km": 10,
        "date": "2025-08-28"
      },
      "geometry": {
        "type": "Point",
        "coordinates": [
          -77.8684,
          5.6861
        ]
      }
    },
    {
      "type": "Feature",
      "properties": {
        "mag": 4.1,
        "depth_km": 127.6,
        "date": "2025-08-19"
      },
      "geometry": {
        "type": "Point",
        "coordinates": [
          -73.3228,
          7.2465
        ]
      }
    },
    {
      "type": "Feature",
      "properties": {
        "mag": 4.7,
        "depth_km": 150.1,
        "date": "2025-08-11"
      },
      "geometry": {
        "type": "Point",
        "coordinates": [
          -76.1928,
          4.3578
        ]
      }
    },
    {
      "type": "Feature",
      "properties": {
        "mag": 4.2,
        "depth_km": 147.8,
        "date": "2025-07-23"
      },
      "geometry": {
        "type": "Point",
        "coordinates": [
          -73.1265,
          6.9544
        ]
      }
    },
    {
      "type": "Feature",
      "properties": {
        "mag": 4.1,
        "depth_km": 159.9,
        "date": "2025-07-21"
      },
      "geometry": {
        "type": "Point",
        "coordinates": [
          -73.1993,
          6.9177
        ]
      }
    },
    {
      "type": "Feature",
      "properties": {
        "mag": 4.3,
        "depth_km": 151.1,
        "date": "2025-07-13"
      },
      "geometry": {
        "type": "Point",
        "coordinates": [
          -73.1526,
          6.9431
        ]
      }
    },
    {
      "type": "Feature",
      "properties": {
        "mag": 4.4,
        "depth_km": 146.8,
        "date": "2025-07-10"
      },
      "geometry": {
        "type": "Point",
        "coordinates": [
          -73.6458,
          5.2089
        ]
      }
    },
    {
      "type": "Feature",
      "properties": {
        "mag": 4.4,
        "depth_km": 154.8,
        "date": "2025-07-06"
      },
      "geometry": {
        "type": "Point",
        "coordinates": [
          -73.0776,
          6.9246
        ]
      }
    },
    {
      "type": "Feature",
      "properties": {
        "mag": 4.4,
        "depth_km": 45.1,
        "date": "2025-06-23"
      },
      "geometry": {
        "type": "Point",
        "coordinates": [
          -77.1241,
          7.484
        ]
      }
    },
    {
      "type": "Feature",
      "properties": {
        "mag": 4.1,
        "depth_km": 155.6,
        "date": "2025-06-06"
      },
      "geometry": {
        "type": "Point",
        "coordinates": [
          -73.0855,
          6.9045
        ]
      }
    },
    {
      "type": "Feature",
      "properties": {
        "mag": 4.1,
        "depth_km": 149.9,
        "date": "2025-05-30"
      },
      "geometry": {
        "type": "Point",
        "coordinates": [
          -73.1465,
          6.9583
        ]
      }
    },
    {
      "type": "Feature",
      "properties": {
        "mag": 4.3,
        "depth_km": 10,
        "date": "2025-05-18"
      },
      "geometry": {
        "type": "Point",
        "coordinates": [
          -75.4801,
          4.0695
        ]
      }
    },
    {
      "type": "Feature",
      "properties": {
        "mag": 4,
        "depth_km": 147.1,
        "date": "2025-05-17"
      },
      "geometry": {
        "type": "Point",
        "coordinates": [
          -73.1237,
          6.8592
        ]
      }
    },
    {
      "type": "Feature",
      "properties": {
        "mag": 4.6,
        "depth_km": 91.8,
        "date": "2025-05-11"
      },
      "geometry": {
        "type": "Point",
        "coordinates": [
          -73.7849,
          7.327
        ]
      }
    },
    {
      "type": "Feature",
      "properties": {
        "mag": 4,
        "depth_km": 152.5,
        "date": "2025-05-07"
      },
      "geometry": {
        "type": "Point",
        "coordinates": [
          -73.0749,
          6.9246
        ]
      }
    },
    {
      "type": "Feature",
      "properties": {
        "mag": 4.5,
        "depth_km": 41.4,
        "date": "2025-05-04"
      },
      "geometry": {
        "type": "Point",
        "coordinates": [
          -77.1646,
          7.3789
        ]
      }
    },
    {
      "type": "Feature",
      "properties": {
        "mag": 4.3,
        "depth_km": 35,
        "date": "2025-04-24"
      },
      "geometry": {
        "type": "Point",
        "coordinates": [
          -77.2849,
          4.5494
        ]
      }
    },
    {
      "type": "Feature",
      "properties": {
        "mag": 4.8,
        "depth_km": 171.9,
        "date": "2025-04-18"
      },
      "geometry": {
        "type": "Point",
        "coordinates": [
          -73.1046,
          6.7231
        ]
      }
    },
    {
      "type": "Feature",
      "properties": {
        "mag": 4.7,
        "depth_km": 157.8,
        "date": "2025-04-18"
      },
      "geometry": {
        "type": "Point",
        "coordinates": [
          -73.0927,
          6.8098
        ]
      }
    },
    {
      "type": "Feature",
      "properties": {
        "mag": 4.2,
        "depth_km": 164.8,
        "date": "2025-04-09"
      },
      "geometry": {
        "type": "Point",
        "coordinates": [
          -75.6179,
          4.4562
        ]
      }
    },
    {
      "type": "Feature",
      "properties": {
        "mag": 4.2,
        "depth_km": 154.7,
        "date": "2025-04-06"
      },
      "geometry": {
        "type": "Point",
        "coordinates": [
          -73.0956,
          7.1159
        ]
      }
    },
    {
      "type": "Feature",
      "properties": {
        "mag": 4.5,
        "depth_km": 99.6,
        "date": "2025-04-01"
      },
      "geometry": {
        "type": "Point",
        "coordinates": [
          -76.0962,
          4.7022
        ]
      }
    },
    {
      "type": "Feature",
      "properties": {
        "mag": 4.3,
        "depth_km": 167,
        "date": "2025-03-26"
      },
      "geometry": {
        "type": "Point",
        "coordinates": [
          -72.9498,
          6.6999
        ]
      }
    },
    {
      "type": "Feature",
      "properties": {
        "mag": 4.4,
        "depth_km": 163.3,
        "date": "2025-03-24"
      },
      "geometry": {
        "type": "Point",
        "coordinates": [
          -73.0438,
          6.7029
        ]
      }
    },
    {
      "type": "Feature",
      "properties": {
        "mag": 4.5,
        "depth_km": 160.7,
        "date": "2025-03-15"
      },
      "geometry": {
        "type": "Point",
        "coordinates": [
          -73.1497,
          6.6997
        ]
      }
    },
    {
      "type": "Feature",
      "properties": {
        "mag": 4.5,
        "depth_km": 122.3,
        "date": "2025-03-10"
      },
      "geometry": {
        "type": "Point",
        "coordinates": [
          -76.6012,
          4.5564
        ]
      }
    },
    {
      "type": "Feature",
      "properties": {
        "mag": 4.2,
        "depth_km": 151.0,
        "date": "2025-03-06"
      },
      "geometry": {
        "type": "Point",
        "coordinates": [
          -73.1015,
          6.8782
        ]
      }
    },
    {
      "type": "Feature",
      "properties": {
        "mag": 4.6,
        "depth_km": 161.2,
        "date": "2025-02-17"
      },
      "geometry": {
        "type": "Point",
        "coordinates": [
          -73.1606,
          6.7251
        ]
      }
    },
    {
      "type": "Feature",
      "properties": {
        "mag": 4.5,
        "depth_km": 156.3,
        "date": "2025-02-06"
      },
      "geometry": {
        "type": "Point",
        "coordinates": [
          -73.0557,
          6.7282
        ]
      }
    },
    {
      "type": "Feature",
      "properties": {
        "mag": 4.6,
        "depth_km": 160.5,
        "date": "2025-01-30"
      },
      "geometry": {
        "type": "Point",
        "coordinates": [
          -73.0999,
          6.6984
        ]
      }
    },
    {
      "type": "Feature",
      "properties": {
        "mag": 4.5,
        "depth_km": 162.1,
        "date": "2025-01-26"
      },
      "geometry": {
        "type": "Point",
        "coordinates": [
          -73.1248,
          6.6868
        ]
      }
    },
    {
      "type": "Feature",
      "properties": {
        "mag": 4.5,
        "depth_km": 75.5,
        "date": "2025-01-19"
      },
      "geometry": {
        "type": "Point",
        "coordinates": [
          -74.7977,
          7.5187
        ]
      }
    },
    {
      "type": "Feature",
      "properties": {
        "mag": 5.6,
        "depth_km": 18,
        "date": "2025-01-10"
      },
      "geometry": {
        "type": "Point",
        "coordinates": [
          -77.4683,
          5.9461
        ]
      }
    },
    {
      "type": "Feature",
      "properties": {
        "mag": 4.7,
        "depth_km": 52.0,
        "date": "2025-01-04"
      },
      "geometry": {
        "type": "Point",
        "coordinates": [
          -76.3159,
          4.5472
        ]
      }
    },
    {
      "type": "Feature",
      "properties": {
        "mag": 4.2,
        "depth_km": 155.7,
        "date": "2025-01-02"
      },
      "geometry": {
        "type": "Point",
        "coordinates": [
          -73.0647,
          6.7993
        ]
      }
    },
    {
      "type": "Feature",
      "properties": {
        "mag": 5,
        "depth_km": 52.2,
        "date": "2024-12-26"
      },
      "geometry": {
        "type": "Point",
        "coordinates": [
          -75.298,
          7.3229
        ]
      }
    },
    {
      "type": "Feature",
      "properties": {
        "mag": 4.9,
        "depth_km": 74.0,
        "date": "2024-12-24"
      },
      "geometry": {
        "type": "Point",
        "coordinates": [
          -74.8321,
          6.3181
        ]
      }
    },
    {
      "type": "Feature",
      "properties": {
        "mag": 4.5,
        "depth_km": 49.8,
        "date": "2024-12-24"
      },
      "geometry": {
        "type": "Point",
        "coordinates": [
          -75.7263,
          7.1166
        ]
      }
    },
    {
      "type": "Feature",
      "properties": {
        "mag": 4.4,
        "depth_km": 189.0,
        "date": "2024-12-12"
      },
      "geometry": {
        "type": "Point",
        "coordinates": [
          -73.0625,
          6.3981
        ]
      }
    },
    {
      "type": "Feature",
      "properties": {
        "mag": 4.2,
        "depth_km": 157.6,
        "date": "2024-12-11"
      },
      "geometry": {
        "type": "Point",
        "coordinates": [
          -73.1458,
          6.7518
        ]
      }
    },
    {
      "type": "Feature",
      "properties": {
        "mag": 4.2,
        "depth_km": 158.0,
        "date": "2024-12-04"
      },
      "geometry": {
        "type": "Point",
        "coordinates": [
          -73.6689,
          5.2739
        ]
      }
    },
    {
      "type": "Feature",
      "properties": {
        "mag": 4.1,
        "depth_km": 157.1,
        "date": "2024-12-04"
      },
      "geometry": {
        "type": "Point",
        "coordinates": [
          -73.0416,
          6.7566
        ]
      }
    },
    {
      "type": "Feature",
      "properties": {
        "mag": 4.4,
        "depth_km": 162.2,
        "date": "2024-11-30"
      },
      "geometry": {
        "type": "Point",
        "coordinates": [
          -73.0851,
          6.6663
        ]
      }
    },
    {
      "type": "Feature",
      "properties": {
        "mag": 4.6,
        "depth_km": 160.8,
        "date": "2024-11-25"
      },
      "geometry": {
        "type": "Point",
        "coordinates": [
          -73.0998,
          6.7154
        ]
      }
    },
    {
      "type": "Feature",
      "properties": {
        "mag": 4.3,
        "depth_km": 183.2,
        "date": "2024-11-22"
      },
      "geometry": {
        "type": "Point",
        "coordinates": [
          -72.9334,
          7.1019
        ]
      }
    },
    {
      "type": "Feature",
      "properties": {
        "mag": 4.3,
        "depth_km": 147.6,
        "date": "2024-11-16"
      },
      "geometry": {
        "type": "Point",
        "coordinates": [
          -73.1054,
          6.8484
        ]
      }
    },
    {
      "type": "Feature",
      "properties": {
        "mag": 4.2,
        "depth_km": 151.4,
        "date": "2024-11-11"
      },
      "geometry": {
        "type": "Point",
        "coordinates": [
          -73.1198,
          6.851
        ]
      }
    },
    {
      "type": "Feature",
      "properties": {
        "mag": 5,
        "depth_km": 31.2,
        "date": "2024-11-05"
      },
      "geometry": {
        "type": "Point",
        "coordinates": [
          -77.462,
          5.3197
        ]
      }
    },
    {
      "type": "Feature",
      "properties": {
        "mag": 4.4,
        "depth_km": 59.3,
        "date": "2024-10-28"
      },
      "geometry": {
        "type": "Point",
        "coordinates": [
          -75.2195,
          8.2334
        ]
      }
    },
    {
      "type": "Feature",
      "properties": {
        "mag": 4.6,
        "depth_km": 10,
        "date": "2024-10-28"
      },
      "geometry": {
        "type": "Point",
        "coordinates": [
          -76.8664,
          7.0174
        ]
      }
    },
    {
      "type": "Feature",
      "properties": {
        "mag": 4.3,
        "depth_km": 153.6,
        "date": "2024-10-28"
      },
      "geometry": {
        "type": "Point",
        "coordinates": [
          -72.9723,
          6.7988
        ]
      }
    },
    {
      "type": "Feature",
      "properties": {
        "mag": 4.3,
        "depth_km": 153.6,
        "date": "2024-10-08"
      },
      "geometry": {
        "type": "Point",
        "coordinates": [
          -73.0424,
          6.7111
        ]
      }
    },
    {
      "type": "Feature",
      "properties": {
        "mag": 4.2,
        "depth_km": 154.2,
        "date": "2024-10-06"
      },
      "geometry": {
        "type": "Point",
        "coordinates": [
          -73.075,
          6.7626
        ]
      }
    },
    {
      "type": "Feature",
      "properties": {
        "mag": 4.2,
        "depth_km": 147.6,
        "date": "2024-10-04"
      },
      "geometry": {
        "type": "Point",
        "coordinates": [
          -73.1242,
          6.8784
        ]
      }
    },
    {
      "type": "Feature",
      "properties": {
        "mag": 4.7,
        "depth_km": 157.3,
        "date": "2024-09-29"
      },
      "geometry": {
        "type": "Point",
        "coordinates": [
          -73.1171,
          6.7214
        ]
      }
    },
    {
      "type": "Feature",
      "properties": {
        "mag": 4.3,
        "depth_km": 159.1,
        "date": "2024-09-22"
      },
      "geometry": {
        "type": "Point",
        "coordinates": [
          -73.1251,
          6.7026
        ]
      }
    },
    {
      "type": "Feature",
      "properties": {
        "mag": 4.3,
        "depth_km": 163.5,
        "date": "2024-09-22"
      },
      "geometry": {
        "type": "Point",
        "coordinates": [
          -73.6778,
          5.3148
        ]
      }
    },
    {
      "type": "Feature",
      "properties": {
        "mag": 4.7,
        "depth_km": 157.6,
        "date": "2024-09-21"
      },
      "geometry": {
        "type": "Point",
        "coordinates": [
          -73.0217,
          6.7061
        ]
      }
    },
    {
      "type": "Feature",
      "properties": {
        "mag": 4.1,
        "depth_km": 161.8,
        "date": "2024-09-20"
      },
      "geometry": {
        "type": "Point",
        "coordinates": [
          -73.0129,
          6.7359
        ]
      }
    },
    {
      "type": "Feature",
      "properties": {
        "mag": 4.4,
        "depth_km": 76.4,
        "date": "2024-09-12"
      },
      "geometry": {
        "type": "Point",
        "coordinates": [
          -74.8171,
          6.6837
        ]
      }
    },
    {
      "type": "Feature",
      "properties": {
        "mag": 4.2,
        "depth_km": 165.5,
        "date": "2024-09-12"
      },
      "geometry": {
        "type": "Point",
        "coordinates": [
          -73.007,
          6.6603
        ]
      }
    },
    {
      "type": "Feature",
      "properties": {
        "mag": 4.4,
        "depth_km": 160.7,
        "date": "2024-08-31"
      },
      "geometry": {
        "type": "Point",
        "coordinates": [
          -73.0714,
          6.6974
        ]
      }
    },
    {
      "type": "Feature",
      "properties": {
        "mag": 4.5,
        "depth_km": 164.1,
        "date": "2024-08-28"
      },
      "geometry": {
        "type": "Point",
        "coordinates": [
          -73.0791,
          6.6946
        ]
      }
    },
    {
      "type": "Feature",
      "properties": {
        "mag": 4.3,
        "depth_km": 162.1,
        "date": "2024-08-14"
      },
      "geometry": {
        "type": "Point",
        "coordinates": [
          -73.0255,
          6.7459
        ]
      }
    },
    {
      "type": "Feature",
      "properties": {
        "mag": 4.1,
        "depth_km": 150.3,
        "date": "2024-08-03"
      },
      "geometry": {
        "type": "Point",
        "coordinates": [
          -73.1113,
          6.8
        ]
      }
    },
    {
      "type": "Feature",
      "properties": {
        "mag": 4.3,
        "depth_km": 162.7,
        "date": "2024-07-26"
      },
      "geometry": {
        "type": "Point",
        "coordinates": [
          -73.0808,
          6.7791
        ]
      }
    },
    {
      "type": "Feature",
      "properties": {
        "mag": 4.5,
        "depth_km": 160.3,
        "date": "2024-07-18"
      },
      "geometry": {
        "type": "Point",
        "coordinates": [
          -72.9858,
          6.6727
        ]
      }
    },
    {
      "type": "Feature",
      "properties": {
        "mag": 4,
        "depth_km": 154.5,
        "date": "2024-07-17"
      },
      "geometry": {
        "type": "Point",
        "coordinates": [
          -73.012,
          6.7526
        ]
      }
    },
    {
      "type": "Feature",
      "properties": {
        "mag": 4.1,
        "depth_km": 151.9,
        "date": "2024-07-08"
      },
      "geometry": {
        "type": "Point",
        "coordinates": [
          -73.0492,
          6.8439
        ]
      }
    },
    {
      "type": "Feature",
      "properties": {
        "mag": 4.8,
        "depth_km": 160.6,
        "date": "2024-06-30"
      },
      "geometry": {
        "type": "Point",
        "coordinates": [
          -73.0526,
          6.6903
        ]
      }
    },
    {
      "type": "Feature",
      "properties": {
        "mag": 4.3,
        "depth_km": 151.8,
        "date": "2024-06-29"
      },
      "geometry": {
        "type": "Point",
        "coordinates": [
          -73.0799,
          6.7902
        ]
      }
    },
    {
      "type": "Feature",
      "properties": {
        "mag": 4.6,
        "depth_km": 41.2,
        "date": "2024-06-25"
      },
      "geometry": {
        "type": "Point",
        "coordinates": [
          -77.0329,
          6.848
        ]
      }
    },
    {
      "type": "Feature",
      "properties": {
        "mag": 4.5,
        "depth_km": 11.7,
        "date": "2024-06-07"
      },
      "geometry": {
        "type": "Point",
        "coordinates": [
          -75.9119,
          4.3193
        ]
      }
    },
    {
      "type": "Feature",
      "properties": {
        "mag": 4.2,
        "depth_km": 159.3,
        "date": "2024-06-03"
      },
      "geometry": {
        "type": "Point",
        "coordinates": [
          -73.1092,
          6.8081
        ]
      }
    },
    {
      "type": "Feature",
      "properties": {
        "mag": 4.4,
        "depth_km": 155.4,
        "date": "2024-05-30"
      },
      "geometry": {
        "type": "Point",
        "coordinates": [
          -72.9871,
          6.8079
        ]
      }
    },
    {
      "type": "Feature",
      "properties": {
        "mag": 4.6,
        "depth_km": 159.3,
        "date": "2024-05-27"
      },
      "geometry": {
        "type": "Point",
        "coordinates": [
          -73.0834,
          6.6912
        ]
      }
    },
    {
      "type": "Feature",
      "properties": {
        "mag": 4.3,
        "depth_km": 48.9,
        "date": "2024-05-21"
      },
      "geometry": {
        "type": "Point",
        "coordinates": [
          -76.5066,
          6.8392
        ]
      }
    },
    {
      "type": "Feature",
      "properties": {
        "mag": 4.2,
        "depth_km": 152.1,
        "date": "2024-05-18"
      },
      "geometry": {
        "type": "Point",
        "coordinates": [
          -73.0627,
          6.8165
        ]
      }
    },
    {
      "type": "Feature",
      "properties": {
        "mag": 4.1,
        "depth_km": 156.3,
        "date": "2024-05-18"
      },
      "geometry": {
        "type": "Point",
        "coordinates": [
          -73.0861,
          6.7942
        ]
      }
    },
    {
      "type": "Feature",
      "properties": {
        "mag": 4.2,
        "depth_km": 71.3,
        "date": "2024-05-11"
      },
      "geometry": {
        "type": "Point",
        "coordinates": [
          -74.8294,
          7.8033
        ]
      }
    },
    {
      "type": "Feature",
      "properties": {
        "mag": 4.5,
        "depth_km": 54.5,
        "date": "2024-05-06"
      },
      "geometry": {
        "type": "Point",
        "coordinates": [
          -75.3563,
          8.0283
        ]
      }
    },
    {
      "type": "Feature",
      "properties": {
        "mag": 4.6,
        "depth_km": 126.5,
        "date": "2024-04-30"
      },
      "geometry": {
        "type": "Point",
        "coordinates": [
          -76.0626,
          4.9949
        ]
      }
    },
    {
      "type": "Feature",
      "properties": {
        "mag": 4.4,
        "depth_km": 161.9,
        "date": "2024-04-17"
      },
      "geometry": {
        "type": "Point",
        "coordinates": [
          -73.0152,
          6.6333
        ]
      }
    },
    {
      "type": "Feature",
      "properties": {
        "mag": 4,
        "depth_km": 150.8,
        "date": "2024-04-07"
      },
      "geometry": {
        "type": "Point",
        "coordinates": [
          -73.0577,
          6.8911
        ]
      }
    },
    {
      "type": "Feature",
      "properties": {
        "mag": 4.5,
        "depth_km": 166.4,
        "date": "2024-04-05"
      },
      "geometry": {
        "type": "Point",
        "coordinates": [
          -72.9997,
          6.6676
        ]
      }
    },
    {
      "type": "Feature",
      "properties": {
        "mag": 4.5,
        "depth_km": 157.3,
        "date": "2024-04-03"
      },
      "geometry": {
        "type": "Point",
        "coordinates": [
          -73.1701,
          6.8504
        ]
      }
    },
    {
      "type": "Feature",
      "properties": {
        "mag": 4,
        "depth_km": 151.0,
        "date": "2024-03-29"
      },
      "geometry": {
        "type": "Point",
        "coordinates": [
          -73.061,
          6.8548
        ]
      }
    },
    {
      "type": "Feature",
      "properties": {
        "mag": 4.4,
        "depth_km": 41.6,
        "date": "2024-03-29"
      },
      "geometry": {
        "type": "Point",
        "coordinates": [
          -77.1372,
          5.4232
        ]
      }
    },
    {
      "type": "Feature",
      "properties": {
        "mag": 4.3,
        "depth_km": 156.7,
        "date": "2024-03-28"
      },
      "geometry": {
        "type": "Point",
        "coordinates": [
          -73.0523,
          6.8313
        ]
      }
    },
    {
      "type": "Feature",
      "properties": {
        "mag": 4.3,
        "depth_km": 159.7,
        "date": "2024-03-16"
      },
      "geometry": {
        "type": "Point",
        "coordinates": [
          -73.0908,
          6.7884
        ]
      }
    },
    {
      "type": "Feature",
      "properties": {
        "mag": 4,
        "depth_km": 152.7,
        "date": "2024-03-15"
      },
      "geometry": {
        "type": "Point",
        "coordinates": [
          -73.0474,
          6.829
        ]
      }
    },
    {
      "type": "Feature",
      "properties": {
        "mag": 4.4,
        "depth_km": 146.0,
        "date": "2024-03-06"
      },
      "geometry": {
        "type": "Point",
        "coordinates": [
          -73.1205,
          6.8523
        ]
      }
    },
    {
      "type": "Feature",
      "properties": {
        "mag": 4.4,
        "depth_km": 37.5,
        "date": "2024-03-04"
      },
      "geometry": {
        "type": "Point",
        "coordinates": [
          -76.2688,
          6.7417
        ]
      }
    },
    {
      "type": "Feature",
      "properties": {
        "mag": 4.6,
        "depth_km": 17.8,
        "date": "2024-02-28"
      },
      "geometry": {
        "type": "Point",
        "coordinates": [
          -75.5912,
          6.3253
        ]
      }
    },
    {
      "type": "Feature",
      "properties": {
        "mag": 4.5,
        "depth_km": 51.9,
        "date": "2024-02-27"
      },
      "geometry": {
        "type": "Point",
        "coordinates": [
          -76.7456,
          6.3284
        ]
      }
    },
    {
      "type": "Feature",
      "properties": {
        "mag": 4.5,
        "depth_km": 49.3,
        "date": "2024-02-25"
      },
      "geometry": {
        "type": "Point",
        "coordinates": [
          -76.2307,
          6.8709
        ]
      }
    },
    {
      "type": "Feature",
      "properties": {
        "mag": 4.4,
        "depth_km": 157.2,
        "date": "2024-02-24"
      },
      "geometry": {
        "type": "Point",
        "coordinates": [
          -73.0243,
          6.7838
        ]
      }
    },
    {
      "type": "Feature",
      "properties": {
        "mag": 4.5,
        "depth_km": 156.0,
        "date": "2024-02-23"
      },
      "geometry": {
        "type": "Point",
        "coordinates": [
          -73.0481,
          6.7778
        ]
      }
    },
    {
      "type": "Feature",
      "properties": {
        "mag": 4.5,
        "depth_km": 53.0,
        "date": "2024-02-23"
      },
      "geometry": {
        "type": "Point",
        "coordinates": [
          -75.4767,
          7.3556
        ]
      }
    },
    {
      "type": "Feature",
      "properties": {
        "mag": 4.6,
        "depth_km": 162,
        "date": "2024-02-22"
      },
      "geometry": {
        "type": "Point",
        "coordinates": [
          -73.0893,
          6.6747
        ]
      }
    },
    {
      "type": "Feature",
      "properties": {
        "mag": 4.6,
        "depth_km": 156.4,
        "date": "2024-02-20"
      },
      "geometry": {
        "type": "Point",
        "coordinates": [
          -73.0181,
          6.7875
        ]
      }
    },
    {
      "type": "Feature",
      "properties": {
        "mag": 4.6,
        "depth_km": 165.8,
        "date": "2024-02-20"
      },
      "geometry": {
        "type": "Point",
        "coordinates": [
          -73.0637,
          6.6953
        ]
      }
    },
    {
      "type": "Feature",
      "properties": {
        "mag": 4.4,
        "depth_km": 50.4,
        "date": "2024-02-18"
      },
      "geometry": {
        "type": "Point",
        "coordinates": [
          -77.0365,
          8.3606
        ]
      }
    },
    {
      "type": "Feature",
      "properties": {
        "mag": 4.7,
        "depth_km": 38.7,
        "date": "2024-02-15"
      },
      "geometry": {
        "type": "Point",
        "coordinates": [
          -77.0477,
          7.0504
        ]
      }
    },
    {
      "type": "Feature",
      "properties": {
        "mag": 4.2,
        "depth_km": 89.3,
        "date": "2024-02-10"
      },
      "geometry": {
        "type": "Point",
        "coordinates": [
          -75.9499,
          4.786
        ]
      }
    },
    {
      "type": "Feature",
      "properties": {
        "mag": 4.1,
        "depth_km": 152.0,
        "date": "2024-02-04"
      },
      "geometry": {
        "type": "Point",
        "coordinates": [
          -73.0575,
          6.877
        ]
      }
    },
    {
      "type": "Feature",
      "properties": {
        "mag": 4.5,
        "depth_km": 21.8,
        "date": "2024-01-28"
      },
      "geometry": {
        "type": "Point",
        "coordinates": [
          -77.5807,
          6.2056
        ]
      }
    },
    {
      "type": "Feature",
      "properties": {
        "mag": 4.4,
        "depth_km": 17.4,
        "date": "2024-01-28"
      },
      "geometry": {
        "type": "Point",
        "coordinates": [
          -77.752,
          5.7787
        ]
      }
    },
    {
      "type": "Feature",
      "properties": {
        "mag": 4.7,
        "depth_km": 152.4,
        "date": "2024-01-22"
      },
      "geometry": {
        "type": "Point",
        "coordinates": [
          -73.0861,
          6.8566
        ]
      }
    },
    {
      "type": "Feature",
      "properties": {
        "mag": 5,
        "depth_km": 154.1,
        "date": "2024-01-21"
      },
      "geometry": {
        "type": "Point",
        "coordinates": [
          -73.0286,
          6.7852
        ]
      }
    },
    {
      "type": "Feature",
      "properties": {
        "mag": 4.3,
        "depth_km": 76.3,
        "date": "2024-01-19"
      },
      "geometry": {
        "type": "Point",
        "coordinates": [
          -75.9969,
          4.8447
        ]
      }
    },
    {
      "type": "Feature",
      "properties": {
        "mag": 5.6,
        "depth_km": 65.1,
        "date": "2024-01-19"
      },
      "geometry": {
        "type": "Point",
        "coordinates": [
          -75.8481,
          4.7429
        ]
      }
    },
    {
      "type": "Feature",
      "properties": {
        "mag": 4.3,
        "depth_km": 151.3,
        "date": "2024-01-15"
      },
      "geometry": {
        "type": "Point",
        "coordinates": [
          -73.1499,
          6.8935
        ]
      }
    },
    {
      "type": "Feature",
      "properties": {
        "mag": 3.6,
        "depth_km": 10,
        "date": "2024-01-07"
      },
      "geometry": {
        "type": "Point",
        "coordinates": [
          -75.9386,
          6.8916
        ]
      }
    },
    {
      "type": "Feature",
      "properties": {
        "mag": 4.5,
        "depth_km": 154.8,
        "date": "2023-12-17"
      },
      "geometry": {
        "type": "Point",
        "coordinates": [
          -73.0045,
          6.8023
        ]
      }
    },
    {
      "type": "Feature",
      "properties": {
        "mag": 4.4,
        "depth_km": 46.6,
        "date": "2023-12-15"
      },
      "geometry": {
        "type": "Point",
        "coordinates": [
          -76.2392,
          7.2102
        ]
      }
    },
    {
      "type": "Feature",
      "properties": {
        "mag": 4.5,
        "depth_km": 37.9,
        "date": "2023-12-15"
      },
      "geometry": {
        "type": "Point",
        "coordinates": [
          -75.2416,
          9.0844
        ]
      }
    },
    {
      "type": "Feature",
      "properties": {
        "mag": 4.2,
        "depth_km": 145.0,
        "date": "2023-11-26"
      },
      "geometry": {
        "type": "Point",
        "coordinates": [
          -76.0903,
          4.2967
        ]
      }
    },
    {
      "type": "Feature",
      "properties": {
        "mag": 4,
        "depth_km": 150.5,
        "date": "2023-11-26"
      },
      "geometry": {
        "type": "Point",
        "coordinates": [
          -73.1152,
          6.8472
        ]
      }
    },
    {
      "type": "Feature",
      "properties": {
        "mag": 4.4,
        "depth_km": 148.8,
        "date": "2023-11-24"
      },
      "geometry": {
        "type": "Point",
        "coordinates": [
          -73.1356,
          6.8801
        ]
      }
    },
    {
      "type": "Feature",
      "properties": {
        "mag": 4.3,
        "depth_km": 129.3,
        "date": "2023-11-08"
      },
      "geometry": {
        "type": "Point",
        "coordinates": [
          -73.3307,
          7.0146
        ]
      }
    },
    {
      "type": "Feature",
      "properties": {
        "mag": 4.3,
        "depth_km": 85.1,
        "date": "2023-11-06"
      },
      "geometry": {
        "type": "Point",
        "coordinates": [
          -76.4337,
          4.3276
        ]
      }
    },
    {
      "type": "Feature",
      "properties": {
        "mag": 4.6,
        "depth_km": 159.0,
        "date": "2023-11-04"
      },
      "geometry": {
        "type": "Point",
        "coordinates": [
          -73.0657,
          6.7014
        ]
      }
    },
    {
      "type": "Feature",
      "properties": {
        "mag": 4.2,
        "depth_km": 142.0,
        "date": "2023-10-31"
      },
      "geometry": {
        "type": "Point",
        "coordinates": [
          -76.2619,
          4.4451
        ]
      }
    },
    {
      "type": "Feature",
      "properties": {
        "mag": 4.4,
        "depth_km": 160.4,
        "date": "2023-10-30"
      },
      "geometry": {
        "type": "Point",
        "coordinates": [
          -72.9917,
          6.7196
        ]
      }
    },
    {
      "type": "Feature",
      "properties": {
        "mag": 4.3,
        "depth_km": 156.6,
        "date": "2023-10-29"
      },
      "geometry": {
        "type": "Point",
        "coordinates": [
          -73.0954,
          6.8086
        ]
      }
    },
    {
      "type": "Feature",
      "properties": {
        "mag": 4.4,
        "depth_km": 25.8,
        "date": "2023-10-25"
      },
      "geometry": {
        "type": "Point",
        "coordinates": [
          -77.5009,
          7.6827
        ]
      }
    },
    {
      "type": "Feature",
      "properties": {
        "mag": 4.5,
        "depth_km": 59.0,
        "date": "2023-10-21"
      },
      "geometry": {
        "type": "Point",
        "coordinates": [
          -75.0255,
          7.6175
        ]
      }
    },
    {
      "type": "Feature",
      "properties": {
        "mag": 4.2,
        "depth_km": 157.7,
        "date": "2023-10-19"
      },
      "geometry": {
        "type": "Point",
        "coordinates": [
          -73.0949,
          6.7914
        ]
      }
    },
    {
      "type": "Feature",
      "properties": {
        "mag": 4.2,
        "depth_km": 143.6,
        "date": "2023-10-13"
      },
      "geometry": {
        "type": "Point",
        "coordinates": [
          -73.1439,
          6.8699
        ]
      }
    },
    {
      "type": "Feature",
      "properties": {
        "mag": 4.5,
        "depth_km": 37.5,
        "date": "2023-10-01"
      },
      "geometry": {
        "type": "Point",
        "coordinates": [
          -77.0416,
          7.421
        ]
      }
    },
    {
      "type": "Feature",
      "properties": {
        "mag": 4.3,
        "depth_km": 146.3,
        "date": "2023-09-22"
      },
      "geometry": {
        "type": "Point",
        "coordinates": [
          -73.0508,
          6.867
        ]
      }
    },
    {
      "type": "Feature",
      "properties": {
        "mag": 4.3,
        "depth_km": 154.8,
        "date": "2023-09-19"
      },
      "geometry": {
        "type": "Point",
        "coordinates": [
          -72.971,
          6.8044
        ]
      }
    },
    {
      "type": "Feature",
      "properties": {
        "mag": 4.9,
        "depth_km": 157.8,
        "date": "2023-09-16"
      },
      "geometry": {
        "type": "Point",
        "coordinates": [
          -72.9926,
          6.73
        ]
      }
    },
    {
      "type": "Feature",
      "properties": {
        "mag": 5.2,
        "depth_km": 10,
        "date": "2023-09-14"
      },
      "geometry": {
        "type": "Point",
        "coordinates": [
          -76.7301,
          5.2515
        ]
      }
    },
    {
      "type": "Feature",
      "properties": {
        "mag": 5.1,
        "depth_km": 158.8,
        "date": "2023-09-14"
      },
      "geometry": {
        "type": "Point",
        "coordinates": [
          -73.0327,
          6.7906
        ]
      }
    },
    {
      "type": "Feature",
      "properties": {
        "mag": 4.3,
        "depth_km": 153.5,
        "date": "2023-09-12"
      },
      "geometry": {
        "type": "Point",
        "coordinates": [
          -73.0819,
          6.8017
        ]
      }
    },
    {
      "type": "Feature",
      "properties": {
        "mag": 4.2,
        "depth_km": 162.2,
        "date": "2023-09-07"
      },
      "geometry": {
        "type": "Point",
        "coordinates": [
          -73.0211,
          6.7367
        ]
      }
    },
    {
      "type": "Feature",
      "properties": {
        "mag": 4.9,
        "depth_km": 10,
        "date": "2023-09-01"
      },
      "geometry": {
        "type": "Point",
        "coordinates": [
          -76.6737,
          5.1836
        ]
      }
    },
    {
      "type": "Feature",
      "properties": {
        "mag": 4.5,
        "depth_km": 35,
        "date": "2023-08-29"
      },
      "geometry": {
        "type": "Point",
        "coordinates": [
          -77.2395,
          7.0616
        ]
      }
    },
    {
      "type": "Feature",
      "properties": {
        "mag": 4.4,
        "depth_km": 140.3,
        "date": "2023-08-28"
      },
      "geometry": {
        "type": "Point",
        "coordinates": [
          -73.1476,
          6.9246
        ]
      }
    },
    {
      "type": "Feature",
      "properties": {
        "mag": 5.7,
        "depth_km": 24.0,
        "date": "2023-08-27"
      },
      "geometry": {
        "type": "Point",
        "coordinates": [
          -76.6839,
          5.3394
        ]
      }
    },
    {
      "type": "Feature",
      "properties": {
        "mag": 4.4,
        "depth_km": 162.8,
        "date": "2023-08-17"
      },
      "geometry": {
        "type": "Point",
        "coordinates": [
          -73.032,
          6.6842
        ]
      }
    },
    {
      "type": "Feature",
      "properties": {
        "mag": 4.6,
        "depth_km": 52.3,
        "date": "2023-08-17"
      },
      "geometry": {
        "type": "Point",
        "coordinates": [
          -75.5964,
          7.3186
        ]
      }
    },
    {
      "type": "Feature",
      "properties": {
        "mag": 4.9,
        "depth_km": 54.2,
        "date": "2023-08-14"
      },
      "geometry": {
        "type": "Point",
        "coordinates": [
          -75.5598,
          7.3503
        ]
      }
    },
    {
      "type": "Feature",
      "properties": {
        "mag": 4.9,
        "depth_km": 51.2,
        "date": "2023-08-11"
      },
      "geometry": {
        "type": "Point",
        "coordinates": [
          -75.5745,
          7.3532
        ]
      }
    },
    {
      "type": "Feature",
      "properties": {
        "mag": 4.3,
        "depth_km": 152.8,
        "date": "2023-08-11"
      },
      "geometry": {
        "type": "Point",
        "coordinates": [
          -73.0938,
          6.805
        ]
      }
    },
    {
      "type": "Feature",
      "properties": {
        "mag": 4.3,
        "depth_km": 151.5,
        "date": "2023-08-06"
      },
      "geometry": {
        "type": "Point",
        "coordinates": [
          -72.9948,
          6.8571
        ]
      }
    },
    {
      "type": "Feature",
      "properties": {
        "mag": 4.2,
        "depth_km": 144.0,
        "date": "2023-08-04"
      },
      "geometry": {
        "type": "Point",
        "coordinates": [
          -73.1242,
          6.9172
        ]
      }
    },
    {
      "type": "Feature",
      "properties": {
        "mag": 4.3,
        "depth_km": 150.9,
        "date": "2023-07-22"
      },
      "geometry": {
        "type": "Point",
        "coordinates": [
          -73.0906,
          6.9171
        ]
      }
    },
    {
      "type": "Feature",
      "properties": {
        "mag": 4.2,
        "depth_km": 10,
        "date": "2023-07-20"
      },
      "geometry": {
        "type": "Point",
        "coordinates": [
          -77.6608,
          5.53
        ]
      }
    },
    {
      "type": "Feature",
      "properties": {
        "mag": 4.3,
        "depth_km": 152.3,
        "date": "2023-07-12"
      },
      "geometry": {
        "type": "Point",
        "coordinates": [
          -73.1223,
          6.886
        ]
      }
    },
    {
      "type": "Feature",
      "properties": {
        "mag": 4.2,
        "depth_km": 45.8,
        "date": "2023-07-09"
      },
      "geometry": {
        "type": "Point",
        "coordinates": [
          -76.6725,
          6.9043
        ]
      }
    },
    {
      "type": "Feature",
      "properties": {
        "mag": 4.2,
        "depth_km": 147.9,
        "date": "2023-07-08"
      },
      "geometry": {
        "type": "Point",
        "coordinates": [
          -73.0887,
          6.9022
        ]
      }
    },
    {
      "type": "Feature",
      "properties": {
        "mag": 4.3,
        "depth_km": 124.1,
        "date": "2023-07-01"
      },
      "geometry": {
        "type": "Point",
        "coordinates": [
          -73.4187,
          6.6362
        ]
      }
    },
    {
      "type": "Feature",
      "properties": {
        "mag": 4.3,
        "depth_km": 18.1,
        "date": "2023-06-28"
      },
      "geometry": {
        "type": "Point",
        "coordinates": [
          -77.7289,
          5.351
        ]
      }
    },
    {
      "type": "Feature",
      "properties": {
        "mag": 4.5,
        "depth_km": 162.0,
        "date": "2023-06-27"
      },
      "geometry": {
        "type": "Point",
        "coordinates": [
          -73.0596,
          6.7328
        ]
      }
    },
    {
      "type": "Feature",
      "properties": {
        "mag": 3.8,
        "depth_km": 151.0,
        "date": "2023-06-12"
      },
      "geometry": {
        "type": "Point",
        "coordinates": [
          -73.0311,
          6.8568
        ]
      }
    },
    {
      "type": "Feature",
      "properties": {
        "mag": 5.1,
        "depth_km": 10,
        "date": "2023-06-07"
      },
      "geometry": {
        "type": "Point",
        "coordinates": [
          -77.8504,
          6.0189
        ]
      }
    },
    {
      "type": "Feature",
      "properties": {
        "mag": 4.3,
        "depth_km": 70.3,
        "date": "2023-05-29"
      },
      "geometry": {
        "type": "Point",
        "coordinates": [
          -76.1407,
          7.0417
        ]
      }
    },
    {
      "type": "Feature",
      "properties": {
        "mag": 5.2,
        "depth_km": 163.8,
        "date": "2023-05-28"
      },
      "geometry": {
        "type": "Point",
        "coordinates": [
          -73.0303,
          6.6964
        ]
      }
    },
    {
      "type": "Feature",
      "properties": {
        "mag": 4.5,
        "depth_km": 120.2,
        "date": "2023-05-22"
      },
      "geometry": {
        "type": "Point",
        "coordinates": [
          -76.2681,
          4.3829
        ]
      }
    },
    {
      "type": "Feature",
      "properties": {
        "mag": 4.2,
        "depth_km": 129.6,
        "date": "2023-05-21"
      },
      "geometry": {
        "type": "Point",
        "coordinates": [
          -73.62,
          6.0107
        ]
      }
    },
    {
      "type": "Feature",
      "properties": {
        "mag": 4.6,
        "depth_km": 151.9,
        "date": "2023-05-14"
      },
      "geometry": {
        "type": "Point",
        "coordinates": [
          -73.0895,
          6.8463
        ]
      }
    },
    {
      "type": "Feature",
      "properties": {
        "mag": 4.2,
        "depth_km": 155.2,
        "date": "2023-05-14"
      },
      "geometry": {
        "type": "Point",
        "coordinates": [
          -72.9826,
          6.8341
        ]
      }
    },
    {
      "type": "Feature",
      "properties": {
        "mag": 4.7,
        "depth_km": 50.0,
        "date": "2023-05-12"
      },
      "geometry": {
        "type": "Point",
        "coordinates": [
          -76.0563,
          7.0383
        ]
      }
    },
    {
      "type": "Feature",
      "properties": {
        "mag": 4.4,
        "depth_km": 153.6,
        "date": "2023-05-06"
      },
      "geometry": {
        "type": "Point",
        "coordinates": [
          -72.9894,
          6.7608
        ]
      }
    },
    {
      "type": "Feature",
      "properties": {
        "mag": 4.3,
        "depth_km": 154.9,
        "date": "2023-05-05"
      },
      "geometry": {
        "type": "Point",
        "coordinates": [
          -73.0964,
          6.8252
        ]
      }
    },
    {
      "type": "Feature",
      "properties": {
        "mag": 4.3,
        "depth_km": 143.8,
        "date": "2023-05-05"
      },
      "geometry": {
        "type": "Point",
        "coordinates": [
          -73.1785,
          6.9456
        ]
      }
    },
    {
      "type": "Feature",
      "properties": {
        "mag": 4.2,
        "depth_km": 152.1,
        "date": "2023-04-18"
      },
      "geometry": {
        "type": "Point",
        "coordinates": [
          -73.1335,
          6.8783
        ]
      }
    },
    {
      "type": "Feature",
      "properties": {
        "mag": 4.1,
        "depth_km": 69.3,
        "date": "2023-04-18"
      },
      "geometry": {
        "type": "Point",
        "coordinates": [
          -75.2532,
          7.7707
        ]
      }
    },
    {
      "type": "Feature",
      "properties": {
        "mag": 4.4,
        "depth_km": 152.7,
        "date": "2023-04-07"
      },
      "geometry": {
        "type": "Point",
        "coordinates": [
          -72.9739,
          6.8355
        ]
      }
    },
    {
      "type": "Feature",
      "properties": {
        "mag": 4.6,
        "depth_km": 48.1,
        "date": "2023-04-07"
      },
      "geometry": {
        "type": "Point",
        "coordinates": [
          -76.3312,
          8.9572
        ]
      }
    },
    {
      "type": "Feature",
      "properties": {
        "mag": 4.3,
        "depth_km": 153.2,
        "date": "2023-04-01"
      },
      "geometry": {
        "type": "Point",
        "coordinates": [
          -73.063,
          6.8743
        ]
      }
    },
    {
      "type": "Feature",
      "properties": {
        "mag": 4.5,
        "depth_km": 62.5,
        "date": "2023-03-30"
      },
      "geometry": {
        "type": "Point",
        "coordinates": [
          -74.7887,
          7.9236
        ]
      }
    },
    {
      "type": "Feature",
      "properties": {
        "mag": 4.4,
        "depth_km": 152.7,
        "date": "2023-03-27"
      },
      "geometry": {
        "type": "Point",
        "coordinates": [
          -73.0951,
          6.8433
        ]
      }
    },
    {
      "type": "Feature",
      "properties": {
        "mag": 4.3,
        "depth_km": 156.2,
        "date": "2023-03-26"
      },
      "geometry": {
        "type": "Point",
        "coordinates": [
          -73.1229,
          6.8516
        ]
      }
    },
    {
      "type": "Feature",
      "properties": {
        "mag": 4.7,
        "depth_km": 10,
        "date": "2023-03-16"
      },
      "geometry": {
        "type": "Point",
        "coordinates": [
          -77.5791,
          5.3134
        ]
      }
    },
    {
      "type": "Feature",
      "properties": {
        "mag": 4.5,
        "depth_km": 177.8,
        "date": "2023-03-15"
      },
      "geometry": {
        "type": "Point",
        "coordinates": [
          -76.0855,
          3.9045
        ]
      }
    },
    {
      "type": "Feature",
      "properties": {
        "mag": 4.4,
        "depth_km": 10,
        "date": "2023-03-15"
      },
      "geometry": {
        "type": "Point",
        "coordinates": [
          -77.6017,
          5.4963
        ]
      }
    },
    {
      "type": "Feature",
      "properties": {
        "mag": 4.4,
        "depth_km": 28.6,
        "date": "2023-03-15"
      },
      "geometry": {
        "type": "Point",
        "coordinates": [
          -77.764,
          5.4355
        ]
      }
    },
    {
      "type": "Feature",
      "properties": {
        "mag": 4.5,
        "depth_km": 157.4,
        "date": "2023-03-14"
      },
      "geometry": {
        "type": "Point",
        "coordinates": [
          -72.9977,
          6.8028
        ]
      }
    },
    {
      "type": "Feature",
      "properties": {
        "mag": 4.2,
        "depth_km": 146.4,
        "date": "2023-03-12"
      },
      "geometry": {
        "type": "Point",
        "coordinates": [
          -73.0707,
          6.8364
        ]
      }
    },
    {
      "type": "Feature",
      "properties": {
        "mag": 4.9,
        "depth_km": 10,
        "date": "2023-03-11"
      },
      "geometry": {
        "type": "Point",
        "coordinates": [
          -77.6548,
          5.3643
        ]
      }
    },
    {
      "type": "Feature",
      "properties": {
        "mag": 4.3,
        "depth_km": 146.3,
        "date": "2023-03-11"
      },
      "geometry": {
        "type": "Point",
        "coordinates": [
          -73.1444,
          6.893
        ]
      }
    },
    {
      "type": "Feature",
      "properties": {
        "mag": 5.4,
        "depth_km": 160.4,
        "date": "2023-03-10"
      },
      "geometry": {
        "type": "Point",
        "coordinates": [
          -73.027,
          6.7308
        ]
      }
    },
    {
      "type": "Feature",
      "properties": {
        "mag": 5,
        "depth_km": 10,
        "date": "2023-03-07"
      },
      "geometry": {
        "type": "Point",
        "coordinates": [
          -77.5523,
          5.3828
        ]
      }
    },
    {
      "type": "Feature",
      "properties": {
        "mag": 4.3,
        "depth_km": 155.4,
        "date": "2023-03-07"
      },
      "geometry": {
        "type": "Point",
        "coordinates": [
          -73.0726,
          6.8238
        ]
      }
    },
    {
      "type": "Feature",
      "properties": {
        "mag": 4.4,
        "depth_km": 149.7,
        "date": "2023-03-04"
      },
      "geometry": {
        "type": "Point",
        "coordinates": [
          -73.1083,
          6.8798
        ]
      }
    },
    {
      "type": "Feature",
      "properties": {
        "mag": 4.5,
        "depth_km": 156.8,
        "date": "2023-03-02"
      },
      "geometry": {
        "type": "Point",
        "coordinates": [
          -73.0147,
          6.7351
        ]
      }
    },
    {
      "type": "Feature",
      "properties": {
        "mag": 4.5,
        "depth_km": 35,
        "date": "2023-02-16"
      },
      "geometry": {
        "type": "Point",
        "coordinates": [
          -74.4491,
          6.2484
        ]
      }
    },
    {
      "type": "Feature",
      "properties": {
        "mag": 5.2,
        "depth_km": 158.8,
        "date": "2023-02-15"
      },
      "geometry": {
        "type": "Point",
        "coordinates": [
          -73.0236,
          6.7659
        ]
      }
    },
    {
      "type": "Feature",
      "properties": {
        "mag": 5,
        "depth_km": 23.6,
        "date": "2023-02-07"
      },
      "geometry": {
        "type": "Point",
        "coordinates": [
          -76.9892,
          7.1614
        ]
      }
    },
    {
      "type": "Feature",
      "properties": {
        "mag": 4.6,
        "depth_km": 159.2,
        "date": "2023-02-07"
      },
      "geometry": {
        "type": "Point",
        "coordinates": [
          -73.0222,
          6.8089
        ]
      }
    },
    {
      "type": "Feature",
      "properties": {
        "mag": 3.8,
        "depth_km": 8.5,
        "date": "2023-02-07"
      },
      "geometry": {
        "type": "Point",
        "coordinates": [
          -74.2762,
          4.3409
        ]
      }
    },
    {
      "type": "Feature",
      "properties": {
        "mag": 4.6,
        "depth_km": 154.2,
        "date": "2023-02-01"
      },
      "geometry": {
        "type": "Point",
        "coordinates": [
          -73.1251,
          6.7763
        ]
      }
    },
    {
      "type": "Feature",
      "properties": {
        "mag": 4.5,
        "depth_km": 106.4,
        "date": "2023-01-27"
      },
      "geometry": {
        "type": "Point",
        "coordinates": [
          -76.2007,
          5.0309
        ]
      }
    },
    {
      "type": "Feature",
      "properties": {
        "mag": 4.2,
        "depth_km": 144.0,
        "date": "2023-01-26"
      },
      "geometry": {
        "type": "Point",
        "coordinates": [
          -73.1106,
          6.85
        ]
      }
    },
    {
      "type": "Feature",
      "properties": {
        "mag": 4.5,
        "depth_km": 151.2,
        "date": "2023-01-14"
      },
      "geometry": {
        "type": "Point",
        "coordinates": [
          -73.1176,
          6.8355
        ]
      }
    },
    {
      "type": "Feature",
      "properties": {
        "mag": 4.5,
        "depth_km": 152.6,
        "date": "2023-01-13"
      },
      "geometry": {
        "type": "Point",
        "coordinates": [
          -73.0505,
          6.8346
        ]
      }
    },
    {
      "type": "Feature",
      "properties": {
        "mag": 4.6,
        "depth_km": 155.4,
        "date": "2023-01-13"
      },
      "geometry": {
        "type": "Point",
        "coordinates": [
          -73.0766,
          6.7854
        ]
      }
    },
    {
      "type": "Feature",
      "properties": {
        "mag": 4.3,
        "depth_km": 152.8,
        "date": "2023-01-12"
      },
      "geometry": {
        "type": "Point",
        "coordinates": [
          -73.0545,
          6.7855
        ]
      }
    },
    {
      "type": "Feature",
      "properties": {
        "mag": 4.4,
        "depth_km": 153.9,
        "date": "2023-01-05"
      },
      "geometry": {
        "type": "Point",
        "coordinates": [
          -73.0479,
          6.7877
        ]
      }
    },
    {
      "type": "Feature",
      "properties": {
        "mag": 4.3,
        "depth_km": 154.0,
        "date": "2023-01-02"
      },
      "geometry": {
        "type": "Point",
        "coordinates": [
          -73.0877,
          6.8279
        ]
      }
    },
    {
      "type": "Feature",
      "properties": {
        "mag": 4.9,
        "depth_km": 39.7,
        "date": "2022-12-21"
      },
      "geometry": {
        "type": "Point",
        "coordinates": [
          -76.9735,
          7.3105
        ]
      }
    },
    {
      "type": "Feature",
      "properties": {
        "mag": 4.5,
        "depth_km": 154.4,
        "date": "2022-12-14"
      },
      "geometry": {
        "type": "Point",
        "coordinates": [
          -73.04,
          6.7855
        ]
      }
    },
    {
      "type": "Feature",
      "properties": {
        "mag": 4.7,
        "depth_km": 40.0,
        "date": "2022-12-03"
      },
      "geometry": {
        "type": "Point",
        "coordinates": [
          -77.1037,
          7.2431
        ]
      }
    },
    {
      "type": "Feature",
      "properties": {
        "mag": 4.1,
        "depth_km": 156.9,
        "date": "2022-12-02"
      },
      "geometry": {
        "type": "Point",
        "coordinates": [
          -72.9223,
          6.795
        ]
      }
    },
    {
      "type": "Feature",
      "properties": {
        "mag": 4.3,
        "depth_km": 27.9,
        "date": "2022-12-02"
      },
      "geometry": {
        "type": "Point",
        "coordinates": [
          -77.1841,
          7.2489
        ]
      }
    },
    {
      "type": "Feature",
      "properties": {
        "mag": 4.7,
        "depth_km": 43.1,
        "date": "2022-12-02"
      },
      "geometry": {
        "type": "Point",
        "coordinates": [
          -77.0842,
          7.2127
        ]
      }
    },
    {
      "type": "Feature",
      "properties": {
        "mag": 4.7,
        "depth_km": 22.2,
        "date": "2022-11-28"
      },
      "geometry": {
        "type": "Point",
        "coordinates": [
          -76.113,
          6.8133
        ]
      }
    },
    {
      "type": "Feature",
      "properties": {
        "mag": 4.4,
        "depth_km": 139.8,
        "date": "2022-11-27"
      },
      "geometry": {
        "type": "Point",
        "coordinates": [
          -73.2225,
          7.503
        ]
      }
    },
    {
      "type": "Feature",
      "properties": {
        "mag": 3.9,
        "depth_km": 46.6,
        "date": "2022-11-25"
      },
      "geometry": {
        "type": "Point",
        "coordinates": [
          -75.2486,
          7.7723
        ]
      }
    },
    {
      "type": "Feature",
      "properties": {
        "mag": 4.2,
        "depth_km": 152.4,
        "date": "2022-11-20"
      },
      "geometry": {
        "type": "Point",
        "coordinates": [
          -73.0742,
          6.844
        ]
      }
    },
    {
      "type": "Feature",
      "properties": {
        "mag": 4.7,
        "depth_km": 161.2,
        "date": "2022-10-18"
      },
      "geometry": {
        "type": "Point",
        "coordinates": [
          -73.0398,
          6.7912
        ]
      }
    },
    {
      "type": "Feature",
      "properties": {
        "mag": 4.4,
        "depth_km": 150.3,
        "date": "2022-10-15"
      },
      "geometry": {
        "type": "Point",
        "coordinates": [
          -73.0918,
          6.877
        ]
      }
    },
    {
      "type": "Feature",
      "properties": {
        "mag": 4.4,
        "depth_km": 147.8,
        "date": "2022-10-12"
      },
      "geometry": {
        "type": "Point",
        "coordinates": [
          -73.0863,
          6.895
        ]
      }
    },
    {
      "type": "Feature",
      "properties": {
        "mag": 4.7,
        "depth_km": 15.9,
        "date": "2022-10-03"
      },
      "geometry": {
        "type": "Point",
        "coordinates": [
          -76.7318,
          6.9083
        ]
      }
    },
    {
      "type": "Feature",
      "properties": {
        "mag": 4.5,
        "depth_km": 61.9,
        "date": "2022-09-20"
      },
      "geometry": {
        "type": "Point",
        "coordinates": [
          -74.9252,
          6.9237
        ]
      }
    },
    {
      "type": "Feature",
      "properties": {
        "mag": 4.9,
        "depth_km": 158.8,
        "date": "2022-09-19"
      },
      "geometry": {
        "type": "Point",
        "coordinates": [
          -72.995,
          6.6815
        ]
      }
    },
    {
      "type": "Feature",
      "properties": {
        "mag": 4.2,
        "depth_km": 150.3,
        "date": "2022-09-18"
      },
      "geometry": {
        "type": "Point",
        "coordinates": [
          -73.104,
          6.8579
        ]
      }
    },
    {
      "type": "Feature",
      "properties": {
        "mag": 4.3,
        "depth_km": 108.9,
        "date": "2022-09-17"
      },
      "geometry": {
        "type": "Point",
        "coordinates": [
          -73.7203,
          7.4207
        ]
      }
    },
    {
      "type": "Feature",
      "properties": {
        "mag": 4.2,
        "depth_km": 83.6,
        "date": "2022-09-06"
      },
      "geometry": {
        "type": "Point",
        "coordinates": [
          -74.3658,
          6.6308
        ]
      }
    },
    {
      "type": "Feature",
      "properties": {
        "mag": 4.4,
        "depth_km": 162.6,
        "date": "2022-09-01"
      },
      "geometry": {
        "type": "Point",
        "coordinates": [
          -73.0693,
          6.7234
        ]
      }
    },
    {
      "type": "Feature",
      "properties": {
        "mag": 4.5,
        "depth_km": 100.8,
        "date": "2022-08-30"
      },
      "geometry": {
        "type": "Point",
        "coordinates": [
          -76.2303,
          5.1534
        ]
      }
    },
    {
      "type": "Feature",
      "properties": {
        "mag": 4.4,
        "depth_km": 156.7,
        "date": "2022-08-22"
      },
      "geometry": {
        "type": "Point",
        "coordinates": [
          -73.0547,
          6.7699
        ]
      }
    },
    {
      "type": "Feature",
      "properties": {
        "mag": 4.6,
        "depth_km": 128.8,
        "date": "2022-08-17"
      },
      "geometry": {
        "type": "Point",
        "coordinates": [
          -76.0511,
          4.8445
        ]
      }
    },
    {
      "type": "Feature",
      "properties": {
        "mag": 4.1,
        "depth_km": 151.2,
        "date": "2022-08-15"
      },
      "geometry": {
        "type": "Point",
        "coordinates": [
          -73.0414,
          6.8682
        ]
      }
    },
    {
      "type": "Feature",
      "properties": {
        "mag": 4.6,
        "depth_km": 150.8,
        "date": "2022-08-13"
      },
      "geometry": {
        "type": "Point",
        "coordinates": [
          -72.9904,
          6.9068
        ]
      }
    },
    {
      "type": "Feature",
      "properties": {
        "mag": 4.2,
        "depth_km": 157.4,
        "date": "2022-08-13"
      },
      "geometry": {
        "type": "Point",
        "coordinates": [
          -73.0954,
          6.8811
        ]
      }
    },
    {
      "type": "Feature",
      "properties": {
        "mag": 4.5,
        "depth_km": 10,
        "date": "2022-08-06"
      },
      "geometry": {
        "type": "Point",
        "coordinates": [
          -77.1925,
          8.2722
        ]
      }
    },
    {
      "type": "Feature",
      "properties": {
        "mag": 4.1,
        "depth_km": 155.5,
        "date": "2022-07-22"
      },
      "geometry": {
        "type": "Point",
        "coordinates": [
          -73.067,
          6.7709
        ]
      }
    },
    {
      "type": "Feature",
      "properties": {
        "mag": 4.3,
        "depth_km": 149.4,
        "date": "2022-07-19"
      },
      "geometry": {
        "type": "Point",
        "coordinates": [
          -73.1666,
          6.8944
        ]
      }
    },
    {
      "type": "Feature",
      "properties": {
        "mag": 4.3,
        "depth_km": 153.7,
        "date": "2022-07-08"
      },
      "geometry": {
        "type": "Point",
        "coordinates": [
          -73.0292,
          6.8134
        ]
      }
    },
    {
      "type": "Feature",
      "properties": {
        "mag": 4,
        "depth_km": 142.1,
        "date": "2022-07-07"
      },
      "geometry": {
        "type": "Point",
        "coordinates": [
          -73.0722,
          6.8663
        ]
      }
    },
    {
      "type": "Feature",
      "properties": {
        "mag": 4.2,
        "depth_km": 143.6,
        "date": "2022-07-07"
      },
      "geometry": {
        "type": "Point",
        "coordinates": [
          -73.1057,
          6.8925
        ]
      }
    },
    {
      "type": "Feature",
      "properties": {
        "mag": 4.3,
        "depth_km": 151.5,
        "date": "2022-07-01"
      },
      "geometry": {
        "type": "Point",
        "coordinates": [
          -73.0028,
          6.8015
        ]
      }
    },
    {
      "type": "Feature",
      "properties": {
        "mag": 4.2,
        "depth_km": 146.6,
        "date": "2022-07-01"
      },
      "geometry": {
        "type": "Point",
        "coordinates": [
          -73.0269,
          6.8389
        ]
      }
    },
    {
      "type": "Feature",
      "properties": {
        "mag": 4.5,
        "depth_km": 114.0,
        "date": "2022-06-30"
      },
      "geometry": {
        "type": "Point",
        "coordinates": [
          -76.0895,
          4.9528
        ]
      }
    },
    {
      "type": "Feature",
      "properties": {
        "mag": 4.3,
        "depth_km": 143.6,
        "date": "2022-06-24"
      },
      "geometry": {
        "type": "Point",
        "coordinates": [
          -73.0524,
          6.8663
        ]
      }
    },
    {
      "type": "Feature",
      "properties": {
        "mag": 4.2,
        "depth_km": 139.7,
        "date": "2022-06-19"
      },
      "geometry": {
        "type": "Point",
        "coordinates": [
          -73.133,
          6.9376
        ]
      }
    },
    {
      "type": "Feature",
      "properties": {
        "mag": 4.5,
        "depth_km": 149.4,
        "date": "2022-06-18"
      },
      "geometry": {
        "type": "Point",
        "coordinates": [
          -73.0661,
          6.8826
        ]
      }
    },
    {
      "type": "Feature",
      "properties": {
        "mag": 4.3,
        "depth_km": 141.5,
        "date": "2022-06-16"
      },
      "geometry": {
        "type": "Point",
        "coordinates": [
          -73.131,
          6.903
        ]
      }
    },
    {
      "type": "Feature",
      "properties": {
        "mag": 4.6,
        "depth_km": 10,
        "date": "2022-06-12"
      },
      "geometry": {
        "type": "Point",
        "coordinates": [
          -76.0316,
          6.9518
        ]
      }
    },
    {
      "type": "Feature",
      "properties": {
        "mag": 4.6,
        "depth_km": 92.3,
        "date": "2022-06-08"
      },
      "geometry": {
        "type": "Point",
        "coordinates": [
          -74.1788,
          6.8286
        ]
      }
    },
    {
      "type": "Feature",
      "properties": {
        "mag": 4.2,
        "depth_km": 147.2,
        "date": "2022-06-05"
      },
      "geometry": {
        "type": "Point",
        "coordinates": [
          -73.069,
          6.8882
        ]
      }
    },
    {
      "type": "Feature",
      "properties": {
        "mag": 4.3,
        "depth_km": 145.8,
        "date": "2022-06-01"
      },
      "geometry": {
        "type": "Point",
        "coordinates": [
          -73.0358,
          6.8568
        ]
      }
    },
    {
      "type": "Feature",
      "properties": {
        "mag": 4.1,
        "depth_km": 154.2,
        "date": "2022-05-31"
      },
      "geometry": {
        "type": "Point",
        "coordinates": [
          -73.1145,
          6.8655
        ]
      }
    },
    {
      "type": "Feature",
      "properties": {
        "mag": 4.5,
        "depth_km": 146.2,
        "date": "2022-05-30"
      },
      "geometry": {
        "type": "Point",
        "coordinates": [
          -73.056,
          6.8191
        ]
      }
    },
    {
      "type": "Feature",
      "properties": {
        "mag": 4.2,
        "depth_km": 136.9,
        "date": "2022-05-29"
      },
      "geometry": {
        "type": "Point",
        "coordinates": [
          -73.1291,
          6.9374
        ]
      }
    },
    {
      "type": "Feature",
      "properties": {
        "mag": 4.3,
        "depth_km": 150.0,
        "date": "2022-05-28"
      },
      "geometry": {
        "type": "Point",
        "coordinates": [
          -73.0753,
          6.8281
        ]
      }
    },
    {
      "type": "Feature",
      "properties": {
        "mag": 4.3,
        "depth_km": 140.1,
        "date": "2022-05-21"
      },
      "geometry": {
        "type": "Point",
        "coordinates": [
          -73.138,
          6.9515
        ]
      }
    },
    {
      "type": "Feature",
      "properties": {
        "mag": 4.3,
        "depth_km": 147.8,
        "date": "2022-05-16"
      },
      "geometry": {
        "type": "Point",
        "coordinates": [
          -73.099,
          6.8748
        ]
      }
    },
    {
      "type": "Feature",
      "properties": {
        "mag": 4.2,
        "depth_km": 143.3,
        "date": "2022-05-14"
      },
      "geometry": {
        "type": "Point",
        "coordinates": [
          -73.1647,
          6.9193
        ]
      }
    },
    {
      "type": "Feature",
      "properties": {
        "mag": 5,
        "depth_km": 69.2,
        "date": "2022-05-12"
      },
      "geometry": {
        "type": "Point",
        "coordinates": [
          -76.4472,
          4.014
        ]
      }
    },
    {
      "type": "Feature",
      "properties": {
        "mag": 4.1,
        "depth_km": 142.6,
        "date": "2022-04-29"
      },
      "geometry": {
        "type": "Point",
        "coordinates": [
          -73.1481,
          6.9193
        ]
      }
    },
    {
      "type": "Feature",
      "properties": {
        "mag": 4.3,
        "depth_km": 71.9,
        "date": "2022-04-28"
      },
      "geometry": {
        "type": "Point",
        "coordinates": [
          -76.5299,
          5.4306
        ]
      }
    },
    {
      "type": "Feature",
      "properties": {
        "mag": 4,
        "depth_km": 151.8,
        "date": "2022-04-25"
      },
      "geometry": {
        "type": "Point",
        "coordinates": [
          -73.1434,
          6.8799
        ]
      }
    },
    {
      "type": "Feature",
      "properties": {
        "mag": 4.4,
        "depth_km": 37.3,
        "date": "2022-04-25"
      },
      "geometry": {
        "type": "Point",
        "coordinates": [
          -76.5351,
          8.2131
        ]
      }
    },
    {
      "type": "Feature",
      "properties": {
        "mag": 4.4,
        "depth_km": 10,
        "date": "2022-04-23"
      },
      "geometry": {
        "type": "Point",
        "coordinates": [
          -76.4688,
          6.8684
        ]
      }
    },
    {
      "type": "Feature",
      "properties": {
        "mag": 4.1,
        "depth_km": 138.5,
        "date": "2022-04-13"
      },
      "geometry": {
        "type": "Point",
        "coordinates": [
          -73.1367,
          6.8718
        ]
      }
    },
    {
      "type": "Feature",
      "properties": {
        "mag": 4.4,
        "depth_km": 150.6,
        "date": "2022-04-09"
      },
      "geometry": {
        "type": "Point",
        "coordinates": [
          -73.0487,
          6.851
        ]
      }
    },
    {
      "type": "Feature",
      "properties": {
        "mag": 4.3,
        "depth_km": 148.4,
        "date": "2022-04-05"
      },
      "geometry": {
        "type": "Point",
        "coordinates": [
          -73.0655,
          6.843
        ]
      }
    },
    {
      "type": "Feature",
      "properties": {
        "mag": 4.5,
        "depth_km": 145.0,
        "date": "2022-04-01"
      },
      "geometry": {
        "type": "Point",
        "coordinates": [
          -73.0593,
          6.8993
        ]
      }
    },
    {
      "type": "Feature",
      "properties": {
        "mag": 4.4,
        "depth_km": 144.2,
        "date": "2022-03-26"
      },
      "geometry": {
        "type": "Point",
        "coordinates": [
          -73.1458,
          6.9022
        ]
      }
    },
    {
      "type": "Feature",
      "properties": {
        "mag": 4.7,
        "depth_km": 93.7,
        "date": "2022-03-24"
      },
      "geometry": {
        "type": "Point",
        "coordinates": [
          -76.3122,
          4.9824
        ]
      }
    },
    {
      "type": "Feature",
      "properties": {
        "mag": 4.5,
        "depth_km": 146.7,
        "date": "2022-03-19"
      },
      "geometry": {
        "type": "Point",
        "coordinates": [
          -73.1023,
          6.8581
        ]
      }
    },
    {
      "type": "Feature",
      "properties": {
        "mag": 4.5,
        "depth_km": 10,
        "date": "2022-03-13"
      },
      "geometry": {
        "type": "Point",
        "coordinates": [
          -77.57,
          8.1945
        ]
      }
    },
    {
      "type": "Feature",
      "properties": {
        "mag": 4.5,
        "depth_km": 10,
        "date": "2022-03-09"
      },
      "geometry": {
        "type": "Point",
        "coordinates": [
          -78.0585,
          7.2333
        ]
      }
    },
    {
      "type": "Feature",
      "properties": {
        "mag": 4.9,
        "depth_km": 151.4,
        "date": "2022-03-07"
      },
      "geometry": {
        "type": "Point",
        "coordinates": [
          -72.9917,
          6.7994
        ]
      }
    },
    {
      "type": "Feature",
      "properties": {
        "mag": 4.4,
        "depth_km": 10,
        "date": "2022-03-04"
      },
      "geometry": {
        "type": "Point",
        "coordinates": [
          -77.8548,
          5.6481
        ]
      }
    },
    {
      "type": "Feature",
      "properties": {
        "mag": 4.3,
        "depth_km": 148.3,
        "date": "2022-03-01"
      },
      "geometry": {
        "type": "Point",
        "coordinates": [
          -73.078,
          6.7961
        ]
      }
    },
    {
      "type": "Feature",
      "properties": {
        "mag": 5.5,
        "depth_km": 50.7,
        "date": "2022-02-23"
      },
      "geometry": {
        "type": "Point",
        "coordinates": [
          -74.2494,
          7.8174
        ]
      }
    },
    {
      "type": "Feature",
      "properties": {
        "mag": 4.3,
        "depth_km": 148.2,
        "date": "2022-02-20"
      },
      "geometry": {
        "type": "Point",
        "coordinates": [
          -73.0374,
          6.9148
        ]
      }
    },
    {
      "type": "Feature",
      "properties": {
        "mag": 4.4,
        "depth_km": 143.2,
        "date": "2022-02-18"
      },
      "geometry": {
        "type": "Point",
        "coordinates": [
          -72.9916,
          6.8903
        ]
      }
    },
    {
      "type": "Feature",
      "properties": {
        "mag": 4.3,
        "depth_km": 142.6,
        "date": "2022-01-26"
      },
      "geometry": {
        "type": "Point",
        "coordinates": [
          -72.9927,
          6.964
        ]
      }
    },
    {
      "type": "Feature",
      "properties": {
        "mag": 4.2,
        "depth_km": 146.2,
        "date": "2022-01-26"
      },
      "geometry": {
        "type": "Point",
        "coordinates": [
          -73.114,
          6.9341
        ]
      }
    },
    {
      "type": "Feature",
      "properties": {
        "mag": 4.2,
        "depth_km": 147.9,
        "date": "2022-01-25"
      },
      "geometry": {
        "type": "Point",
        "coordinates": [
          -72.993,
          6.8946
        ]
      }
    },
    {
      "type": "Feature",
      "properties": {
        "mag": 4.4,
        "depth_km": 149.8,
        "date": "2021-12-20"
      },
      "geometry": {
        "type": "Point",
        "coordinates": [
          -72.9781,
          6.8648
        ]
      }
    },
    {
      "type": "Feature",
      "properties": {
        "mag": 4.8,
        "depth_km": 153.4,
        "date": "2021-12-09"
      },
      "geometry": {
        "type": "Point",
        "coordinates": [
          -72.9486,
          6.8146
        ]
      }
    },
    {
      "type": "Feature",
      "properties": {
        "mag": 4.8,
        "depth_km": 35,
        "date": "2021-12-02"
      },
      "geometry": {
        "type": "Point",
        "coordinates": [
          -77.0462,
          7.3528
        ]
      }
    },
    {
      "type": "Feature",
      "properties": {
        "mag": 4.9,
        "depth_km": 123.1,
        "date": "2021-11-29"
      },
      "geometry": {
        "type": "Point",
        "coordinates": [
          -76.3426,
          4.2503
        ]
      }
    },
    {
      "type": "Feature",
      "properties": {
        "mag": 4.7,
        "depth_km": 27.7,
        "date": "2021-11-28"
      },
      "geometry": {
        "type": "Point",
        "coordinates": [
          -76.9244,
          7.5242
        ]
      }
    },
    {
      "type": "Feature",
      "properties": {
        "mag": 4.1,
        "depth_km": 34.8,
        "date": "2021-11-27"
      },
      "geometry": {
        "type": "Point",
        "coordinates": [
          -75.9875,
          5.841
        ]
      }
    },
    {
      "type": "Feature",
      "properties": {
        "mag": 4.3,
        "depth_km": 64.6,
        "date": "2021-11-26"
      },
      "geometry": {
        "type": "Point",
        "coordinates": [
          -75.2766,
          7.3397
        ]
      }
    },
    {
      "type": "Feature",
      "properties": {
        "mag": 4.4,
        "depth_km": 152.1,
        "date": "2021-11-26"
      },
      "geometry": {
        "type": "Point",
        "coordinates": [
          -73.001,
          6.851
        ]
      }
    },
    {
      "type": "Feature",
      "properties": {
        "mag": 4.2,
        "depth_km": 54.6,
        "date": "2021-11-18"
      },
      "geometry": {
        "type": "Point",
        "coordinates": [
          -77.4752,
          7.1732
        ]
      }
    },
    {
      "type": "Feature",
      "properties": {
        "mag": 4.3,
        "depth_km": 141.2,
        "date": "2021-11-09"
      },
      "geometry": {
        "type": "Point",
        "coordinates": [
          -72.9885,
          6.9146
        ]
      }
    },
    {
      "type": "Feature",
      "properties": {
        "mag": 4,
        "depth_km": 147.4,
        "date": "2021-11-02"
      },
      "geometry": {
        "type": "Point",
        "coordinates": [
          -73.0158,
          6.963
        ]
      }
    },
    {
      "type": "Feature",
      "properties": {
        "mag": 4.3,
        "depth_km": 135.4,
        "date": "2021-10-29"
      },
      "geometry": {
        "type": "Point",
        "coordinates": [
          -73.0577,
          6.9536
        ]
      }
    },
    {
      "type": "Feature",
      "properties": {
        "mag": 4.6,
        "depth_km": 143.4,
        "date": "2021-10-26"
      },
      "geometry": {
        "type": "Point",
        "coordinates": [
          -73.0916,
          6.9354
        ]
      }
    },
    {
      "type": "Feature",
      "properties": {
        "mag": 4.5,
        "depth_km": 119.0,
        "date": "2021-10-17"
      },
      "geometry": {
        "type": "Point",
        "coordinates": [
          -73.4851,
          6.3622
        ]
      }
    },
    {
      "type": "Feature",
      "properties": {
        "mag": 5,
        "depth_km": 151.9,
        "date": "2021-10-12"
      },
      "geometry": {
        "type": "Point",
        "coordinates": [
          -72.9919,
          6.8198
        ]
      }
    },
    {
      "type": "Feature",
      "properties": {
        "mag": 4,
        "depth_km": 173.8,
        "date": "2021-10-11"
      },
      "geometry": {
        "type": "Point",
        "coordinates": [
          -73.3101,
          6.0015
        ]
      }
    },
    {
      "type": "Feature",
      "properties": {
        "mag": 4.7,
        "depth_km": 149.9,
        "date": "2021-10-05"
      },
      "geometry": {
        "type": "Point",
        "coordinates": [
          -72.9739,
          6.9037
        ]
      }
    },
    {
      "type": "Feature",
      "properties": {
        "mag": 4.2,
        "depth_km": 144.5,
        "date": "2021-09-25"
      },
      "geometry": {
        "type": "Point",
        "coordinates": [
          -72.9662,
          6.8914
        ]
      }
    },
    {
      "type": "Feature",
      "properties": {
        "mag": 4.3,
        "depth_km": 153.6,
        "date": "2021-09-07"
      },
      "geometry": {
        "type": "Point",
        "coordinates": [
          -73.0522,
          6.8762
        ]
      }
    },
    {
      "type": "Feature",
      "properties": {
        "mag": 4.5,
        "depth_km": 149.1,
        "date": "2021-08-28"
      },
      "geometry": {
        "type": "Point",
        "coordinates": [
          -73.0284,
          6.8607
        ]
      }
    },
    {
      "type": "Feature",
      "properties": {
        "mag": 4.4,
        "depth_km": 91.8,
        "date": "2021-08-18"
      },
      "geometry": {
        "type": "Point",
        "coordinates": [
          -76.3165,
          5.0726
        ]
      }
    },
    {
      "type": "Feature",
      "properties": {
        "mag": 4.3,
        "depth_km": 122.7,
        "date": "2021-08-12"
      },
      "geometry": {
        "type": "Point",
        "coordinates": [
          -73.9576,
          5.6461
        ]
      }
    },
    {
      "type": "Feature",
      "properties": {
        "mag": 4.1,
        "depth_km": 142.1,
        "date": "2021-08-09"
      },
      "geometry": {
        "type": "Point",
        "coordinates": [
          -73.0035,
          6.9103
        ]
      }
    },
    {
      "type": "Feature",
      "properties": {
        "mag": 4.4,
        "depth_km": 145.9,
        "date": "2021-07-31"
      },
      "geometry": {
        "type": "Point",
        "coordinates": [
          -72.9706,
          6.9039
        ]
      }
    },
    {
      "type": "Feature",
      "properties": {
        "mag": 4.2,
        "depth_km": 142.0,
        "date": "2021-07-27"
      },
      "geometry": {
        "type": "Point",
        "coordinates": [
          -73.0044,
          6.9326
        ]
      }
    },
    {
      "type": "Feature",
      "properties": {
        "mag": 4.2,
        "depth_km": 140.9,
        "date": "2021-07-21"
      },
      "geometry": {
        "type": "Point",
        "coordinates": [
          -73.0289,
          6.9569
        ]
      }
    },
    {
      "type": "Feature",
      "properties": {
        "mag": 4.3,
        "depth_km": 145.8,
        "date": "2021-07-19"
      },
      "geometry": {
        "type": "Point",
        "coordinates": [
          -73.0921,
          6.8374
        ]
      }
    },
    {
      "type": "Feature",
      "properties": {
        "mag": 4.4,
        "depth_km": 10,
        "date": "2021-07-17"
      },
      "geometry": {
        "type": "Point",
        "coordinates": [
          -77.6752,
          6.8194
        ]
      }
    },
    {
      "type": "Feature",
      "properties": {
        "mag": 4.3,
        "depth_km": 139.7,
        "date": "2021-07-10"
      },
      "geometry": {
        "type": "Point",
        "coordinates": [
          -73.102,
          6.9115
        ]
      }
    },
    {
      "type": "Feature",
      "properties": {
        "mag": 4.6,
        "depth_km": 146.2,
        "date": "2021-07-06"
      },
      "geometry": {
        "type": "Point",
        "coordinates": [
          -73.064,
          6.8865
        ]
      }
    },
    {
      "type": "Feature",
      "properties": {
        "mag": 4.2,
        "depth_km": 151.8,
        "date": "2021-07-06"
      },
      "geometry": {
        "type": "Point",
        "coordinates": [
          -73.0454,
          6.8036
        ]
      }
    },
    {
      "type": "Feature",
      "properties": {
        "mag": 4.5,
        "depth_km": 142.3,
        "date": "2021-07-01"
      },
      "geometry": {
        "type": "Point",
        "coordinates": [
          -73.1343,
          6.9212
        ]
      }
    },
    {
      "type": "Feature",
      "properties": {
        "mag": 4.4,
        "depth_km": 143.5,
        "date": "2021-06-30"
      },
      "geometry": {
        "type": "Point",
        "coordinates": [
          -73.0946,
          6.8959
        ]
      }
    },
    {
      "type": "Feature",
      "properties": {
        "mag": 4.1,
        "depth_km": 152.5,
        "date": "2021-06-27"
      },
      "geometry": {
        "type": "Point",
        "coordinates": [
          -73.0865,
          6.8763
        ]
      }
    },
    {
      "type": "Feature",
      "properties": {
        "mag": 4.3,
        "depth_km": 146.4,
        "date": "2021-06-18"
      },
      "geometry": {
        "type": "Point",
        "coordinates": [
          -73.1082,
          6.9061
        ]
      }
    },
    {
      "type": "Feature",
      "properties": {
        "mag": 4.5,
        "depth_km": 159.3,
        "date": "2021-06-14"
      },
      "geometry": {
        "type": "Point",
        "coordinates": [
          -73.0231,
          6.809
        ]
      }
    },
    {
      "type": "Feature",
      "properties": {
        "mag": 4.5,
        "depth_km": 154.4,
        "date": "2021-06-14"
      },
      "geometry": {
        "type": "Point",
        "coordinates": [
          -73.0833,
          6.8245
        ]
      }
    },
    {
      "type": "Feature",
      "properties": {
        "mag": 4.1,
        "depth_km": 147.3,
        "date": "2021-05-31"
      },
      "geometry": {
        "type": "Point",
        "coordinates": [
          -73.064,
          6.8076
        ]
      }
    },
    {
      "type": "Feature",
      "properties": {
        "mag": 4.4,
        "depth_km": 40.7,
        "date": "2021-05-29"
      },
      "geometry": {
        "type": "Point",
        "coordinates": [
          -77.031,
          8.4863
        ]
      }
    },
    {
      "type": "Feature",
      "properties": {
        "mag": 4.7,
        "depth_km": 154.1,
        "date": "2021-05-28"
      },
      "geometry": {
        "type": "Point",
        "coordinates": [
          -73.0743,
          6.7826
        ]
      }
    },
    {
      "type": "Feature",
      "properties": {
        "mag": 4.3,
        "depth_km": 148.0,
        "date": "2021-05-17"
      },
      "geometry": {
        "type": "Point",
        "coordinates": [
          -73.2411,
          6.8907
        ]
      }
    },
    {
      "type": "Feature",
      "properties": {
        "mag": 4.3,
        "depth_km": 156.4,
        "date": "2021-05-13"
      },
      "geometry": {
        "type": "Point",
        "coordinates": [
          -72.9762,
          6.7359
        ]
      }
    },
    {
      "type": "Feature",
      "properties": {
        "mag": 4.1,
        "depth_km": 148.2,
        "date": "2021-05-12"
      },
      "geometry": {
        "type": "Point",
        "coordinates": [
          -73.0977,
          6.8993
        ]
      }
    },
    {
      "type": "Feature",
      "properties": {
        "mag": 4.2,
        "depth_km": 147.7,
        "date": "2021-05-10"
      },
      "geometry": {
        "type": "Point",
        "coordinates": [
          -73.168,
          6.9105
        ]
      }
    },
    {
      "type": "Feature",
      "properties": {
        "mag": 4.2,
        "depth_km": 147.5,
        "date": "2021-05-04"
      },
      "geometry": {
        "type": "Point",
        "coordinates": [
          -73.1141,
          6.8578
        ]
      }
    },
    {
      "type": "Feature",
      "properties": {
        "mag": 4.1,
        "depth_km": 153.5,
        "date": "2021-04-26"
      },
      "geometry": {
        "type": "Point",
        "coordinates": [
          -72.9781,
          6.8169
        ]
      }
    },
    {
      "type": "Feature",
      "properties": {
        "mag": 4,
        "depth_km": 146.5,
        "date": "2021-04-23"
      },
      "geometry": {
        "type": "Point",
        "coordinates": [
          -73.1087,
          6.9124
        ]
      }
    },
    {
      "type": "Feature",
      "properties": {
        "mag": 4.3,
        "depth_km": 149.9,
        "date": "2021-04-22"
      },
      "geometry": {
        "type": "Point",
        "coordinates": [
          -73.08,
          6.826
        ]
      }
    },
    {
      "type": "Feature",
      "properties": {
        "mag": 4.3,
        "depth_km": 155.7,
        "date": "2021-04-17"
      },
      "geometry": {
        "type": "Point",
        "coordinates": [
          -73.0701,
          6.7812
        ]
      }
    },
    {
      "type": "Feature",
      "properties": {
        "mag": 4.3,
        "depth_km": 10,
        "date": "2021-04-14"
      },
      "geometry": {
        "type": "Point",
        "coordinates": [
          -77.6362,
          5.9984
        ]
      }
    },
    {
      "type": "Feature",
      "properties": {
        "mag": 4.1,
        "depth_km": 166.8,
        "date": "2021-04-14"
      },
      "geometry": {
        "type": "Point",
        "coordinates": [
          -72.9353,
          7.2025
        ]
      }
    },
    {
      "type": "Feature",
      "properties": {
        "mag": 5,
        "depth_km": 41.0,
        "date": "2021-04-02"
      },
      "geometry": {
        "type": "Point",
        "coordinates": [
          -76.9434,
          7.4576
        ]
      }
    },
    {
      "type": "Feature",
      "properties": {
        "mag": 4.4,
        "depth_km": 143.4,
        "date": "2021-03-31"
      },
      "geometry": {
        "type": "Point",
        "coordinates": [
          -73.0525,
          6.8986
        ]
      }
    },
    {
      "type": "Feature",
      "properties": {
        "mag": 4.4,
        "depth_km": 144.4,
        "date": "2021-03-25"
      },
      "geometry": {
        "type": "Point",
        "coordinates": [
          -72.9767,
          6.8553
        ]
      }
    },
    {
      "type": "Feature",
      "properties": {
        "mag": 4.3,
        "depth_km": 148.1,
        "date": "2021-03-21"
      },
      "geometry": {
        "type": "Point",
        "coordinates": [
          -72.9547,
          6.7799
        ]
      }
    },
    {
      "type": "Feature",
      "properties": {
        "mag": 4.3,
        "depth_km": 148.7,
        "date": "2021-03-21"
      },
      "geometry": {
        "type": "Point",
        "coordinates": [
          -72.9508,
          6.8481
        ]
      }
    },
    {
      "type": "Feature",
      "properties": {
        "mag": 4.3,
        "depth_km": 45.6,
        "date": "2021-03-21"
      },
      "geometry": {
        "type": "Point",
        "coordinates": [
          -76.8215,
          6.0469
        ]
      }
    },
    {
      "type": "Feature",
      "properties": {
        "mag": 4.8,
        "depth_km": 79.0,
        "date": "2021-03-14"
      },
      "geometry": {
        "type": "Point",
        "coordinates": [
          -74.4627,
          6.4702
        ]
      }
    },
    {
      "type": "Feature",
      "properties": {
        "mag": 4.3,
        "depth_km": 146.4,
        "date": "2021-03-09"
      },
      "geometry": {
        "type": "Point",
        "coordinates": [
          -72.969,
          6.879
        ]
      }
    },
    {
      "type": "Feature",
      "properties": {
        "mag": 4.4,
        "depth_km": 150.0,
        "date": "2021-03-03"
      },
      "geometry": {
        "type": "Point",
        "coordinates": [
          -73.0135,
          6.8353
        ]
      }
    },
    {
      "type": "Feature",
      "properties": {
        "mag": 5.1,
        "depth_km": 10,
        "date": "2021-03-01"
      },
      "geometry": {
        "type": "Point",
        "coordinates": [
          -76.254,
          6.2035
        ]
      }
    },
    {
      "type": "Feature",
      "properties": {
        "mag": 4.4,
        "depth_km": 143.8,
        "date": "2021-02-27"
      },
      "geometry": {
        "type": "Point",
        "coordinates": [
          -73.0533,
          6.8501
        ]
      }
    },
    {
      "type": "Feature",
      "properties": {
        "mag": 4.4,
        "depth_km": 111,
        "date": "2021-02-27"
      },
      "geometry": {
        "type": "Point",
        "coordinates": [
          -73.4299,
          7.5998
        ]
      }
    },
    {
      "type": "Feature",
      "properties": {
        "mag": 4.5,
        "depth_km": 93.1,
        "date": "2021-02-24"
      },
      "geometry": {
        "type": "Point",
        "coordinates": [
          -76.0609,
          5.022
        ]
      }
    },
    {
      "type": "Feature",
      "properties": {
        "mag": 4.4,
        "depth_km": 140.5,
        "date": "2021-02-23"
      },
      "geometry": {
        "type": "Point",
        "coordinates": [
          -73.133,
          6.9172
        ]
      }
    },
    {
      "type": "Feature",
      "properties": {
        "mag": 4.5,
        "depth_km": 145.4,
        "date": "2021-02-22"
      },
      "geometry": {
        "type": "Point",
        "coordinates": [
          -73.1569,
          6.8919
        ]
      }
    },
    {
      "type": "Feature",
      "properties": {
        "mag": 4.2,
        "depth_km": 117.5,
        "date": "2021-02-19"
      },
      "geometry": {
        "type": "Point",
        "coordinates": [
          -73.499,
          6.605
        ]
      }
    },
    {
      "type": "Feature",
      "properties": {
        "mag": 4.5,
        "depth_km": 147.0,
        "date": "2021-02-12"
      },
      "geometry": {
        "type": "Point",
        "coordinates": [
          -73.0407,
          6.8531
        ]
      }
    },
    {
      "type": "Feature",
      "properties": {
        "mag": 4.1,
        "depth_km": 145.1,
        "date": "2021-02-11"
      },
      "geometry": {
        "type": "Point",
        "coordinates": [
          -73.0564,
          6.8276
        ]
      }
    },
    {
      "type": "Feature",
      "properties": {
        "mag": 4.1,
        "depth_km": 104.7,
        "date": "2021-02-07"
      },
      "geometry": {
        "type": "Point",
        "coordinates": [
          -74.3282,
          6.0518
        ]
      }
    },
    {
      "type": "Feature",
      "properties": {
        "mag": 4.4,
        "depth_km": 156.3,
        "date": "2021-02-05"
      },
      "geometry": {
        "type": "Point",
        "coordinates": [
          -73.0451,
          6.8018
        ]
      }
    },
    {
      "type": "Feature",
      "properties": {
        "mag": 4.9,
        "depth_km": 159.4,
        "date": "2021-01-27"
      },
      "geometry": {
        "type": "Point",
        "coordinates": [
          -75.856,
          4.4075
        ]
      }
    },
    {
      "type": "Feature",
      "properties": {
        "mag": 4.5,
        "depth_km": 32.8,
        "date": "2021-01-23"
      },
      "geometry": {
        "type": "Point",
        "coordinates": [
          -77.4439,
          6.0582
        ]
      }
    },
    {
      "type": "Feature",
      "properties": {
        "mag": 4.4,
        "depth_km": 146.2,
        "date": "2021-01-19"
      },
      "geometry": {
        "type": "Point",
        "coordinates": [
          -73.1146,
          6.8519
        ]
      }
    },
    {
      "type": "Feature",
      "properties": {
        "mag": 4.1,
        "depth_km": 150.9,
        "date": "2021-01-19"
      },
      "geometry": {
        "type": "Point",
        "coordinates": [
          -73.1158,
          7.0221
        ]
      }
    },
    {
      "type": "Feature",
      "properties": {
        "mag": 4.3,
        "depth_km": 154.1,
        "date": "2021-01-18"
      },
      "geometry": {
        "type": "Point",
        "coordinates": [
          -73.0737,
          6.8733
        ]
      }
    },
    {
      "type": "Feature",
      "properties": {
        "mag": 4.1,
        "depth_km": 158.6,
        "date": "2021-01-09"
      },
      "geometry": {
        "type": "Point",
        "coordinates": [
          -73.7168,
          5.3231
        ]
      }
    },
    {
      "type": "Feature",
      "properties": {
        "mag": 4.6,
        "depth_km": 149.6,
        "date": "2021-01-07"
      },
      "geometry": {
        "type": "Point",
        "coordinates": [
          -73.0503,
          6.8167
        ]
      }
    },
    {
      "type": "Feature",
      "properties": {
        "mag": 4.3,
        "depth_km": 105.2,
        "date": "2021-01-06"
      },
      "geometry": {
        "type": "Point",
        "coordinates": [
          -76.2115,
          5.1321
        ]
      }
    },
    {
      "type": "Feature",
      "properties": {
        "mag": 4.9,
        "depth_km": 153.6,
        "date": "2020-12-16"
      },
      "geometry": {
        "type": "Point",
        "coordinates": [
          -73.0438,
          6.7841
        ]
      }
    },
    {
      "type": "Feature",
      "properties": {
        "mag": 5,
        "depth_km": 10,
        "date": "2020-12-12"
      },
      "geometry": {
        "type": "Point",
        "coordinates": [
          -77.8605,
          5.7554
        ]
      }
    },
    {
      "type": "Feature",
      "properties": {
        "mag": 5.1,
        "depth_km": 35,
        "date": "2020-12-08"
      },
      "geometry": {
        "type": "Point",
        "coordinates": [
          -77.4135,
          4.7546
        ]
      }
    },
    {
      "type": "Feature",
      "properties": {
        "mag": 4,
        "depth_km": 144.9,
        "date": "2020-12-07"
      },
      "geometry": {
        "type": "Point",
        "coordinates": [
          -73.095,
          6.8728
        ]
      }
    },
    {
      "type": "Feature",
      "properties": {
        "mag": 4.4,
        "depth_km": 51.1,
        "date": "2020-12-01"
      },
      "geometry": {
        "type": "Point",
        "coordinates": [
          -76.9087,
          6.9488
        ]
      }
    },
    {
      "type": "Feature",
      "properties": {
        "mag": 4.6,
        "depth_km": 10,
        "date": "2020-11-25"
      },
      "geometry": {
        "type": "Point",
        "coordinates": [
          -77.6121,
          5.31
        ]
      }
    },
    {
      "type": "Feature",
      "properties": {
        "mag": 4.5,
        "depth_km": 10,
        "date": "2020-11-24"
      },
      "geometry": {
        "type": "Point",
        "coordinates": [
          -77.9807,
          6.9956
        ]
      }
    },
    {
      "type": "Feature",
      "properties": {
        "mag": 4.1,
        "depth_km": 146.0,
        "date": "2020-11-20"
      },
      "geometry": {
        "type": "Point",
        "coordinates": [
          -73.0993,
          6.8537
        ]
      }
    },
    {
      "type": "Feature",
      "properties": {
        "mag": 4.7,
        "depth_km": 148.7,
        "date": "2020-11-20"
      },
      "geometry": {
        "type": "Point",
        "coordinates": [
          -73.0682,
          6.8332
        ]
      }
    },
    {
      "type": "Feature",
      "properties": {
        "mag": 4.6,
        "depth_km": 147.5,
        "date": "2020-11-16"
      },
      "geometry": {
        "type": "Point",
        "coordinates": [
          -73.1113,
          6.885
        ]
      }
    },
    {
      "type": "Feature",
      "properties": {
        "mag": 4.8,
        "depth_km": 73.0,
        "date": "2020-11-16"
      },
      "geometry": {
        "type": "Point",
        "coordinates": [
          -76.5228,
          4.7244
        ]
      }
    },
    {
      "type": "Feature",
      "properties": {
        "mag": 4.3,
        "depth_km": 145.8,
        "date": "2020-11-06"
      },
      "geometry": {
        "type": "Point",
        "coordinates": [
          -73.0665,
          6.917
        ]
      }
    },
    {
      "type": "Feature",
      "properties": {
        "mag": 4.4,
        "depth_km": 171.3,
        "date": "2020-11-01"
      },
      "geometry": {
        "type": "Point",
        "coordinates": [
          -72.9871,
          7.0238
        ]
      }
    },
    {
      "type": "Feature",
      "properties": {
        "mag": 4.3,
        "depth_km": 144.5,
        "date": "2020-10-29"
      },
      "geometry": {
        "type": "Point",
        "coordinates": [
          -73.1354,
          6.8712
        ]
      }
    },
    {
      "type": "Feature",
      "properties": {
        "mag": 4.3,
        "depth_km": 143.7,
        "date": "2020-10-29"
      },
      "geometry": {
        "type": "Point",
        "coordinates": [
          -73.0287,
          6.7952
        ]
      }
    },
    {
      "type": "Feature",
      "properties": {
        "mag": 4.4,
        "depth_km": 142.5,
        "date": "2020-10-22"
      },
      "geometry": {
        "type": "Point",
        "coordinates": [
          -73.1719,
          6.9731
        ]
      }
    },
    {
      "type": "Feature",
      "properties": {
        "mag": 4.8,
        "depth_km": 153.1,
        "date": "2020-10-11"
      },
      "geometry": {
        "type": "Point",
        "coordinates": [
          -72.9701,
          6.7857
        ]
      }
    },
    {
      "type": "Feature",
      "properties": {
        "mag": 4.2,
        "depth_km": 148.3,
        "date": "2020-10-05"
      },
      "geometry": {
        "type": "Point",
        "coordinates": [
          -73.0339,
          6.8449
        ]
      }
    },
    {
      "type": "Feature",
      "properties": {
        "mag": 4.6,
        "depth_km": 78.1,
        "date": "2020-09-28"
      },
      "geometry": {
        "type": "Point",
        "coordinates": [
          -76.7076,
          5.1128
        ]
      }
    },
    {
      "type": "Feature",
      "properties": {
        "mag": 4.1,
        "depth_km": 164.5,
        "date": "2020-09-19"
      },
      "geometry": {
        "type": "Point",
        "coordinates": [
          -72.9752,
          6.7621
        ]
      }
    },
    {
      "type": "Feature",
      "properties": {
        "mag": 4.4,
        "depth_km": 153.1,
        "date": "2020-09-13"
      },
      "geometry": {
        "type": "Point",
        "coordinates": [
          -73.0107,
          6.8111
        ]
      }
    },
    {
      "type": "Feature",
      "properties": {
        "mag": 4.4,
        "depth_km": 10.7,
        "date": "2020-09-06"
      },
      "geometry": {
        "type": "Point",
        "coordinates": [
          -77.4663,
          5.9644
        ]
      }
    },
    {
      "type": "Feature",
      "properties": {
        "mag": 4.4,
        "depth_km": 157.9,
        "date": "2020-09-04"
      },
      "geometry": {
        "type": "Point",
        "coordinates": [
          -73.026,
          6.7707
        ]
      }
    },
    {
      "type": "Feature",
      "properties": {
        "mag": 4.5,
        "depth_km": 43.5,
        "date": "2020-09-03"
      },
      "geometry": {
        "type": "Point",
        "coordinates": [
          -76.9417,
          8.2139
        ]
      }
    },
    {
      "type": "Feature",
      "properties": {
        "mag": 4,
        "depth_km": 160.9,
        "date": "2020-08-22"
      },
      "geometry": {
        "type": "Point",
        "coordinates": [
          -72.948,
          6.7594
        ]
      }
    },
    {
      "type": "Feature",
      "properties": {
        "mag": 4.3,
        "depth_km": 155.7,
        "date": "2020-08-15"
      },
      "geometry": {
        "type": "Point",
        "coordinates": [
          -73.0629,
          6.7766
        ]
      }
    },
    {
      "type": "Feature",
      "properties": {
        "mag": 4.3,
        "depth_km": 158.9,
        "date": "2020-08-15"
      },
      "geometry": {
        "type": "Point",
        "coordinates": [
          -73.0629,
          6.7784
        ]
      }
    },
    {
      "type": "Feature",
      "properties": {
        "mag": 4.3,
        "depth_km": 154.4,
        "date": "2020-08-11"
      },
      "geometry": {
        "type": "Point",
        "coordinates": [
          -72.9893,
          6.7127
        ]
      }
    },
    {
      "type": "Feature",
      "properties": {
        "mag": 4.3,
        "depth_km": 158.5,
        "date": "2020-08-03"
      },
      "geometry": {
        "type": "Point",
        "coordinates": [
          -72.9421,
          6.7679
        ]
      }
    },
    {
      "type": "Feature",
      "properties": {
        "mag": 4.3,
        "depth_km": 153.8,
        "date": "2020-07-29"
      },
      "geometry": {
        "type": "Point",
        "coordinates": [
          -73.0498,
          6.8524
        ]
      }
    },
    {
      "type": "Feature",
      "properties": {
        "mag": 4.6,
        "depth_km": 152.1,
        "date": "2020-07-22"
      },
      "geometry": {
        "type": "Point",
        "coordinates": [
          -73.0218,
          6.7749
        ]
      }
    },
    {
      "type": "Feature",
      "properties": {
        "mag": 4.6,
        "depth_km": 160.0,
        "date": "2020-07-19"
      },
      "geometry": {
        "type": "Point",
        "coordinates": [
          -72.9999,
          6.8045
        ]
      }
    },
    {
      "type": "Feature",
      "properties": {
        "mag": 4.2,
        "depth_km": 151.1,
        "date": "2020-07-13"
      },
      "geometry": {
        "type": "Point",
        "coordinates": [
          -73.1059,
          6.8861
        ]
      }
    },
    {
      "type": "Feature",
      "properties": {
        "mag": 4.2,
        "depth_km": 156.1,
        "date": "2020-07-12"
      },
      "geometry": {
        "type": "Point",
        "coordinates": [
          -73.0943,
          6.8703
        ]
      }
    },
    {
      "type": "Feature",
      "properties": {
        "mag": 4.6,
        "depth_km": 151.9,
        "date": "2020-07-11"
      },
      "geometry": {
        "type": "Point",
        "coordinates": [
          -73.079,
          6.829
        ]
      }
    },
    {
      "type": "Feature",
      "properties": {
        "mag": 4.3,
        "depth_km": 156.1,
        "date": "2020-07-09"
      },
      "geometry": {
        "type": "Point",
        "coordinates": [
          -73.0182,
          6.7795
        ]
      }
    },
    {
      "type": "Feature",
      "properties": {
        "mag": 4.9,
        "depth_km": 156.0,
        "date": "2020-07-09"
      },
      "geometry": {
        "type": "Point",
        "coordinates": [
          -72.9901,
          6.786
        ]
      }
    },
    {
      "type": "Feature",
      "properties": {
        "mag": 4.2,
        "depth_km": 152.5,
        "date": "2020-07-06"
      },
      "geometry": {
        "type": "Point",
        "coordinates": [
          -73.1327,
          6.9035
        ]
      }
    },
    {
      "type": "Feature",
      "properties": {
        "mag": 4.2,
        "depth_km": 151.8,
        "date": "2020-06-22"
      },
      "geometry": {
        "type": "Point",
        "coordinates": [
          -72.998,
          6.8021
        ]
      }
    },
    {
      "type": "Feature",
      "properties": {
        "mag": 4.2,
        "depth_km": 138.6,
        "date": "2020-06-09"
      },
      "geometry": {
        "type": "Point",
        "coordinates": [
          -73.162,
          6.9545
        ]
      }
    },
    {
      "type": "Feature",
      "properties": {
        "mag": 4.2,
        "depth_km": 155.0,
        "date": "2020-05-28"
      },
      "geometry": {
        "type": "Point",
        "coordinates": [
          -72.9388,
          6.7503
        ]
      }
    },
    {
      "type": "Feature",
      "properties": {
        "mag": 4.2,
        "depth_km": 163.8,
        "date": "2020-05-19"
      },
      "geometry": {
        "type": "Point",
        "coordinates": [
          -72.954,
          6.7759
        ]
      }
    },
    {
      "type": "Feature",
      "properties": {
        "mag": 5,
        "depth_km": 10,
        "date": "2020-05-19"
      },
      "geometry": {
        "type": "Point",
        "coordinates": [
          -77.5001,
          5.913
        ]
      }
    },
    {
      "type": "Feature",
      "properties": {
        "mag": 4.5,
        "depth_km": 161.8,
        "date": "2020-05-16"
      },
      "geometry": {
        "type": "Point",
        "coordinates": [
          -72.9513,
          6.705
        ]
      }
    },
    {
      "type": "Feature",
      "properties": {
        "mag": 4.2,
        "depth_km": 149.9,
        "date": "2020-05-14"
      },
      "geometry": {
        "type": "Point",
        "coordinates": [
          -73.1839,
          6.9785
        ]
      }
    },
    {
      "type": "Feature",
      "properties": {
        "mag": 4.4,
        "depth_km": 156.4,
        "date": "2020-05-12"
      },
      "geometry": {
        "type": "Point",
        "coordinates": [
          -73.0246,
          6.7365
        ]
      }
    },
    {
      "type": "Feature",
      "properties": {
        "mag": 4,
        "depth_km": 150.7,
        "date": "2020-05-06"
      },
      "geometry": {
        "type": "Point",
        "coordinates": [
          -73.0651,
          6.8426
        ]
      }
    },
    {
      "type": "Feature",
      "properties": {
        "mag": 4.7,
        "depth_km": 153.6,
        "date": "2020-05-05"
      },
      "geometry": {
        "type": "Point",
        "coordinates": [
          -73.0526,
          6.8361
        ]
      }
    },
    {
      "type": "Feature",
      "properties": {
        "mag": 4.3,
        "depth_km": 156.3,
        "date": "2020-04-30"
      },
      "geometry": {
        "type": "Point",
        "coordinates": [
          -73.0361,
          7.0761
        ]
      }
    },
    {
      "type": "Feature",
      "properties": {
        "mag": 4.4,
        "depth_km": 163.1,
        "date": "2020-04-18"
      },
      "geometry": {
        "type": "Point",
        "coordinates": [
          -72.9119,
          6.7158
        ]
      }
    },
    {
      "type": "Feature",
      "properties": {
        "mag": 4.6,
        "depth_km": 156.5,
        "date": "2020-04-13"
      },
      "geometry": {
        "type": "Point",
        "coordinates": [
          -76.2402,
          4.0085
        ]
      }
    },
    {
      "type": "Feature",
      "properties": {
        "mag": 4.8,
        "depth_km": 47.5,
        "date": "2020-04-12"
      },
      "geometry": {
        "type": "Point",
        "coordinates": [
          -77.1263,
          7.3954
        ]
      }
    },
    {
      "type": "Feature",
      "properties": {
        "mag": 4.6,
        "depth_km": 163.7,
        "date": "2020-04-12"
      },
      "geometry": {
        "type": "Point",
        "coordinates": [
          -72.9651,
          6.7502
        ]
      }
    },
    {
      "type": "Feature",
      "properties": {
        "mag": 4.3,
        "depth_km": 59.3,
        "date": "2020-04-11"
      },
      "geometry": {
        "type": "Point",
        "coordinates": [
          -73.991,
          6.5113
        ]
      }
    },
    {
      "type": "Feature",
      "properties": {
        "mag": 4.1,
        "depth_km": 167.8,
        "date": "2020-04-10"
      },
      "geometry": {
        "type": "Point",
        "coordinates": [
          -72.9393,
          6.7079
        ]
      }
    },
    {
      "type": "Feature",
      "properties": {
        "mag": 4,
        "depth_km": 166.4,
        "date": "2020-04-07"
      },
      "geometry": {
        "type": "Point",
        "coordinates": [
          -73.0082,
          6.7669
        ]
      }
    },
    {
      "type": "Feature",
      "properties": {
        "mag": 4.5,
        "depth_km": 151.5,
        "date": "2020-04-07"
      },
      "geometry": {
        "type": "Point",
        "coordinates": [
          -72.9804,
          6.8873
        ]
      }
    },
    {
      "type": "Feature",
      "properties": {
        "mag": 4,
        "depth_km": 134.5,
        "date": "2020-04-03"
      },
      "geometry": {
        "type": "Point",
        "coordinates": [
          -76.3416,
          5.0023
        ]
      }
    },
    {
      "type": "Feature",
      "properties": {
        "mag": 4.8,
        "depth_km": 86.9,
        "date": "2020-04-02"
      },
      "geometry": {
        "type": "Point",
        "coordinates": [
          -76.0317,
          5.724
        ]
      }
    },
    {
      "type": "Feature",
      "properties": {
        "mag": 4.2,
        "depth_km": 162.4,
        "date": "2020-03-31"
      },
      "geometry": {
        "type": "Point",
        "coordinates": [
          -72.9791,
          6.6873
        ]
      }
    },
    {
      "type": "Feature",
      "properties": {
        "mag": 4.2,
        "depth_km": 161.0,
        "date": "2020-03-30"
      },
      "geometry": {
        "type": "Point",
        "coordinates": [
          -72.9452,
          6.737
        ]
      }
    },
    {
      "type": "Feature",
      "properties": {
        "mag": 4.9,
        "depth_km": 155.0,
        "date": "2020-03-28"
      },
      "geometry": {
        "type": "Point",
        "coordinates": [
          -73.0549,
          6.7999
        ]
      }
    },
    {
      "type": "Feature",
      "properties": {
        "mag": 4.1,
        "depth_km": 135.5,
        "date": "2020-03-17"
      },
      "geometry": {
        "type": "Point",
        "coordinates": [
          -73.5391,
          5.9215
        ]
      }
    },
    {
      "type": "Feature",
      "properties": {
        "mag": 4.3,
        "depth_km": 156.9,
        "date": "2020-03-17"
      },
      "geometry": {
        "type": "Point",
        "coordinates": [
          -72.9509,
          6.7596
        ]
      }
    },
    {
      "type": "Feature",
      "properties": {
        "mag": 4.6,
        "depth_km": 160.5,
        "date": "2020-03-06"
      },
      "geometry": {
        "type": "Point",
        "coordinates": [
          -72.9332,
          6.7766
        ]
      }
    },
    {
      "type": "Feature",
      "properties": {
        "mag": 4.3,
        "depth_km": 10,
        "date": "2020-02-29"
      },
      "geometry": {
        "type": "Point",
        "coordinates": [
          -77.6217,
          5.8029
        ]
      }
    },
    {
      "type": "Feature",
      "properties": {
        "mag": 4.7,
        "depth_km": 10,
        "date": "2020-02-29"
      },
      "geometry": {
        "type": "Point",
        "coordinates": [
          -77.6307,
          5.8438
        ]
      }
    },
    {
      "type": "Feature",
      "properties": {
        "mag": 4.2,
        "depth_km": 158.9,
        "date": "2020-02-28"
      },
      "geometry": {
        "type": "Point",
        "coordinates": [
          -72.9774,
          6.699
        ]
      }
    },
    {
      "type": "Feature",
      "properties": {
        "mag": 4.1,
        "depth_km": 155.1,
        "date": "2020-02-27"
      },
      "geometry": {
        "type": "Point",
        "coordinates": [
          -73.5712,
          5.183
        ]
      }
    },
    {
      "type": "Feature",
      "properties": {
        "mag": 4.5,
        "depth_km": 162.2,
        "date": "2020-02-21"
      },
      "geometry": {
        "type": "Point",
        "coordinates": [
          -72.9879,
          6.7795
        ]
      }
    },
    {
      "type": "Feature",
      "properties": {
        "mag": 4.5,
        "depth_km": 5.1,
        "date": "2020-02-14"
      },
      "geometry": {
        "type": "Point",
        "coordinates": [
          -73.3156,
          5.5129
        ]
      }
    },
    {
      "type": "Feature",
      "properties": {
        "mag": 4.4,
        "depth_km": 34.9,
        "date": "2020-02-11"
      },
      "geometry": {
        "type": "Point",
        "coordinates": [
          -77.6487,
          7.7393
        ]
      }
    },
    {
      "type": "Feature",
      "properties": {
        "mag": 4.2,
        "depth_km": 159.2,
        "date": "2020-02-09"
      },
      "geometry": {
        "type": "Point",
        "coordinates": [
          -72.9888,
          6.7729
        ]
      }
    },
    {
      "type": "Feature",
      "properties": {
        "mag": 4.5,
        "depth_km": 155.4,
        "date": "2020-02-01"
      },
      "geometry": {
        "type": "Point",
        "coordinates": [
          -72.9662,
          6.7604
        ]
      }
    },
    {
      "type": "Feature",
      "properties": {
        "mag": 4.6,
        "depth_km": 162.6,
        "date": "2020-01-30"
      },
      "geometry": {
        "type": "Point",
        "coordinates": [
          -72.9965,
          6.7813
        ]
      }
    },
    {
      "type": "Feature",
      "properties": {
        "mag": 4.8,
        "depth_km": 157.1,
        "date": "2020-01-14"
      },
      "geometry": {
        "type": "Point",
        "coordinates": [
          -73.0241,
          6.8007
        ]
      }
    },
    {
      "type": "Feature",
      "properties": {
        "mag": 4.5,
        "depth_km": 158.2,
        "date": "2020-01-12"
      },
      "geometry": {
        "type": "Point",
        "coordinates": [
          -73.0103,
          6.7526
        ]
      }
    },
    {
      "type": "Feature",
      "properties": {
        "mag": 4.3,
        "depth_km": 154.3,
        "date": "2020-01-05"
      },
      "geometry": {
        "type": "Point",
        "coordinates": [
          -76.1039,
          4.3433
        ]
      }
    },
    {
      "type": "Feature",
      "properties": {
        "mag": 4.7,
        "depth_km": 164.3,
        "date": "2020-01-04"
      },
      "geometry": {
        "type": "Point",
        "coordinates": [
          -72.9851,
          6.7808
        ]
      }
    },
    {
      "type": "Feature",
      "properties": {
        "mag": 4.4,
        "depth_km": 66.1,
        "date": "2019-12-26"
      },
      "geometry": {
        "type": "Point",
        "coordinates": [
          -75.3256,
          5.5346
        ]
      }
    },
    {
      "type": "Feature",
      "properties": {
        "mag": 4.5,
        "depth_km": 156.3,
        "date": "2019-12-25"
      },
      "geometry": {
        "type": "Point",
        "coordinates": [
          -72.9562,
          6.8126
        ]
      }
    },
    {
      "type": "Feature",
      "properties": {
        "mag": 4.2,
        "depth_km": 153.7,
        "date": "2019-12-21"
      },
      "geometry": {
        "type": "Point",
        "coordinates": [
          -73.0086,
          6.7991
        ]
      }
    },
    {
      "type": "Feature",
      "properties": {
        "mag": 4.3,
        "depth_km": 150.4,
        "date": "2019-12-08"
      },
      "geometry": {
        "type": "Point",
        "coordinates": [
          -72.9621,
          6.7551
        ]
      }
    },
    {
      "type": "Feature",
      "properties": {
        "mag": 4.5,
        "depth_km": 35,
        "date": "2019-11-27"
      },
      "geometry": {
        "type": "Point",
        "coordinates": [
          -77.0113,
          7.1888
        ]
      }
    },
    {
      "type": "Feature",
      "properties": {
        "mag": 4.6,
        "depth_km": 126.9,
        "date": "2019-11-10"
      },
      "geometry": {
        "type": "Point",
        "coordinates": [
          -75.6187,
          5.3086
        ]
      }
    },
    {
      "type": "Feature",
      "properties": {
        "mag": 4.4,
        "depth_km": 35,
        "date": "2019-11-07"
      },
      "geometry": {
        "type": "Point",
        "coordinates": [
          -77.0953,
          7.6659
        ]
      }
    },
    {
      "type": "Feature",
      "properties": {
        "mag": 4.3,
        "depth_km": 155,
        "date": "2019-11-05"
      },
      "geometry": {
        "type": "Point",
        "coordinates": [
          -73.0004,
          6.7317
        ]
      }
    },
    {
      "type": "Feature",
      "properties": {
        "mag": 4.8,
        "depth_km": 73.3,
        "date": "2019-10-26"
      },
      "geometry": {
        "type": "Point",
        "coordinates": [
          -75.9089,
          5.7484
        ]
      }
    },
    {
      "type": "Feature",
      "properties": {
        "mag": 4.4,
        "depth_km": 151.3,
        "date": "2019-10-23"
      },
      "geometry": {
        "type": "Point",
        "coordinates": [
          -73.0033,
          6.8341
        ]
      }
    },
    {
      "type": "Feature",
      "properties": {
        "mag": 4.5,
        "depth_km": 40.2,
        "date": "2019-10-10"
      },
      "geometry": {
        "type": "Point",
        "coordinates": [
          -77.1082,
          7.1349
        ]
      }
    },
    {
      "type": "Feature",
      "properties": {
        "mag": 4.3,
        "depth_km": 155.8,
        "date": "2019-10-09"
      },
      "geometry": {
        "type": "Point",
        "coordinates": [
          -72.9948,
          6.7757
        ]
      }
    },
    {
      "type": "Feature",
      "properties": {
        "mag": 4.9,
        "depth_km": 157.9,
        "date": "2019-09-22"
      },
      "geometry": {
        "type": "Point",
        "coordinates": [
          -73.0169,
          6.7979
        ]
      }
    },
    {
      "type": "Feature",
      "properties": {
        "mag": 4.2,
        "depth_km": 153.6,
        "date": "2019-09-14"
      },
      "geometry": {
        "type": "Point",
        "coordinates": [
          -72.9877,
          6.7638
        ]
      }
    },
    {
      "type": "Feature",
      "properties": {
        "mag": 4.2,
        "depth_km": 148.0,
        "date": "2019-09-11"
      },
      "geometry": {
        "type": "Point",
        "coordinates": [
          -73.0785,
          6.859
        ]
      }
    },
    {
      "type": "Feature",
      "properties": {
        "mag": 4.2,
        "depth_km": 160.9,
        "date": "2019-08-18"
      },
      "geometry": {
        "type": "Point",
        "coordinates": [
          -72.9968,
          6.8157
        ]
      }
    },
    {
      "type": "Feature",
      "properties": {
        "mag": 4.5,
        "depth_km": 149.4,
        "date": "2019-08-11"
      },
      "geometry": {
        "type": "Point",
        "coordinates": [
          -72.976,
          6.7753
        ]
      }
    },
    {
      "type": "Feature",
      "properties": {
        "mag": 4.3,
        "depth_km": 154.0,
        "date": "2019-08-07"
      },
      "geometry": {
        "type": "Point",
        "coordinates": [
          -73.0014,
          6.8251
        ]
      }
    },
    {
      "type": "Feature",
      "properties": {
        "mag": 4.5,
        "depth_km": 149.5,
        "date": "2019-08-04"
      },
      "geometry": {
        "type": "Point",
        "coordinates": [
          -72.9363,
          6.8016
        ]
      }
    },
    {
      "type": "Feature",
      "properties": {
        "mag": 4.1,
        "depth_km": 158.9,
        "date": "2019-08-03"
      },
      "geometry": {
        "type": "Point",
        "coordinates": [
          -72.963,
          6.7475
        ]
      }
    },
    {
      "type": "Feature",
      "properties": {
        "mag": 4.3,
        "depth_km": 141.8,
        "date": "2019-08-02"
      },
      "geometry": {
        "type": "Point",
        "coordinates": [
          -73.0482,
          6.8896
        ]
      }
    },
    {
      "type": "Feature",
      "properties": {
        "mag": 4.2,
        "depth_km": 156.2,
        "date": "2019-08-01"
      },
      "geometry": {
        "type": "Point",
        "coordinates": [
          -72.9539,
          6.7727
        ]
      }
    },
    {
      "type": "Feature",
      "properties": {
        "mag": 4.4,
        "depth_km": 148.5,
        "date": "2019-07-15"
      },
      "geometry": {
        "type": "Point",
        "coordinates": [
          -73.012,
          6.815
        ]
      }
    },
    {
      "type": "Feature",
      "properties": {
        "mag": 4.3,
        "depth_km": 175.6,
        "date": "2019-07-14"
      },
      "geometry": {
        "type": "Point",
        "coordinates": [
          -73.1646,
          6.043
        ]
      }
    },
    {
      "type": "Feature",
      "properties": {
        "mag": 4.5,
        "depth_km": 153.8,
        "date": "2019-07-03"
      },
      "geometry": {
        "type": "Point",
        "coordinates": [
          -73.106,
          6.8198
        ]
      }
    },
    {
      "type": "Feature",
      "properties": {
        "mag": 4.2,
        "depth_km": 154.6,
        "date": "2019-06-16"
      },
      "geometry": {
        "type": "Point",
        "coordinates": [
          -72.9741,
          6.7518
        ]
      }
    },
    {
      "type": "Feature",
      "properties": {
        "mag": 4.7,
        "depth_km": 135.3,
        "date": "2019-06-09"
      },
      "geometry": {
        "type": "Point",
        "coordinates": [
          -73.0401,
          6.8764
        ]
      }
    },
    {
      "type": "Feature",
      "properties": {
        "mag": 4.1,
        "depth_km": 185.8,
        "date": "2019-06-07"
      },
      "geometry": {
        "type": "Point",
        "coordinates": [
          -73.0598,
          6.5335
        ]
      }
    },
    {
      "type": "Feature",
      "properties": {
        "mag": 4.2,
        "depth_km": 151.3,
        "date": "2019-05-25"
      },
      "geometry": {
        "type": "Point",
        "coordinates": [
          -73.0636,
          6.8325
        ]
      }
    },
    {
      "type": "Feature",
      "properties": {
        "mag": 4.9,
        "depth_km": 10,
        "date": "2019-05-24"
      },
      "geometry": {
        "type": "Point",
        "coordinates": [
          -77.5132,
          6.9952
        ]
      }
    },
    {
      "type": "Feature",
      "properties": {
        "mag": 4.3,
        "depth_km": 147.3,
        "date": "2019-05-11"
      },
      "geometry": {
        "type": "Point",
        "coordinates": [
          -72.9874,
          6.8258
        ]
      }
    },
    {
      "type": "Feature",
      "properties": {
        "mag": 4.5,
        "depth_km": 20.2,
        "date": "2019-05-06"
      },
      "geometry": {
        "type": "Point",
        "coordinates": [
          -76.2643,
          6.991
        ]
      }
    },
    {
      "type": "Feature",
      "properties": {
        "mag": 4.3,
        "depth_km": 160.2,
        "date": "2019-04-30"
      },
      "geometry": {
        "type": "Point",
        "coordinates": [
          -72.9229,
          6.7377
        ]
      }
    },
    {
      "type": "Feature",
      "properties": {
        "mag": 4.1,
        "depth_km": 145.7,
        "date": "2019-04-29"
      },
      "geometry": {
        "type": "Point",
        "coordinates": [
          -72.9779,
          6.8466
        ]
      }
    },
    {
      "type": "Feature",
      "properties": {
        "mag": 4.5,
        "depth_km": 154.6,
        "date": "2019-04-27"
      },
      "geometry": {
        "type": "Point",
        "coordinates": [
          -73.0333,
          6.8591
        ]
      }
    },
    {
      "type": "Feature",
      "properties": {
        "mag": 4.2,
        "depth_km": 158.2,
        "date": "2019-04-17"
      },
      "geometry": {
        "type": "Point",
        "coordinates": [
          -73.5971,
          5.2349
        ]
      }
    },
    {
      "type": "Feature",
      "properties": {
        "mag": 4.1,
        "depth_km": 150.9,
        "date": "2019-04-15"
      },
      "geometry": {
        "type": "Point",
        "coordinates": [
          -73.0238,
          6.8341
        ]
      }
    },
    {
      "type": "Feature",
      "properties": {
        "mag": 4.4,
        "depth_km": 151.8,
        "date": "2019-04-08"
      },
      "geometry": {
        "type": "Point",
        "coordinates": [
          -73.0399,
          6.8088
        ]
      }
    },
    {
      "type": "Feature",
      "properties": {
        "mag": 6.1,
        "depth_km": 122,
        "date": "2019-03-23"
      },
      "geometry": {
        "type": "Point",
        "coordinates": [
          -76.223,
          4.5595
        ]
      }
    },
    {
      "type": "Feature",
      "properties": {
        "mag": 4.3,
        "depth_km": 151.6,
        "date": "2019-03-21"
      },
      "geometry": {
        "type": "Point",
        "coordinates": [
          -72.8719,
          6.8116
        ]
      }
    },
    {
      "type": "Feature",
      "properties": {
        "mag": 4.5,
        "depth_km": 10,
        "date": "2019-03-11"
      },
      "geometry": {
        "type": "Point",
        "coordinates": [
          -78.163,
          5.8662
        ]
      }
    },
    {
      "type": "Feature",
      "properties": {
        "mag": 4.3,
        "depth_km": 150.1,
        "date": "2019-03-08"
      },
      "geometry": {
        "type": "Point",
        "coordinates": [
          -73.0291,
          6.8063
        ]
      }
    },
    {
      "type": "Feature",
      "properties": {
        "mag": 4.4,
        "depth_km": 163.7,
        "date": "2019-03-05"
      },
      "geometry": {
        "type": "Point",
        "coordinates": [
          -72.911,
          6.6645
        ]
      }
    },
    {
      "type": "Feature",
      "properties": {
        "mag": 4.6,
        "depth_km": 69.3,
        "date": "2019-02-19"
      },
      "geometry": {
        "type": "Point",
        "coordinates": [
          -76.781,
          4.1984
        ]
      }
    },
    {
      "type": "Feature",
      "properties": {
        "mag": 4.5,
        "depth_km": 68.1,
        "date": "2019-02-14"
      },
      "geometry": {
        "type": "Point",
        "coordinates": [
          -76.1371,
          5.7132
        ]
      }
    },
    {
      "type": "Feature",
      "properties": {
        "mag": 4.6,
        "depth_km": 151.9,
        "date": "2019-02-10"
      },
      "geometry": {
        "type": "Point",
        "coordinates": [
          -75.4567,
          4.7911
        ]
      }
    },
    {
      "type": "Feature",
      "properties": {
        "mag": 4.4,
        "depth_km": 149.9,
        "date": "2019-02-06"
      },
      "geometry": {
        "type": "Point",
        "coordinates": [
          -72.9948,
          6.8571
        ]
      }
    },
    {
      "type": "Feature",
      "properties": {
        "mag": 5.2,
        "depth_km": 159.2,
        "date": "2019-01-24"
      },
      "geometry": {
        "type": "Point",
        "coordinates": [
          -73.0062,
          6.7506
        ]
      }
    },
    {
      "type": "Feature",
      "properties": {
        "mag": 4.4,
        "depth_km": 157,
        "date": "2019-01-22"
      },
      "geometry": {
        "type": "Point",
        "coordinates": [
          -72.9828,
          6.7852
        ]
      }
    },
    {
      "type": "Feature",
      "properties": {
        "mag": 4.4,
        "depth_km": 163.4,
        "date": "2019-01-22"
      },
      "geometry": {
        "type": "Point",
        "coordinates": [
          -72.9118,
          6.7516
        ]
      }
    },
    {
      "type": "Feature",
      "properties": {
        "mag": 4.5,
        "depth_km": 162.4,
        "date": "2018-12-28"
      },
      "geometry": {
        "type": "Point",
        "coordinates": [
          -72.931,
          6.6657
        ]
      }
    },
    {
      "type": "Feature",
      "properties": {
        "mag": 4.5,
        "depth_km": 193.8,
        "date": "2018-12-21"
      },
      "geometry": {
        "type": "Point",
        "coordinates": [
          -72.8824,
          6.6876
        ]
      }
    },
    {
      "type": "Feature",
      "properties": {
        "mag": 4.1,
        "depth_km": 76.6,
        "date": "2018-12-09"
      },
      "geometry": {
        "type": "Point",
        "coordinates": [
          -75.3357,
          7.6467
        ]
      }
    },
    {
      "type": "Feature",
      "properties": {
        "mag": 4.6,
        "depth_km": 162.7,
        "date": "2018-11-29"
      },
      "geometry": {
        "type": "Point",
        "coordinates": [
          -72.9588,
          6.7467
        ]
      }
    },
    {
      "type": "Feature",
      "properties": {
        "mag": 4.9,
        "depth_km": 10,
        "date": "2018-11-23"
      },
      "geometry": {
        "type": "Point",
        "coordinates": [
          -77.9383,
          7.0604
        ]
      }
    },
    {
      "type": "Feature",
      "properties": {
        "mag": 4.1,
        "depth_km": 164.6,
        "date": "2018-11-20"
      },
      "geometry": {
        "type": "Point",
        "coordinates": [
          -72.9062,
          6.7308
        ]
      }
    },
    {
      "type": "Feature",
      "properties": {
        "mag": 4.5,
        "depth_km": 10,
        "date": "2018-11-17"
      },
      "geometry": {
        "type": "Point",
        "coordinates": [
          -76.7067,
          7.1417
        ]
      }
    },
    {
      "type": "Feature",
      "properties": {
        "mag": 4.6,
        "depth_km": 35,
        "date": "2018-11-15"
      },
      "geometry": {
        "type": "Point",
        "coordinates": [
          -77.5772,
          6.3239
        ]
      }
    },
    {
      "type": "Feature",
      "properties": {
        "mag": 4.1,
        "depth_km": 159.2,
        "date": "2018-11-15"
      },
      "geometry": {
        "type": "Point",
        "coordinates": [
          -73.0085,
          6.7828
        ]
      }
    },
    {
      "type": "Feature",
      "properties": {
        "mag": 4.4,
        "depth_km": 133.7,
        "date": "2018-11-05"
      },
      "geometry": {
        "type": "Point",
        "coordinates": [
          -75.4271,
          5.0188
        ]
      }
    },
    {
      "type": "Feature",
      "properties": {
        "mag": 4.4,
        "depth_km": 35.7,
        "date": "2018-10-25"
      },
      "geometry": {
        "type": "Point",
        "coordinates": [
          -77.1418,
          7.262
        ]
      }
    },
    {
      "type": "Feature",
      "properties": {
        "mag": 4.7,
        "depth_km": 96.7,
        "date": "2018-10-24"
      },
      "geometry": {
        "type": "Point",
        "coordinates": [
          -76.2596,
          4.7859
        ]
      }
    },
    {
      "type": "Feature",
      "properties": {
        "mag": 4.8,
        "depth_km": 43.4,
        "date": "2018-10-23"
      },
      "geometry": {
        "type": "Point",
        "coordinates": [
          -77.007,
          7.2094
        ]
      }
    },
    {
      "type": "Feature",
      "properties": {
        "mag": 4.4,
        "depth_km": 162.1,
        "date": "2018-10-23"
      },
      "geometry": {
        "type": "Point",
        "coordinates": [
          -72.9271,
          6.7716
        ]
      }
    },
    {
      "type": "Feature",
      "properties": {
        "mag": 4.5,
        "depth_km": 162.0,
        "date": "2018-10-12"
      },
      "geometry": {
        "type": "Point",
        "coordinates": [
          -73.025,
          6.7486
        ]
      }
    },
    {
      "type": "Feature",
      "properties": {
        "mag": 4.4,
        "depth_km": 155.3,
        "date": "2018-09-25"
      },
      "geometry": {
        "type": "Point",
        "coordinates": [
          -73.0569,
          7.4492
        ]
      }
    },
    {
      "type": "Feature",
      "properties": {
        "mag": 4.3,
        "depth_km": 161.1,
        "date": "2018-09-20"
      },
      "geometry": {
        "type": "Point",
        "coordinates": [
          -73.0257,
          6.736
        ]
      }
    },
    {
      "type": "Feature",
      "properties": {
        "mag": 4.2,
        "depth_km": 167.9,
        "date": "2018-09-16"
      },
      "geometry": {
        "type": "Point",
        "coordinates": [
          -72.9383,
          6.7762
        ]
      }
    },
    {
      "type": "Feature",
      "properties": {
        "mag": 4.1,
        "depth_km": 150.6,
        "date": "2018-09-11"
      },
      "geometry": {
        "type": "Point",
        "coordinates": [
          -72.9768,
          6.7218
        ]
      }
    },
    {
      "type": "Feature",
      "properties": {
        "mag": 5.4,
        "depth_km": 10,
        "date": "2018-09-07"
      },
      "geometry": {
        "type": "Point",
        "coordinates": [
          -77.6026,
          8.0543
        ]
      }
    },
    {
      "type": "Feature",
      "properties": {
        "mag": 4.5,
        "depth_km": 10,
        "date": "2018-08-22"
      },
      "geometry": {
        "type": "Point",
        "coordinates": [
          -74.1118,
          6.2832
        ]
      }
    },
    {
      "type": "Feature",
      "properties": {
        "mag": 4.3,
        "depth_km": 148.4,
        "date": "2018-08-08"
      },
      "geometry": {
        "type": "Point",
        "coordinates": [
          -72.9701,
          6.8586
        ]
      }
    },
    {
      "type": "Feature",
      "properties": {
        "mag": 5.3,
        "depth_km": 146.4,
        "date": "2018-08-07"
      },
      "geometry": {
        "type": "Point",
        "coordinates": [
          -72.9952,
          6.7814
        ]
      }
    },
    {
      "type": "Feature",
      "properties": {
        "mag": 4.3,
        "depth_km": 215.3,
        "date": "2018-08-05"
      },
      "geometry": {
        "type": "Point",
        "coordinates": [
          -73.6932,
          7.5804
        ]
      }
    },
    {
      "type": "Feature",
      "properties": {
        "mag": 4.5,
        "depth_km": 10,
        "date": "2018-07-27"
      },
      "geometry": {
        "type": "Point",
        "coordinates": [
          -77.4093,
          6.129
        ]
      }
    },
    {
      "type": "Feature",
      "properties": {
        "mag": 4.4,
        "depth_km": 128.1,
        "date": "2018-07-24"
      },
      "geometry": {
        "type": "Point",
        "coordinates": [
          -76.0266,
          4.8949
        ]
      }
    },
    {
      "type": "Feature",
      "properties": {
        "mag": 4.1,
        "depth_km": 112.4,
        "date": "2018-07-14"
      },
      "geometry": {
        "type": "Point",
        "coordinates": [
          -73.8624,
          7.374
        ]
      }
    },
    {
      "type": "Feature",
      "properties": {
        "mag": 4,
        "depth_km": 99.6,
        "date": "2018-07-06"
      },
      "geometry": {
        "type": "Point",
        "coordinates": [
          -73.9347,
          6.4556
        ]
      }
    },
    {
      "type": "Feature",
      "properties": {
        "mag": 4.1,
        "depth_km": 70.2,
        "date": "2018-07-02"
      },
      "geometry": {
        "type": "Point",
        "coordinates": [
          -75.9749,
          7.0533
        ]
      }
    },
    {
      "type": "Feature",
      "properties": {
        "mag": 4.4,
        "depth_km": 81.8,
        "date": "2018-06-22"
      },
      "geometry": {
        "type": "Point",
        "coordinates": [
          -76.2331,
          3.8892
        ]
      }
    },
    {
      "type": "Feature",
      "properties": {
        "mag": 4.7,
        "depth_km": 59.7,
        "date": "2018-06-20"
      },
      "geometry": {
        "type": "Point",
        "coordinates": [
          -76.2432,
          6.9233
        ]
      }
    },
    {
      "type": "Feature",
      "properties": {
        "mag": 4.2,
        "depth_km": 161.3,
        "date": "2018-06-19"
      },
      "geometry": {
        "type": "Point",
        "coordinates": [
          -73.0523,
          6.7098
        ]
      }
    },
    {
      "type": "Feature",
      "properties": {
        "mag": 4.6,
        "depth_km": 160.3,
        "date": "2018-05-31"
      },
      "geometry": {
        "type": "Point",
        "coordinates": [
          -72.934,
          6.7598
        ]
      }
    },
    {
      "type": "Feature",
      "properties": {
        "mag": 4.5,
        "depth_km": 102.6,
        "date": "2018-05-25"
      },
      "geometry": {
        "type": "Point",
        "coordinates": [
          -73.4769,
          7.262
        ]
      }
    },
    {
      "type": "Feature",
      "properties": {
        "mag": 4.5,
        "depth_km": 160.2,
        "date": "2018-05-20"
      },
      "geometry": {
        "type": "Point",
        "coordinates": [
          -72.966,
          6.7626
        ]
      }
    },
    {
      "type": "Feature",
      "properties": {
        "mag": 4.1,
        "depth_km": 119.6,
        "date": "2018-04-29"
      },
      "geometry": {
        "type": "Point",
        "coordinates": [
          -76.1413,
          5.41
        ]
      }
    },
    {
      "type": "Feature",
      "properties": {
        "mag": 3.7,
        "depth_km": 10,
        "date": "2018-04-24"
      },
      "geometry": {
        "type": "Point",
        "coordinates": [
          -75.9188,
          5.3035
        ]
      }
    },
    {
      "type": "Feature",
      "properties": {
        "mag": 4.1,
        "depth_km": 163.7,
        "date": "2018-04-23"
      },
      "geometry": {
        "type": "Point",
        "coordinates": [
          -73.0624,
          6.7576
        ]
      }
    },
    {
      "type": "Feature",
      "properties": {
        "mag": 5.3,
        "depth_km": 110.0,
        "date": "2018-04-23"
      },
      "geometry": {
        "type": "Point",
        "coordinates": [
          -75.5438,
          5.1865
        ]
      }
    },
    {
      "type": "Feature",
      "properties": {
        "mag": 4.3,
        "depth_km": 150.8,
        "date": "2018-04-23"
      },
      "geometry": {
        "type": "Point",
        "coordinates": [
          -73.0316,
          7.3432
        ]
      }
    },
    {
      "type": "Feature",
      "properties": {
        "mag": 4.2,
        "depth_km": 165.4,
        "date": "2018-04-23"
      },
      "geometry": {
        "type": "Point",
        "coordinates": [
          -72.8998,
          6.7387
        ]
      }
    },
    {
      "type": "Feature",
      "properties": {
        "mag": 4.4,
        "depth_km": 150.1,
        "date": "2018-04-15"
      },
      "geometry": {
        "type": "Point",
        "coordinates": [
          -72.9178,
          6.7456
        ]
      }
    },
    {
      "type": "Feature",
      "properties": {
        "mag": 4.5,
        "depth_km": 35,
        "date": "2018-04-12"
      },
      "geometry": {
        "type": "Point",
        "coordinates": [
          -75.0172,
          7.7652
        ]
      }
    },
    {
      "type": "Feature",
      "properties": {
        "mag": 4.3,
        "depth_km": 98.2,
        "date": "2018-04-01"
      },
      "geometry": {
        "type": "Point",
        "coordinates": [
          -76.3511,
          4.2525
        ]
      }
    },
    {
      "type": "Feature",
      "properties": {
        "mag": 4.1,
        "depth_km": 149.1,
        "date": "2018-03-26"
      },
      "geometry": {
        "type": "Point",
        "coordinates": [
          -72.9836,
          6.7888
        ]
      }
    },
    {
      "type": "Feature",
      "properties": {
        "mag": 4.3,
        "depth_km": 35,
        "date": "2018-03-16"
      },
      "geometry": {
        "type": "Point",
        "coordinates": [
          -77.5563,
          5.5357
        ]
      }
    },
    {
      "type": "Feature",
      "properties": {
        "mag": 4.4,
        "depth_km": 156.7,
        "date": "2018-03-01"
      },
      "geometry": {
        "type": "Point",
        "coordinates": [
          -72.9728,
          6.8318
        ]
      }
    },
    {
      "type": "Feature",
      "properties": {
        "mag": 4.4,
        "depth_km": 132.2,
        "date": "2018-02-25"
      },
      "geometry": {
        "type": "Point",
        "coordinates": [
          -73.3959,
          6.5126
        ]
      }
    },
    {
      "type": "Feature",
      "properties": {
        "mag": 4.8,
        "depth_km": 103.2,
        "date": "2018-02-19"
      },
      "geometry": {
        "type": "Point",
        "coordinates": [
          -76.6247,
          4.0967
        ]
      }
    },
    {
      "type": "Feature",
      "properties": {
        "mag": 4.5,
        "depth_km": 169.8,
        "date": "2018-02-04"
      },
      "geometry": {
        "type": "Point",
        "coordinates": [
          -72.9886,
          6.7188
        ]
      }
    },
    {
      "type": "Feature",
      "properties": {
        "mag": 4.5,
        "depth_km": 54.8,
        "date": "2018-01-23"
      },
      "geometry": {
        "type": "Point",
        "coordinates": [
          -74.9986,
          8.229
        ]
      }
    },
    {
      "type": "Feature",
      "properties": {
        "mag": 4.7,
        "depth_km": 152.9,
        "date": "2018-01-21"
      },
      "geometry": {
        "type": "Point",
        "coordinates": [
          -72.9797,
          6.8149
        ]
      }
    },
    {
      "type": "Feature",
      "properties": {
        "mag": 4.1,
        "depth_km": 152.8,
        "date": "2018-01-16"
      },
      "geometry": {
        "type": "Point",
        "coordinates": [
          -73.0674,
          6.8863
        ]
      }
    },
    {
      "type": "Feature",
      "properties": {
        "mag": 4.9,
        "depth_km": 153.4,
        "date": "2018-01-08"
      },
      "geometry": {
        "type": "Point",
        "coordinates": [
          -72.9803,
          6.7908
        ]
      }
    },
    {
      "type": "Feature",
      "properties": {
        "mag": 4.5,
        "depth_km": 36.9,
        "date": "2018-01-06"
      },
      "geometry": {
        "type": "Point",
        "coordinates": [
          -77.705,
          5.4667
        ]
      }
    },
    {
      "type": "Feature",
      "properties": {
        "mag": 4.2,
        "depth_km": 155.1,
        "date": "2018-01-06"
      },
      "geometry": {
        "type": "Point",
        "coordinates": [
          -73.0621,
          6.7578
        ]
      }
    },
    {
      "type": "Feature",
      "properties": {
        "mag": 4.6,
        "depth_km": 156.3,
        "date": "2017-12-21"
      },
      "geometry": {
        "type": "Point",
        "coordinates": [
          -76.2035,
          4.1427
        ]
      }
    },
    {
      "type": "Feature",
      "properties": {
        "mag": 4.1,
        "depth_km": 160.3,
        "date": "2017-12-15"
      },
      "geometry": {
        "type": "Point",
        "coordinates": [
          -72.9882,
          6.7093
        ]
      }
    },
    {
      "type": "Feature",
      "properties": {
        "mag": 4.3,
        "depth_km": 165.3,
        "date": "2017-12-11"
      },
      "geometry": {
        "type": "Point",
        "coordinates": [
          -73.0024,
          6.7772
        ]
      }
    },
    {
      "type": "Feature",
      "properties": {
        "mag": 4.3,
        "depth_km": 150.7,
        "date": "2017-12-10"
      },
      "geometry": {
        "type": "Point",
        "coordinates": [
          -73.0058,
          6.7699
        ]
      }
    },
    {
      "type": "Feature",
      "properties": {
        "mag": 4,
        "depth_km": 77.0,
        "date": "2017-11-29"
      },
      "geometry": {
        "type": "Point",
        "coordinates": [
          -75.301,
          7.5127
        ]
      }
    },
    {
      "type": "Feature",
      "properties": {
        "mag": 4,
        "depth_km": 175.7,
        "date": "2017-11-28"
      },
      "geometry": {
        "type": "Point",
        "coordinates": [
          -73.0132,
          6.8214
        ]
      }
    },
    {
      "type": "Feature",
      "properties": {
        "mag": 4.3,
        "depth_km": 132.0,
        "date": "2017-11-26"
      },
      "geometry": {
        "type": "Point",
        "coordinates": [
          -76.2508,
          4.4736
        ]
      }
    },
    {
      "type": "Feature",
      "properties": {
        "mag": 4.1,
        "depth_km": 161.5,
        "date": "2017-11-24"
      },
      "geometry": {
        "type": "Point",
        "coordinates": [
          -72.9665,
          6.7846
        ]
      }
    },
    {
      "type": "Feature",
      "properties": {
        "mag": 4.4,
        "depth_km": 42.0,
        "date": "2017-11-23"
      },
      "geometry": {
        "type": "Point",
        "coordinates": [
          -76.076,
          7.4948
        ]
      }
    },
    {
      "type": "Feature",
      "properties": {
        "mag": 4.5,
        "depth_km": 105.2,
        "date": "2017-11-16"
      },
      "geometry": {
        "type": "Point",
        "coordinates": [
          -76.1183,
          4.7377
        ]
      }
    },
    {
      "type": "Feature",
      "properties": {
        "mag": 4.2,
        "depth_km": 154.6,
        "date": "2017-11-04"
      },
      "geometry": {
        "type": "Point",
        "coordinates": [
          -72.8931,
          6.769
        ]
      }
    },
    {
      "type": "Feature",
      "properties": {
        "mag": 5.1,
        "depth_km": 128.6,
        "date": "2017-10-01"
      },
      "geometry": {
        "type": "Point",
        "coordinates": [
          -73.148,
          7.5275
        ]
      }
    },
    {
      "type": "Feature",
      "properties": {
        "mag": 4.3,
        "depth_km": 162.4,
        "date": "2017-09-29"
      },
      "geometry": {
        "type": "Point",
        "coordinates": [
          -72.9693,
          6.7514
        ]
      }
    },
    {
      "type": "Feature",
      "properties": {
        "mag": 4.9,
        "depth_km": 155.7,
        "date": "2017-09-04"
      },
      "geometry": {
        "type": "Point",
        "coordinates": [
          -73.0026,
          6.7475
        ]
      }
    },
    {
      "type": "Feature",
      "properties": {
        "mag": 4.3,
        "depth_km": 159.6,
        "date": "2017-08-31"
      },
      "geometry": {
        "type": "Point",
        "coordinates": [
          -72.9379,
          6.6414
        ]
      }
    },
    {
      "type": "Feature",
      "properties": {
        "mag": 4.5,
        "depth_km": 154.9,
        "date": "2017-08-17"
      },
      "geometry": {
        "type": "Point",
        "coordinates": [
          -72.9476,
          6.768
        ]
      }
    },
    {
      "type": "Feature",
      "properties": {
        "mag": 4.5,
        "depth_km": 10,
        "date": "2017-07-30"
      },
      "geometry": {
        "type": "Point",
        "coordinates": [
          -75.1486,
          4.7693
        ]
      }
    },
    {
      "type": "Feature",
      "properties": {
        "mag": 4.7,
        "depth_km": 10,
        "date": "2017-07-30"
      },
      "geometry": {
        "type": "Point",
        "coordinates": [
          -74.9998,
          4.8565
        ]
      }
    },
    {
      "type": "Feature",
      "properties": {
        "mag": 4.3,
        "depth_km": 163.3,
        "date": "2017-07-26"
      },
      "geometry": {
        "type": "Point",
        "coordinates": [
          -72.9232,
          6.721
        ]
      }
    },
    {
      "type": "Feature",
      "properties": {
        "mag": 4.7,
        "depth_km": 165.1,
        "date": "2017-07-24"
      },
      "geometry": {
        "type": "Point",
        "coordinates": [
          -72.9907,
          6.7983
        ]
      }
    },
    {
      "type": "Feature",
      "properties": {
        "mag": 4.4,
        "depth_km": 136.8,
        "date": "2017-07-09"
      },
      "geometry": {
        "type": "Point",
        "coordinates": [
          -73.075,
          6.9017
        ]
      }
    },
    {
      "type": "Feature",
      "properties": {
        "mag": 4.3,
        "depth_km": 158.2,
        "date": "2017-07-08"
      },
      "geometry": {
        "type": "Point",
        "coordinates": [
          -73.0105,
          6.8382
        ]
      }
    },
    {
      "type": "Feature",
      "properties": {
        "mag": 4.3,
        "depth_km": 99.1,
        "date": "2017-06-19"
      },
      "geometry": {
        "type": "Point",
        "coordinates": [
          -76.7041,
          4.9142
        ]
      }
    },
    {
      "type": "Feature",
      "properties": {
        "mag": 4.2,
        "depth_km": 143.5,
        "date": "2017-06-09"
      },
      "geometry": {
        "type": "Point",
        "coordinates": [
          -73.0518,
          6.8434
        ]
      }
    },
    {
      "type": "Feature",
      "properties": {
        "mag": 4.7,
        "depth_km": 155.5,
        "date": "2017-05-27"
      },
      "geometry": {
        "type": "Point",
        "coordinates": [
          -73.0164,
          6.7984
        ]
      }
    },
    {
      "type": "Feature",
      "properties": {
        "mag": 4.4,
        "depth_km": 150.1,
        "date": "2017-05-24"
      },
      "geometry": {
        "type": "Point",
        "coordinates": [
          -73.0859,
          6.831
        ]
      }
    },
    {
      "type": "Feature",
      "properties": {
        "mag": 4.3,
        "depth_km": 155,
        "date": "2017-05-24"
      },
      "geometry": {
        "type": "Point",
        "coordinates": [
          -73.0095,
          6.8156
        ]
      }
    },
    {
      "type": "Feature",
      "properties": {
        "mag": 4.3,
        "depth_km": 151.2,
        "date": "2017-05-07"
      },
      "geometry": {
        "type": "Point",
        "coordinates": [
          -73.0792,
          6.8701
        ]
      }
    },
    {
      "type": "Feature",
      "properties": {
        "mag": 4.3,
        "depth_km": 7.9,
        "date": "2017-05-03"
      },
      "geometry": {
        "type": "Point",
        "coordinates": [
          -76.3217,
          6.892
        ]
      }
    },
    {
      "type": "Feature",
      "properties": {
        "mag": 4.3,
        "depth_km": 146.1,
        "date": "2017-04-30"
      },
      "geometry": {
        "type": "Point",
        "coordinates": [
          -73.0095,
          6.9336
        ]
      }
    },
    {
      "type": "Feature",
      "properties": {
        "mag": 4.8,
        "depth_km": 58.6,
        "date": "2017-04-29"
      },
      "geometry": {
        "type": "Point",
        "coordinates": [
          -75.9283,
          3.816
        ]
      }
    },
    {
      "type": "Feature",
      "properties": {
        "mag": 4.1,
        "depth_km": 146.2,
        "date": "2017-04-27"
      },
      "geometry": {
        "type": "Point",
        "coordinates": [
          -73.0223,
          6.9549
        ]
      }
    },
    {
      "type": "Feature",
      "properties": {
        "mag": 4.4,
        "depth_km": 152.3,
        "date": "2017-04-17"
      },
      "geometry": {
        "type": "Point",
        "coordinates": [
          -73.002,
          6.7429
        ]
      }
    },
    {
      "type": "Feature",
      "properties": {
        "mag": 4,
        "depth_km": 148.1,
        "date": "2017-04-12"
      },
      "geometry": {
        "type": "Point",
        "coordinates": [
          -72.9632,
          6.8208
        ]
      }
    },
    {
      "type": "Feature",
      "properties": {
        "mag": 4.2,
        "depth_km": 118.6,
        "date": "2017-04-07"
      },
      "geometry": {
        "type": "Point",
        "coordinates": [
          -73.2421,
          7.7414
        ]
      }
    },
    {
      "type": "Feature",
      "properties": {
        "mag": 4.3,
        "depth_km": 145.7,
        "date": "2017-04-01"
      },
      "geometry": {
        "type": "Point",
        "coordinates": [
          -73.0279,
          6.8604
        ]
      }
    },
    {
      "type": "Feature",
      "properties": {
        "mag": 4.3,
        "depth_km": 162.2,
        "date": "2017-03-28"
      },
      "geometry": {
        "type": "Point",
        "coordinates": [
          -72.9569,
          6.7392
        ]
      }
    },
    {
      "type": "Feature",
      "properties": {
        "mag": 4.7,
        "depth_km": 86.2,
        "date": "2017-03-21"
      },
      "geometry": {
        "type": "Point",
        "coordinates": [
          -73.8618,
          7.1088
        ]
      }
    },
    {
      "type": "Feature",
      "properties": {
        "mag": 5,
        "depth_km": 7.1,
        "date": "2017-03-21"
      },
      "geometry": {
        "type": "Point",
        "coordinates": [
          -77.5221,
          6.2863
        ]
      }
    },
    {
      "type": "Feature",
      "properties": {
        "mag": 4.5,
        "depth_km": 10,
        "date": "2017-03-03"
      },
      "geometry": {
        "type": "Point",
        "coordinates": [
          -76.3631,
          7.4887
        ]
      }
    },
    {
      "type": "Feature",
      "properties": {
        "mag": 4.2,
        "depth_km": 154.7,
        "date": "2017-03-02"
      },
      "geometry": {
        "type": "Point",
        "coordinates": [
          -73.0026,
          6.8048
        ]
      }
    },
    {
      "type": "Feature",
      "properties": {
        "mag": 4.2,
        "depth_km": 153.6,
        "date": "2017-02-28"
      },
      "geometry": {
        "type": "Point",
        "coordinates": [
          -73.0154,
          6.8309
        ]
      }
    },
    {
      "type": "Feature",
      "properties": {
        "mag": 4.4,
        "depth_km": 152.3,
        "date": "2017-02-24"
      },
      "geometry": {
        "type": "Point",
        "coordinates": [
          -73.0117,
          6.8171
        ]
      }
    },
    {
      "type": "Feature",
      "properties": {
        "mag": 4.7,
        "depth_km": 156.1,
        "date": "2017-02-01"
      },
      "geometry": {
        "type": "Point",
        "coordinates": [
          -72.9613,
          6.8088
        ]
      }
    },
    {
      "type": "Feature",
      "properties": {
        "mag": 4.4,
        "depth_km": 10,
        "date": "2017-01-28"
      },
      "geometry": {
        "type": "Point",
        "coordinates": [
          -76.9979,
          6.6236
        ]
      }
    },
    {
      "type": "Feature",
      "properties": {
        "mag": 4.3,
        "depth_km": 152.0,
        "date": "2017-01-24"
      },
      "geometry": {
        "type": "Point",
        "coordinates": [
          -72.9933,
          6.8107
        ]
      }
    },
    {
      "type": "Feature",
      "properties": {
        "mag": 4,
        "depth_km": 32.0,
        "date": "2017-01-21"
      },
      "geometry": {
        "type": "Point",
        "coordinates": [
          -74.1107,
          4.509
        ]
      }
    },
    {
      "type": "Feature",
      "properties": {
        "mag": 4.7,
        "depth_km": 64.5,
        "date": "2017-01-19"
      },
      "geometry": {
        "type": "Point",
        "coordinates": [
          -76.1462,
          5.899
        ]
      }
    },
    {
      "type": "Feature",
      "properties": {
        "mag": 5.2,
        "depth_km": 6.0,
        "date": "2017-01-12"
      },
      "geometry": {
        "type": "Point",
        "coordinates": [
          -77.9396,
          6.0601
        ]
      }
    },
    {
      "type": "Feature",
      "properties": {
        "mag": 4.1,
        "depth_km": 153.5,
        "date": "2017-01-10"
      },
      "geometry": {
        "type": "Point",
        "coordinates": [
          -73.0015,
          6.7894
        ]
      }
    },
    {
      "type": "Feature",
      "properties": {
        "mag": 4.3,
        "depth_km": 140.3,
        "date": "2017-01-10"
      },
      "geometry": {
        "type": "Point",
        "coordinates": [
          -72.9816,
          6.828
        ]
      }
    },
    {
      "type": "Feature",
      "properties": {
        "mag": 4.4,
        "depth_km": 155.6,
        "date": "2016-12-27"
      },
      "geometry": {
        "type": "Point",
        "coordinates": [
          -72.8891,
          6.7541
        ]
      }
    },
    {
      "type": "Feature",
      "properties": {
        "mag": 4,
        "depth_km": 157.4,
        "date": "2016-12-26"
      },
      "geometry": {
        "type": "Point",
        "coordinates": [
          -72.912,
          6.7446
        ]
      }
    },
    {
      "type": "Feature",
      "properties": {
        "mag": 4.4,
        "depth_km": 153.2,
        "date": "2016-12-24"
      },
      "geometry": {
        "type": "Point",
        "coordinates": [
          -72.9695,
          6.8272
        ]
      }
    },
    {
      "type": "Feature",
      "properties": {
        "mag": 4.9,
        "depth_km": 48.3,
        "date": "2016-12-22"
      },
      "geometry": {
        "type": "Point",
        "coordinates": [
          -77.2213,
          4.7048
        ]
      }
    },
    {
      "type": "Feature",
      "properties": {
        "mag": 4.5,
        "depth_km": 123.3,
        "date": "2016-12-19"
      },
      "geometry": {
        "type": "Point",
        "coordinates": [
          -73.3608,
          7.495
        ]
      }
    },
    {
      "type": "Feature",
      "properties": {
        "mag": 4.6,
        "depth_km": 158.8,
        "date": "2016-12-19"
      },
      "geometry": {
        "type": "Point",
        "coordinates": [
          -72.9854,
          6.8093
        ]
      }
    },
    {
      "type": "Feature",
      "properties": {
        "mag": 4.3,
        "depth_km": 62.0,
        "date": "2016-12-18"
      },
      "geometry": {
        "type": "Point",
        "coordinates": [
          -76.7766,
          7.128
        ]
      }
    },
    {
      "type": "Feature",
      "properties": {
        "mag": 4.3,
        "depth_km": 152.5,
        "date": "2016-12-13"
      },
      "geometry": {
        "type": "Point",
        "coordinates": [
          -72.9809,
          6.7816
        ]
      }
    },
    {
      "type": "Feature",
      "properties": {
        "mag": 4.2,
        "depth_km": 156.4,
        "date": "2016-12-12"
      },
      "geometry": {
        "type": "Point",
        "coordinates": [
          -72.9778,
          6.7664
        ]
      }
    },
    {
      "type": "Feature",
      "properties": {
        "mag": 4.4,
        "depth_km": 152.2,
        "date": "2016-12-10"
      },
      "geometry": {
        "type": "Point",
        "coordinates": [
          -72.9395,
          6.764
        ]
      }
    },
    {
      "type": "Feature",
      "properties": {
        "mag": 4.7,
        "depth_km": 36.2,
        "date": "2016-12-06"
      },
      "geometry": {
        "type": "Point",
        "coordinates": [
          -77.2476,
          4.7443
        ]
      }
    },
    {
      "type": "Feature",
      "properties": {
        "mag": 3.6,
        "depth_km": 28,
        "date": "2016-11-30"
      },
      "geometry": {
        "type": "Point",
        "coordinates": [
          -75.86,
          6.3
        ]
      }
    },
    {
      "type": "Feature",
      "properties": {
        "mag": 4.2,
        "depth_km": 169.5,
        "date": "2016-11-29"
      },
      "geometry": {
        "type": "Point",
        "coordinates": [
          -72.8662,
          6.6168
        ]
      }
    },
    {
      "type": "Feature",
      "properties": {
        "mag": 4.3,
        "depth_km": 124.0,
        "date": "2016-11-26"
      },
      "geometry": {
        "type": "Point",
        "coordinates": [
          -73.9445,
          5.5127
        ]
      }
    },
    {
      "type": "Feature",
      "properties": {
        "mag": 4.4,
        "depth_km": 153.0,
        "date": "2016-11-24"
      },
      "geometry": {
        "type": "Point",
        "coordinates": [
          -73.2753,
          7.5507
        ]
      }
    },
    {
      "type": "Feature",
      "properties": {
        "mag": 4.2,
        "depth_km": 145.0,
        "date": "2016-11-14"
      },
      "geometry": {
        "type": "Point",
        "coordinates": [
          -73.0234,
          6.7653
        ]
      }
    },
    {
      "type": "Feature",
      "properties": {
        "mag": 4.4,
        "depth_km": 148.5,
        "date": "2016-11-06"
      },
      "geometry": {
        "type": "Point",
        "coordinates": [
          -73.0345,
          6.7389
        ]
      }
    },
    {
      "type": "Feature",
      "properties": {
        "mag": 4.3,
        "depth_km": 165.1,
        "date": "2016-10-30"
      },
      "geometry": {
        "type": "Point",
        "coordinates": [
          -72.9182,
          6.7163
        ]
      }
    },
    {
      "type": "Feature",
      "properties": {
        "mag": 4.2,
        "depth_km": 74.4,
        "date": "2016-10-18"
      },
      "geometry": {
        "type": "Point",
        "coordinates": [
          -74.5105,
          7.646
        ]
      }
    },
    {
      "type": "Feature",
      "properties": {
        "mag": 4.8,
        "depth_km": 151.5,
        "date": "2016-09-22"
      },
      "geometry": {
        "type": "Point",
        "coordinates": [
          -72.9705,
          6.7735
        ]
      }
    },
    {
      "type": "Feature",
      "properties": {
        "mag": 4.2,
        "depth_km": 151.4,
        "date": "2016-09-22"
      },
      "geometry": {
        "type": "Point",
        "coordinates": [
          -73.1,
          6.817
        ]
      }
    },
    {
      "type": "Feature",
      "properties": {
        "mag": 4.1,
        "depth_km": 87.5,
        "date": "2016-09-19"
      },
      "geometry": {
        "type": "Point",
        "coordinates": [
          -74.8188,
          7.9345
        ]
      }
    },
    {
      "type": "Feature",
      "properties": {
        "mag": 4.2,
        "depth_km": 152,
        "date": "2016-09-16"
      },
      "geometry": {
        "type": "Point",
        "coordinates": [
          -73.149,
          6.807
        ]
      }
    },
    {
      "type": "Feature",
      "properties": {
        "mag": 4.8,
        "depth_km": 10,
        "date": "2016-09-14"
      },
      "geometry": {
        "type": "Point",
        "coordinates": [
          -76.2278,
          7.3934
        ]
      }
    },
    {
      "type": "Feature",
      "properties": {
        "mag": 4.3,
        "depth_km": 10,
        "date": "2016-09-14"
      },
      "geometry": {
        "type": "Point",
        "coordinates": [
          -76.3188,
          7.2557
        ]
      }
    },
    {
      "type": "Feature",
      "properties": {
        "mag": 4.7,
        "depth_km": 10,
        "date": "2016-09-14"
      },
      "geometry": {
        "type": "Point",
        "coordinates": [
          -76.1716,
          7.3321
        ]
      }
    },
    {
      "type": "Feature",
      "properties": {
        "mag": 4.9,
        "depth_km": 10,
        "date": "2016-09-14"
      },
      "geometry": {
        "type": "Point",
        "coordinates": [
          -76.1468,
          7.358
        ]
      }
    },
    {
      "type": "Feature",
      "properties": {
        "mag": 4.1,
        "depth_km": 10,
        "date": "2016-09-14"
      },
      "geometry": {
        "type": "Point",
        "coordinates": [
          -76.1177,
          7.3659
        ]
      }
    },
    {
      "type": "Feature",
      "properties": {
        "mag": 6,
        "depth_km": 18,
        "date": "2016-09-14"
      },
      "geometry": {
        "type": "Point",
        "coordinates": [
          -76.1686,
          7.3736
        ]
      }
    },
    {
      "type": "Feature",
      "properties": {
        "mag": 4.2,
        "depth_km": 156.0,
        "date": "2016-09-13"
      },
      "geometry": {
        "type": "Point",
        "coordinates": [
          -72.9375,
          6.7882
        ]
      }
    },
    {
      "type": "Feature",
      "properties": {
        "mag": 4.5,
        "depth_km": 19.9,
        "date": "2016-08-28"
      },
      "geometry": {
        "type": "Point",
        "coordinates": [
          -73.014,
          7.3145
        ]
      }
    },
    {
      "type": "Feature",
      "properties": {
        "mag": 4.5,
        "depth_km": 170.9,
        "date": "2016-08-26"
      },
      "geometry": {
        "type": "Point",
        "coordinates": [
          -72.927,
          6.721
        ]
      }
    },
    {
      "type": "Feature",
      "properties": {
        "mag": 4.2,
        "depth_km": 145,
        "date": "2016-08-13"
      },
      "geometry": {
        "type": "Point",
        "coordinates": [
          -73.14,
          6.8
        ]
      }
    },
    {
      "type": "Feature",
      "properties": {
        "mag": 4.6,
        "depth_km": 27.8,
        "date": "2016-08-07"
      },
      "geometry": {
        "type": "Point",
        "coordinates": [
          -76.2137,
          6.9284
        ]
      }
    },
    {
      "type": "Feature",
      "properties": {
        "mag": 4.9,
        "depth_km": 157.3,
        "date": "2016-07-26"
      },
      "geometry": {
        "type": "Point",
        "coordinates": [
          -73.0401,
          6.8164
        ]
      }
    },
    {
      "type": "Feature",
      "properties": {
        "mag": 4.2,
        "depth_km": 136.7,
        "date": "2016-07-13"
      },
      "geometry": {
        "type": "Point",
        "coordinates": [
          -73.0183,
          6.8015
        ]
      }
    },
    {
      "type": "Feature",
      "properties": {
        "mag": 4.2,
        "depth_km": 148.8,
        "date": "2016-07-13"
      },
      "geometry": {
        "type": "Point",
        "coordinates": [
          -73.6464,
          5.3471
        ]
      }
    },
    {
      "type": "Feature",
      "properties": {
        "mag": 4.5,
        "depth_km": 15.4,
        "date": "2016-07-09"
      },
      "geometry": {
        "type": "Point",
        "coordinates": [
          -74.1,
          6.541
        ]
      }
    },
    {
      "type": "Feature",
      "properties": {
        "mag": 4.4,
        "depth_km": 143.5,
        "date": "2016-07-04"
      },
      "geometry": {
        "type": "Point",
        "coordinates": [
          -73.0952,
          6.8989
        ]
      }
    },
    {
      "type": "Feature",
      "properties": {
        "mag": 4.4,
        "depth_km": 146.7,
        "date": "2016-06-28"
      },
      "geometry": {
        "type": "Point",
        "coordinates": [
          -73.0154,
          6.8513
        ]
      }
    },
    {
      "type": "Feature",
      "properties": {
        "mag": 4.4,
        "depth_km": 148.6,
        "date": "2016-06-23"
      },
      "geometry": {
        "type": "Point",
        "coordinates": [
          -73.0238,
          6.8285
        ]
      }
    },
    {
      "type": "Feature",
      "properties": {
        "mag": 4.5,
        "depth_km": 141.9,
        "date": "2016-06-23"
      },
      "geometry": {
        "type": "Point",
        "coordinates": [
          -72.9697,
          6.7846
        ]
      }
    },
    {
      "type": "Feature",
      "properties": {
        "mag": 4.6,
        "depth_km": 9.4,
        "date": "2016-06-15"
      },
      "geometry": {
        "type": "Point",
        "coordinates": [
          -77.5702,
          5.7368
        ]
      }
    },
    {
      "type": "Feature",
      "properties": {
        "mag": 4.2,
        "depth_km": 151.7,
        "date": "2016-06-12"
      },
      "geometry": {
        "type": "Point",
        "coordinates": [
          -73.0507,
          6.8819
        ]
      }
    },
    {
      "type": "Feature",
      "properties": {
        "mag": 4.2,
        "depth_km": 150.4,
        "date": "2016-06-06"
      },
      "geometry": {
        "type": "Point",
        "coordinates": [
          -73.0254,
          6.8371
        ]
      }
    },
    {
      "type": "Feature",
      "properties": {
        "mag": 4.4,
        "depth_km": 149.2,
        "date": "2016-05-31"
      },
      "geometry": {
        "type": "Point",
        "coordinates": [
          -73.0544,
          6.8562
        ]
      }
    },
    {
      "type": "Feature",
      "properties": {
        "mag": 4.4,
        "depth_km": 156.6,
        "date": "2016-05-30"
      },
      "geometry": {
        "type": "Point",
        "coordinates": [
          -73.1317,
          6.935
        ]
      }
    },
    {
      "type": "Feature",
      "properties": {
        "mag": 4.3,
        "depth_km": 151.6,
        "date": "2016-05-22"
      },
      "geometry": {
        "type": "Point",
        "coordinates": [
          -73.072,
          6.8835
        ]
      }
    },
    {
      "type": "Feature",
      "properties": {
        "mag": 4.2,
        "depth_km": 153.3,
        "date": "2016-05-20"
      },
      "geometry": {
        "type": "Point",
        "coordinates": [
          -73.1168,
          6.8685
        ]
      }
    },
    {
      "type": "Feature",
      "properties": {
        "mag": 4.2,
        "depth_km": 150.4,
        "date": "2016-05-15"
      },
      "geometry": {
        "type": "Point",
        "coordinates": [
          -73.1265,
          6.9476
        ]
      }
    },
    {
      "type": "Feature",
      "properties": {
        "mag": 4.2,
        "depth_km": 146.5,
        "date": "2016-05-13"
      },
      "geometry": {
        "type": "Point",
        "coordinates": [
          -73.0666,
          6.9191
        ]
      }
    },
    {
      "type": "Feature",
      "properties": {
        "mag": 4.4,
        "depth_km": 157.1,
        "date": "2016-05-11"
      },
      "geometry": {
        "type": "Point",
        "coordinates": [
          -72.9845,
          6.8225
        ]
      }
    },
    {
      "type": "Feature",
      "properties": {
        "mag": 4.2,
        "depth_km": 139.9,
        "date": "2016-05-06"
      },
      "geometry": {
        "type": "Point",
        "coordinates": [
          -73.0789,
          7.3933
        ]
      }
    },
    {
      "type": "Feature",
      "properties": {
        "mag": 4.4,
        "depth_km": 170.9,
        "date": "2016-04-30"
      },
      "geometry": {
        "type": "Point",
        "coordinates": [
          -72.9867,
          6.6808
        ]
      }
    },
    {
      "type": "Feature",
      "properties": {
        "mag": 4.3,
        "depth_km": 127.4,
        "date": "2016-04-26"
      },
      "geometry": {
        "type": "Point",
        "coordinates": [
          -73.5013,
          6.587
        ]
      }
    },
    {
      "type": "Feature",
      "properties": {
        "mag": 4.2,
        "depth_km": 150.6,
        "date": "2016-04-20"
      },
      "geometry": {
        "type": "Point",
        "coordinates": [
          -72.9767,
          6.8362
        ]
      }
    },
    {
      "type": "Feature",
      "properties": {
        "mag": 4.1,
        "depth_km": 153.6,
        "date": "2016-04-11"
      },
      "geometry": {
        "type": "Point",
        "coordinates": [
          -73.142,
          6.9378
        ]
      }
    },
    {
      "type": "Feature",
      "properties": {
        "mag": 5.1,
        "depth_km": 21.9,
        "date": "2016-04-11"
      },
      "geometry": {
        "type": "Point",
        "coordinates": [
          -76.6152,
          7.0249
        ]
      }
    },
    {
      "type": "Feature",
      "properties": {
        "mag": 4,
        "depth_km": 48.5,
        "date": "2016-04-11"
      },
      "geometry": {
        "type": "Point",
        "coordinates": [
          -76.5241,
          7.0036
        ]
      }
    },
    {
      "type": "Feature",
      "properties": {
        "mag": 4.3,
        "depth_km": 149.9,
        "date": "2016-04-08"
      },
      "geometry": {
        "type": "Point",
        "coordinates": [
          -73.0933,
          6.8417
        ]
      }
    },
    {
      "type": "Feature",
      "properties": {
        "mag": 4.5,
        "depth_km": 43.5,
        "date": "2016-04-08"
      },
      "geometry": {
        "type": "Point",
        "coordinates": [
          -76.7914,
          7.2689
        ]
      }
    },
    {
      "type": "Feature",
      "properties": {
        "mag": 4.2,
        "depth_km": 32.4,
        "date": "2016-04-03"
      },
      "geometry": {
        "type": "Point",
        "coordinates": [
          -75.0879,
          7.8486
        ]
      }
    },
    {
      "type": "Feature",
      "properties": {
        "mag": 4.3,
        "depth_km": 155.6,
        "date": "2016-04-01"
      },
      "geometry": {
        "type": "Point",
        "coordinates": [
          -73.0895,
          6.9231
        ]
      }
    },
    {
      "type": "Feature",
      "properties": {
        "mag": 4.6,
        "depth_km": 154.5,
        "date": "2016-03-24"
      },
      "geometry": {
        "type": "Point",
        "coordinates": [
          -73.1948,
          6.9559
        ]
      }
    },
    {
      "type": "Feature",
      "properties": {
        "mag": 4.3,
        "depth_km": 158.4,
        "date": "2016-03-23"
      },
      "geometry": {
        "type": "Point",
        "coordinates": [
          -73.0951,
          6.8819
        ]
      }
    },
    {
      "type": "Feature",
      "properties": {
        "mag": 4,
        "depth_km": 44.4,
        "date": "2016-03-17"
      },
      "geometry": {
        "type": "Point",
        "coordinates": [
          -74.4619,
          5.4641
        ]
      }
    },
    {
      "type": "Feature",
      "properties": {
        "mag": 4,
        "depth_km": 153.5,
        "date": "2016-03-17"
      },
      "geometry": {
        "type": "Point",
        "coordinates": [
          -73.1316,
          6.8131
        ]
      }
    },
    {
      "type": "Feature",
      "properties": {
        "mag": 5,
        "depth_km": 148.9,
        "date": "2016-03-09"
      },
      "geometry": {
        "type": "Point",
        "coordinates": [
          -73.0422,
          6.8264
        ]
      }
    },
    {
      "type": "Feature",
      "properties": {
        "mag": 4.5,
        "depth_km": 145.0,
        "date": "2016-03-09"
      },
      "geometry": {
        "type": "Point",
        "coordinates": [
          -73.0687,
          6.8552
        ]
      }
    },
    {
      "type": "Feature",
      "properties": {
        "mag": 4.2,
        "depth_km": 159.5,
        "date": "2016-03-06"
      },
      "geometry": {
        "type": "Point",
        "coordinates": [
          -73.239,
          6.8753
        ]
      }
    },
    {
      "type": "Feature",
      "properties": {
        "mag": 4.1,
        "depth_km": 164.9,
        "date": "2016-02-28"
      },
      "geometry": {
        "type": "Point",
        "coordinates": [
          -72.9795,
          6.6966
        ]
      }
    },
    {
      "type": "Feature",
      "properties": {
        "mag": 4.3,
        "depth_km": 154.6,
        "date": "2016-02-28"
      },
      "geometry": {
        "type": "Point",
        "coordinates": [
          -72.9644,
          6.7738
        ]
      }
    },
    {
      "type": "Feature",
      "properties": {
        "mag": 4,
        "depth_km": 156.0,
        "date": "2016-02-17"
      },
      "geometry": {
        "type": "Point",
        "coordinates": [
          -73.0318,
          6.878
        ]
      }
    },
    {
      "type": "Feature",
      "properties": {
        "mag": 4.8,
        "depth_km": 154.2,
        "date": "2016-02-11"
      },
      "geometry": {
        "type": "Point",
        "coordinates": [
          -73.135,
          6.818
        ]
      }
    },
    {
      "type": "Feature",
      "properties": {
        "mag": 4.4,
        "depth_km": 154.4,
        "date": "2016-02-10"
      },
      "geometry": {
        "type": "Point",
        "coordinates": [
          -73.0323,
          6.7957
        ]
      }
    },
    {
      "type": "Feature",
      "properties": {
        "mag": 4.3,
        "depth_km": 145.4,
        "date": "2016-02-06"
      },
      "geometry": {
        "type": "Point",
        "coordinates": [
          -73.0439,
          6.8302
        ]
      }
    },
    {
      "type": "Feature",
      "properties": {
        "mag": 4,
        "depth_km": 149.3,
        "date": "2016-02-02"
      },
      "geometry": {
        "type": "Point",
        "coordinates": [
          -73.1043,
          6.8618
        ]
      }
    },
    {
      "type": "Feature",
      "properties": {
        "mag": 4.4,
        "depth_km": 149.3,
        "date": "2016-01-24"
      },
      "geometry": {
        "type": "Point",
        "coordinates": [
          -73.0647,
          6.8158
        ]
      }
    },
    {
      "type": "Feature",
      "properties": {
        "mag": 4.6,
        "depth_km": 8.3,
        "date": "2016-01-14"
      },
      "geometry": {
        "type": "Point",
        "coordinates": [
          -76.2439,
          6.9293
        ]
      }
    },
    {
      "type": "Feature",
      "properties": {
        "mag": 4.4,
        "depth_km": 45.1,
        "date": "2016-01-10"
      },
      "geometry": {
        "type": "Point",
        "coordinates": [
          -76.4526,
          5.9528
        ]
      }
    },
    {
      "type": "Feature",
      "properties": {
        "mag": 4.4,
        "depth_km": 147.4,
        "date": "2016-01-04"
      },
      "geometry": {
        "type": "Point",
        "coordinates": [
          -73.0316,
          6.8216
        ]
      }
    },
    {
      "type": "Feature",
      "properties": {
        "mag": 4.3,
        "depth_km": 150.8,
        "date": "2016-01-01"
      },
      "geometry": {
        "type": "Point",
        "coordinates": [
          -73.152,
          6.816
        ]
      }
    },
    {
      "type": "Feature",
      "properties": {
        "mag": 5,
        "depth_km": 5.7,
        "date": "2015-12-29"
      },
      "geometry": {
        "type": "Point",
        "coordinates": [
          -76.701,
          6.862
        ]
      }
    },
    {
      "type": "Feature",
      "properties": {
        "mag": 4.5,
        "depth_km": 38.1,
        "date": "2015-12-12"
      },
      "geometry": {
        "type": "Point",
        "coordinates": [
          -77.5719,
          5.5999
        ]
      }
    },
    {
      "type": "Feature",
      "properties": {
        "mag": 4,
        "depth_km": 153.8,
        "date": "2015-12-09"
      },
      "geometry": {
        "type": "Point",
        "coordinates": [
          -73.0808,
          6.9051
        ]
      }
    },
    {
      "type": "Feature",
      "properties": {
        "mag": 4.4,
        "depth_km": 144.6,
        "date": "2015-11-30"
      },
      "geometry": {
        "type": "Point",
        "coordinates": [
          -73.0172,
          6.8172
        ]
      }
    },
    {
      "type": "Feature",
      "properties": {
        "mag": 4.8,
        "depth_km": 167.3,
        "date": "2015-11-28"
      },
      "geometry": {
        "type": "Point",
        "coordinates": [
          -72.9931,
          6.7085
        ]
      }
    },
    {
      "type": "Feature",
      "properties": {
        "mag": 4.6,
        "depth_km": 36.3,
        "date": "2015-11-16"
      },
      "geometry": {
        "type": "Point",
        "coordinates": [
          -77.1074,
          8.4345
        ]
      }
    },
    {
      "type": "Feature",
      "properties": {
        "mag": 4,
        "depth_km": 148.6,
        "date": "2015-11-02"
      },
      "geometry": {
        "type": "Point",
        "coordinates": [
          -73.175,
          6.9812
        ]
      }
    },
    {
      "type": "Feature",
      "properties": {
        "mag": 4.5,
        "depth_km": 146.4,
        "date": "2015-10-29"
      },
      "geometry": {
        "type": "Point",
        "coordinates": [
          -73.0719,
          6.8498
        ]
      }
    },
    {
      "type": "Feature",
      "properties": {
        "mag": 4.5,
        "depth_km": 154.8,
        "date": "2015-10-29"
      },
      "geometry": {
        "type": "Point",
        "coordinates": [
          -73.0203,
          6.8083
        ]
      }
    },
    {
      "type": "Feature",
      "properties": {
        "mag": 4.1,
        "depth_km": 150,
        "date": "2015-10-17"
      },
      "geometry": {
        "type": "Point",
        "coordinates": [
          -73.141,
          6.828
        ]
      }
    },
    {
      "type": "Feature",
      "properties": {
        "mag": 5,
        "depth_km": 125.7,
        "date": "2015-10-14"
      },
      "geometry": {
        "type": "Point",
        "coordinates": [
          -73.3038,
          7.6522
        ]
      }
    },
    {
      "type": "Feature",
      "properties": {
        "mag": 5.2,
        "depth_km": 10,
        "date": "2015-10-12"
      },
      "geometry": {
        "type": "Point",
        "coordinates": [
          -77.476,
          7.5362
        ]
      }
    },
    {
      "type": "Feature",
      "properties": {
        "mag": 4.1,
        "depth_km": 146.9,
        "date": "2015-10-07"
      },
      "geometry": {
        "type": "Point",
        "coordinates": [
          -73.024,
          6.8568
        ]
      }
    },
    {
      "type": "Feature",
      "properties": {
        "mag": 4.4,
        "depth_km": 136.6,
        "date": "2015-09-23"
      },
      "geometry": {
        "type": "Point",
        "coordinates": [
          -73.4908,
          6.5415
        ]
      }
    },
    {
      "type": "Feature",
      "properties": {
        "mag": 4.2,
        "depth_km": 143.2,
        "date": "2015-09-20"
      },
      "geometry": {
        "type": "Point",
        "coordinates": [
          -73.1521,
          6.8915
        ]
      }
    },
    {
      "type": "Feature",
      "properties": {
        "mag": 4.7,
        "depth_km": 18.5,
        "date": "2015-09-19"
      },
      "geometry": {
        "type": "Point",
        "coordinates": [
          -74.2489,
          6.0444
        ]
      }
    },
    {
      "type": "Feature",
      "properties": {
        "mag": 4.7,
        "depth_km": 15.5,
        "date": "2015-09-18"
      },
      "geometry": {
        "type": "Point",
        "coordinates": [
          -75.7522,
          4.1776
        ]
      }
    },
    {
      "type": "Feature",
      "properties": {
        "mag": 4.4,
        "depth_km": 151.9,
        "date": "2015-09-07"
      },
      "geometry": {
        "type": "Point",
        "coordinates": [
          -73.0673,
          6.841
        ]
      }
    },
    {
      "type": "Feature",
      "properties": {
        "mag": 4.2,
        "depth_km": 145.2,
        "date": "2015-09-07"
      },
      "geometry": {
        "type": "Point",
        "coordinates": [
          -73.0622,
          6.8311
        ]
      }
    },
    {
      "type": "Feature",
      "properties": {
        "mag": 4.6,
        "depth_km": 134.8,
        "date": "2015-09-05"
      },
      "geometry": {
        "type": "Point",
        "coordinates": [
          -76.358,
          3.9474
        ]
      }
    },
    {
      "type": "Feature",
      "properties": {
        "mag": 4.2,
        "depth_km": 143.2,
        "date": "2015-09-01"
      },
      "geometry": {
        "type": "Point",
        "coordinates": [
          -73.1794,
          6.9407
        ]
      }
    },
    {
      "type": "Feature",
      "properties": {
        "mag": 4.3,
        "depth_km": 153.2,
        "date": "2015-08-30"
      },
      "geometry": {
        "type": "Point",
        "coordinates": [
          -73.0271,
          6.7752
        ]
      }
    },
    {
      "type": "Feature",
      "properties": {
        "mag": 4.1,
        "depth_km": 154.3,
        "date": "2015-08-24"
      },
      "geometry": {
        "type": "Point",
        "coordinates": [
          -73.0025,
          6.8097
        ]
      }
    },
    {
      "type": "Feature",
      "properties": {
        "mag": 4.5,
        "depth_km": 13.1,
        "date": "2015-08-22"
      },
      "geometry": {
        "type": "Point",
        "coordinates": [
          -77.513,
          6.0298
        ]
      }
    },
    {
      "type": "Feature",
      "properties": {
        "mag": 4.3,
        "depth_km": 42.4,
        "date": "2015-08-21"
      },
      "geometry": {
        "type": "Point",
        "coordinates": [
          -75.666,
          4.4812
        ]
      }
    },
    {
      "type": "Feature",
      "properties": {
        "mag": 4.2,
        "depth_km": 159.9,
        "date": "2015-08-12"
      },
      "geometry": {
        "type": "Point",
        "coordinates": [
          -73.0128,
          6.8306
        ]
      }
    },
    {
      "type": "Feature",
      "properties": {
        "mag": 4,
        "depth_km": 141.9,
        "date": "2015-08-10"
      },
      "geometry": {
        "type": "Point",
        "coordinates": [
          -73.0643,
          6.828
        ]
      }
    },
    {
      "type": "Feature",
      "properties": {
        "mag": 4.1,
        "depth_km": 157.0,
        "date": "2015-08-04"
      },
      "geometry": {
        "type": "Point",
        "coordinates": [
          -73.0847,
          6.804
        ]
      }
    },
    {
      "type": "Feature",
      "properties": {
        "mag": 4.4,
        "depth_km": 25.9,
        "date": "2015-07-29"
      },
      "geometry": {
        "type": "Point",
        "coordinates": [
          -77.2832,
          8.3075
        ]
      }
    },
    {
      "type": "Feature",
      "properties": {
        "mag": 5.9,
        "depth_km": 12,
        "date": "2015-07-29"
      },
      "geometry": {
        "type": "Point",
        "coordinates": [
          -77.3152,
          8.2309
        ]
      }
    },
    {
      "type": "Feature",
      "properties": {
        "mag": 4.2,
        "depth_km": 155.7,
        "date": "2015-07-26"
      },
      "geometry": {
        "type": "Point",
        "coordinates": [
          -73.075,
          6.7602
        ]
      }
    },
    {
      "type": "Feature",
      "properties": {
        "mag": 4.2,
        "depth_km": 147.8,
        "date": "2015-07-26"
      },
      "geometry": {
        "type": "Point",
        "coordinates": [
          -73.1014,
          6.8911
        ]
      }
    },
    {
      "type": "Feature",
      "properties": {
        "mag": 4.7,
        "depth_km": 150.0,
        "date": "2015-07-14"
      },
      "geometry": {
        "type": "Point",
        "coordinates": [
          -73.011,
          6.8063
        ]
      }
    },
    {
      "type": "Feature",
      "properties": {
        "mag": 4.4,
        "depth_km": 20.3,
        "date": "2015-07-11"
      },
      "geometry": {
        "type": "Point",
        "coordinates": [
          -77.989,
          7.2988
        ]
      }
    },
    {
      "type": "Feature",
      "properties": {
        "mag": 4.5,
        "depth_km": 156.6,
        "date": "2015-07-05"
      },
      "geometry": {
        "type": "Point",
        "coordinates": [
          -73.0116,
          6.8078
        ]
      }
    },
    {
      "type": "Feature",
      "properties": {
        "mag": 4.6,
        "depth_km": 143.7,
        "date": "2015-07-01"
      },
      "geometry": {
        "type": "Point",
        "coordinates": [
          -73.0132,
          6.8576
        ]
      }
    },
    {
      "type": "Feature",
      "properties": {
        "mag": 4.3,
        "depth_km": 152.3,
        "date": "2015-06-22"
      },
      "geometry": {
        "type": "Point",
        "coordinates": [
          -73.033,
          6.8163
        ]
      }
    },
    {
      "type": "Feature",
      "properties": {
        "mag": 4.1,
        "depth_km": 138.0,
        "date": "2015-06-19"
      },
      "geometry": {
        "type": "Point",
        "coordinates": [
          -73.1901,
          6.9134
        ]
      }
    },
    {
      "type": "Feature",
      "properties": {
        "mag": 4.3,
        "depth_km": 151,
        "date": "2015-06-10"
      },
      "geometry": {
        "type": "Point",
        "coordinates": [
          -73.06,
          6.78
        ]
      }
    },
    {
      "type": "Feature",
      "properties": {
        "mag": 4.1,
        "depth_km": 20.4,
        "date": "2015-06-06"
      },
      "geometry": {
        "type": "Point",
        "coordinates": [
          -76.7643,
          7.0544
        ]
      }
    },
    {
      "type": "Feature",
      "properties": {
        "mag": 4.3,
        "depth_km": 149.7,
        "date": "2015-05-07"
      },
      "geometry": {
        "type": "Point",
        "coordinates": [
          -73.1039,
          6.8609
        ]
      }
    },
    {
      "type": "Feature",
      "properties": {
        "mag": 4.3,
        "depth_km": 164.1,
        "date": "2015-05-04"
      },
      "geometry": {
        "type": "Point",
        "coordinates": [
          -73.0325,
          6.7844
        ]
      }
    },
    {
      "type": "Feature",
      "properties": {
        "mag": 4.6,
        "depth_km": 153.9,
        "date": "2015-05-02"
      },
      "geometry": {
        "type": "Point",
        "coordinates": [
          -73.0066,
          6.7731
        ]
      }
    },
    {
      "type": "Feature",
      "properties": {
        "mag": 4.3,
        "depth_km": 171.0,
        "date": "2015-04-27"
      },
      "geometry": {
        "type": "Point",
        "coordinates": [
          -72.9039,
          6.7256
        ]
      }
    },
    {
      "type": "Feature",
      "properties": {
        "mag": 4.3,
        "depth_km": 160.7,
        "date": "2015-04-27"
      },
      "geometry": {
        "type": "Point",
        "coordinates": [
          -72.9588,
          6.7933
        ]
      }
    },
    {
      "type": "Feature",
      "properties": {
        "mag": 4.5,
        "depth_km": 51.0,
        "date": "2015-04-11"
      },
      "geometry": {
        "type": "Point",
        "coordinates": [
          -73.1375,
          6.3864
        ]
      }
    },
    {
      "type": "Feature",
      "properties": {
        "mag": 4.5,
        "depth_km": 89.7,
        "date": "2015-04-07"
      },
      "geometry": {
        "type": "Point",
        "coordinates": [
          -76.5652,
          5.4632
        ]
      }
    },
    {
      "type": "Feature",
      "properties": {
        "mag": 4.2,
        "depth_km": 170.2,
        "date": "2015-04-06"
      },
      "geometry": {
        "type": "Point",
        "coordinates": [
          -72.8412,
          6.6213
        ]
      }
    },
    {
      "type": "Feature",
      "properties": {
        "mag": 4.3,
        "depth_km": 173.3,
        "date": "2015-03-25"
      },
      "geometry": {
        "type": "Point",
        "coordinates": [
          -72.9683,
          6.7571
        ]
      }
    },
    {
      "type": "Feature",
      "properties": {
        "mag": 4.3,
        "depth_km": 160.7,
        "date": "2015-03-24"
      },
      "geometry": {
        "type": "Point",
        "coordinates": [
          -73.0317,
          6.8316
        ]
      }
    },
    {
      "type": "Feature",
      "properties": {
        "mag": 5.1,
        "depth_km": 154.6,
        "date": "2015-03-22"
      },
      "geometry": {
        "type": "Point",
        "coordinates": [
          -73.147,
          6.804
        ]
      }
    },
    {
      "type": "Feature",
      "properties": {
        "mag": 4.5,
        "depth_km": 151.2,
        "date": "2015-03-14"
      },
      "geometry": {
        "type": "Point",
        "coordinates": [
          -73.157,
          6.811
        ]
      }
    },
    {
      "type": "Feature",
      "properties": {
        "mag": 6.2,
        "depth_km": 155,
        "date": "2015-03-10"
      },
      "geometry": {
        "type": "Point",
        "coordinates": [
          -72.9875,
          6.7757
        ]
      }
    },
    {
      "type": "Feature",
      "properties": {
        "mag": 4.4,
        "depth_km": 165.2,
        "date": "2015-03-02"
      },
      "geometry": {
        "type": "Point",
        "coordinates": [
          -72.9547,
          6.7569
        ]
      }
    },
    {
      "type": "Feature",
      "properties": {
        "mag": 4.7,
        "depth_km": 152.5,
        "date": "2015-02-24"
      },
      "geometry": {
        "type": "Point",
        "coordinates": [
          -73.117,
          6.842
        ]
      }
    },
    {
      "type": "Feature",
      "properties": {
        "mag": 5.1,
        "depth_km": 95,
        "date": "2015-02-21"
      },
      "geometry": {
        "type": "Point",
        "coordinates": [
          -76.18,
          4.67
        ]
      }
    },
    {
      "type": "Feature",
      "properties": {
        "mag": 4.3,
        "depth_km": 172.7,
        "date": "2015-02-21"
      },
      "geometry": {
        "type": "Point",
        "coordinates": [
          -72.9878,
          6.7199
        ]
      }
    },
    {
      "type": "Feature",
      "properties": {
        "mag": 4.4,
        "depth_km": 166.1,
        "date": "2015-02-20"
      },
      "geometry": {
        "type": "Point",
        "coordinates": [
          -73.0392,
          6.7741
        ]
      }
    },
    {
      "type": "Feature",
      "properties": {
        "mag": 4.3,
        "depth_km": 166.0,
        "date": "2015-02-13"
      },
      "geometry": {
        "type": "Point",
        "coordinates": [
          -73.0108,
          6.7625
        ]
      }
    },
    {
      "type": "Feature",
      "properties": {
        "mag": 4.3,
        "depth_km": 138.9,
        "date": "2015-02-09"
      },
      "geometry": {
        "type": "Point",
        "coordinates": [
          -73.2849,
          6.4165
        ]
      }
    },
    {
      "type": "Feature",
      "properties": {
        "mag": 4.5,
        "depth_km": 165.9,
        "date": "2015-01-25"
      },
      "geometry": {
        "type": "Point",
        "coordinates": [
          -73.0564,
          6.7651
        ]
      }
    },
    {
      "type": "Feature",
      "properties": {
        "mag": 4,
        "depth_km": 167.1,
        "date": "2015-01-14"
      },
      "geometry": {
        "type": "Point",
        "coordinates": [
          -72.911,
          6.723
        ]
      }
    },
    {
      "type": "Feature",
      "properties": {
        "mag": 4.4,
        "depth_km": 39.9,
        "date": "2015-01-10"
      },
      "geometry": {
        "type": "Point",
        "coordinates": [
          -77.1279,
          8.4627
        ]
      }
    },
    {
      "type": "Feature",
      "properties": {
        "mag": 4.1,
        "depth_km": 160.0,
        "date": "2014-12-23"
      },
      "geometry": {
        "type": "Point",
        "coordinates": [
          -72.9786,
          6.7649
        ]
      }
    },
    {
      "type": "Feature",
      "properties": {
        "mag": 4.4,
        "depth_km": 55.9,
        "date": "2014-12-21"
      },
      "geometry": {
        "type": "Point",
        "coordinates": [
          -77.9047,
          6.1883
        ]
      }
    },
    {
      "type": "Feature",
      "properties": {
        "mag": 4.7,
        "depth_km": 152.3,
        "date": "2014-12-14"
      },
      "geometry": {
        "type": "Point",
        "coordinates": [
          -73.5845,
          5.3759
        ]
      }
    },
    {
      "type": "Feature",
      "properties": {
        "mag": 4.3,
        "depth_km": 167.6,
        "date": "2014-12-03"
      },
      "geometry": {
        "type": "Point",
        "coordinates": [
          -72.9049,
          6.6982
        ]
      }
    },
    {
      "type": "Feature",
      "properties": {
        "mag": 4.1,
        "depth_km": 170.3,
        "date": "2014-11-30"
      },
      "geometry": {
        "type": "Point",
        "coordinates": [
          -72.8977,
          6.7097
        ]
      }
    },
    {
      "type": "Feature",
      "properties": {
        "mag": 4.5,
        "depth_km": 14.3,
        "date": "2014-11-26"
      },
      "geometry": {
        "type": "Point",
        "coordinates": [
          -77.8586,
          5.5524
        ]
      }
    },
    {
      "type": "Feature",
      "properties": {
        "mag": 5.1,
        "depth_km": 165.9,
        "date": "2014-11-25"
      },
      "geometry": {
        "type": "Point",
        "coordinates": [
          -72.949,
          6.7588
        ]
      }
    },
    {
      "type": "Feature",
      "properties": {
        "mag": 4.7,
        "depth_km": 169.1,
        "date": "2014-11-20"
      },
      "geometry": {
        "type": "Point",
        "coordinates": [
          -72.9385,
          6.712
        ]
      }
    },
    {
      "type": "Feature",
      "properties": {
        "mag": 4.5,
        "depth_km": 136.8,
        "date": "2014-11-14"
      },
      "geometry": {
        "type": "Point",
        "coordinates": [
          -73.5204,
          6.6177
        ]
      }
    },
    {
      "type": "Feature",
      "properties": {
        "mag": 4.3,
        "depth_km": 167.5,
        "date": "2014-11-14"
      },
      "geometry": {
        "type": "Point",
        "coordinates": [
          -73.0035,
          6.8119
        ]
      }
    },
    {
      "type": "Feature",
      "properties": {
        "mag": 4.7,
        "depth_km": 146.6,
        "date": "2014-11-07"
      },
      "geometry": {
        "type": "Point",
        "coordinates": [
          -73.2467,
          6.7936
        ]
      }
    },
    {
      "type": "Feature",
      "properties": {
        "mag": 4.5,
        "depth_km": 169.3,
        "date": "2014-11-03"
      },
      "geometry": {
        "type": "Point",
        "coordinates": [
          -72.9289,
          6.7291
        ]
      }
    },
    {
      "type": "Feature",
      "properties": {
        "mag": 4.5,
        "depth_km": 120.8,
        "date": "2014-10-31"
      },
      "geometry": {
        "type": "Point",
        "coordinates": [
          -76.2802,
          4.8804
        ]
      }
    },
    {
      "type": "Feature",
      "properties": {
        "mag": 4.3,
        "depth_km": 153.4,
        "date": "2014-10-21"
      },
      "geometry": {
        "type": "Point",
        "coordinates": [
          -73.0289,
          7.4408
        ]
      }
    },
    {
      "type": "Feature",
      "properties": {
        "mag": 4.4,
        "depth_km": 131.3,
        "date": "2014-10-19"
      },
      "geometry": {
        "type": "Point",
        "coordinates": [
          -75.8767,
          4.9021
        ]
      }
    },
    {
      "type": "Feature",
      "properties": {
        "mag": 4.2,
        "depth_km": 181.6,
        "date": "2014-10-18"
      },
      "geometry": {
        "type": "Point",
        "coordinates": [
          -72.8986,
          6.6854
        ]
      }
    },
    {
      "type": "Feature",
      "properties": {
        "mag": 4.5,
        "depth_km": 164.6,
        "date": "2014-10-15"
      },
      "geometry": {
        "type": "Point",
        "coordinates": [
          -73.0239,
          6.7463
        ]
      }
    },
    {
      "type": "Feature",
      "properties": {
        "mag": 4.7,
        "depth_km": 25.2,
        "date": "2014-10-07"
      },
      "geometry": {
        "type": "Point",
        "coordinates": [
          -77.5713,
          6.2099
        ]
      }
    },
    {
      "type": "Feature",
      "properties": {
        "mag": 4.7,
        "depth_km": 166.9,
        "date": "2014-10-04"
      },
      "geometry": {
        "type": "Point",
        "coordinates": [
          -72.9688,
          6.7622
        ]
      }
    },
    {
      "type": "Feature",
      "properties": {
        "mag": 4.5,
        "depth_km": 44.3,
        "date": "2014-10-04"
      },
      "geometry": {
        "type": "Point",
        "coordinates": [
          -77.6988,
          5.4118
        ]
      }
    },
    {
      "type": "Feature",
      "properties": {
        "mag": 4.3,
        "depth_km": 169.3,
        "date": "2014-10-03"
      },
      "geometry": {
        "type": "Point",
        "coordinates": [
          -73.002,
          6.7732
        ]
      }
    },
    {
      "type": "Feature",
      "properties": {
        "mag": 4.1,
        "depth_km": 175.0,
        "date": "2014-10-02"
      },
      "geometry": {
        "type": "Point",
        "coordinates": [
          -72.923,
          6.8371
        ]
      }
    },
    {
      "type": "Feature",
      "properties": {
        "mag": 4.6,
        "depth_km": 168.7,
        "date": "2014-10-01"
      },
      "geometry": {
        "type": "Point",
        "coordinates": [
          -72.9661,
          6.7047
        ]
      }
    },
    {
      "type": "Feature",
      "properties": {
        "mag": 4.4,
        "depth_km": 158.2,
        "date": "2014-09-16"
      },
      "geometry": {
        "type": "Point",
        "coordinates": [
          -73.0411,
          6.7917
        ]
      }
    },
    {
      "type": "Feature",
      "properties": {
        "mag": 4.5,
        "depth_km": 164.9,
        "date": "2014-08-19"
      },
      "geometry": {
        "type": "Point",
        "coordinates": [
          -73.014,
          6.8001
        ]
      }
    },
    {
      "type": "Feature",
      "properties": {
        "mag": 4.1,
        "depth_km": 159.5,
        "date": "2014-08-10"
      },
      "geometry": {
        "type": "Point",
        "coordinates": [
          -72.9962,
          6.7624
        ]
      }
    },
    {
      "type": "Feature",
      "properties": {
        "mag": 4.5,
        "depth_km": 158.5,
        "date": "2014-07-26"
      },
      "geometry": {
        "type": "Point",
        "coordinates": [
          -72.9602,
          6.7243
        ]
      }
    },
    {
      "type": "Feature",
      "properties": {
        "mag": 4.3,
        "depth_km": 158.8,
        "date": "2014-07-24"
      },
      "geometry": {
        "type": "Point",
        "coordinates": [
          -73.077,
          6.8441
        ]
      }
    },
    {
      "type": "Feature",
      "properties": {
        "mag": 4.3,
        "depth_km": 152.5,
        "date": "2014-07-14"
      },
      "geometry": {
        "type": "Point",
        "coordinates": [
          -73.0421,
          6.7831
        ]
      }
    },
    {
      "type": "Feature",
      "properties": {
        "mag": 4.4,
        "depth_km": 158.2,
        "date": "2014-07-12"
      },
      "geometry": {
        "type": "Point",
        "coordinates": [
          -73.0569,
          6.873
        ]
      }
    },
    {
      "type": "Feature",
      "properties": {
        "mag": 4.2,
        "depth_km": 158.7,
        "date": "2014-07-09"
      },
      "geometry": {
        "type": "Point",
        "coordinates": [
          -73.0587,
          6.8438
        ]
      }
    },
    {
      "type": "Feature",
      "properties": {
        "mag": 4.1,
        "depth_km": 163.0,
        "date": "2014-06-30"
      },
      "geometry": {
        "type": "Point",
        "coordinates": [
          -72.9876,
          6.7078
        ]
      }
    },
    {
      "type": "Feature",
      "properties": {
        "mag": 4.3,
        "depth_km": 142,
        "date": "2014-06-27"
      },
      "geometry": {
        "type": "Point",
        "coordinates": [
          -73.142,
          6.796
        ]
      }
    },
    {
      "type": "Feature",
      "properties": {
        "mag": 4.4,
        "depth_km": 192.3,
        "date": "2014-06-21"
      },
      "geometry": {
        "type": "Point",
        "coordinates": [
          -75.3232,
          4.461
        ]
      }
    },
    {
      "type": "Feature",
      "properties": {
        "mag": 4.4,
        "depth_km": 52.2,
        "date": "2014-06-13"
      },
      "geometry": {
        "type": "Point",
        "coordinates": [
          -73.226,
          7.7442
        ]
      }
    },
    {
      "type": "Feature",
      "properties": {
        "mag": 4.3,
        "depth_km": 164.9,
        "date": "2014-06-11"
      },
      "geometry": {
        "type": "Point",
        "coordinates": [
          -72.9523,
          6.6634
        ]
      }
    },
    {
      "type": "Feature",
      "properties": {
        "mag": 4.1,
        "depth_km": 161.0,
        "date": "2014-06-10"
      },
      "geometry": {
        "type": "Point",
        "coordinates": [
          -73.0876,
          6.8104
        ]
      }
    },
    {
      "type": "Feature",
      "properties": {
        "mag": 4.2,
        "depth_km": 133.8,
        "date": "2014-06-07"
      },
      "geometry": {
        "type": "Point",
        "coordinates": [
          -73.2425,
          7.6742
        ]
      }
    },
    {
      "type": "Feature",
      "properties": {
        "mag": 4.3,
        "depth_km": 155.1,
        "date": "2014-06-06"
      },
      "geometry": {
        "type": "Point",
        "coordinates": [
          -73.0678,
          6.7685
        ]
      }
    },
    {
      "type": "Feature",
      "properties": {
        "mag": 4.3,
        "depth_km": 156.6,
        "date": "2014-05-16"
      },
      "geometry": {
        "type": "Point",
        "coordinates": [
          -72.9705,
          6.8199
        ]
      }
    },
    {
      "type": "Feature",
      "properties": {
        "mag": 4.2,
        "depth_km": 71.3,
        "date": "2014-05-14"
      },
      "geometry": {
        "type": "Point",
        "coordinates": [
          -75.4474,
          6.8535
        ]
      }
    },
    {
      "type": "Feature",
      "properties": {
        "mag": 4.3,
        "depth_km": 149.1,
        "date": "2014-05-11"
      },
      "geometry": {
        "type": "Point",
        "coordinates": [
          -73.2561,
          6.446
        ]
      }
    },
    {
      "type": "Feature",
      "properties": {
        "mag": 4.1,
        "depth_km": 144.7,
        "date": "2014-05-04"
      },
      "geometry": {
        "type": "Point",
        "coordinates": [
          -73.154,
          6.836
        ]
      }
    },
    {
      "type": "Feature",
      "properties": {
        "mag": 4.6,
        "depth_km": 28.2,
        "date": "2014-05-03"
      },
      "geometry": {
        "type": "Point",
        "coordinates": [
          -77.7416,
          5.8455
        ]
      }
    },
    {
      "type": "Feature",
      "properties": {
        "mag": 4.3,
        "depth_km": 160.8,
        "date": "2014-04-30"
      },
      "geometry": {
        "type": "Point",
        "coordinates": [
          -72.997,
          6.7437
        ]
      }
    },
    {
      "type": "Feature",
      "properties": {
        "mag": 4.5,
        "depth_km": 154,
        "date": "2014-04-30"
      },
      "geometry": {
        "type": "Point",
        "coordinates": [
          -73.129,
          6.812
        ]
      }
    },
    {
      "type": "Feature",
      "properties": {
        "mag": 4.5,
        "depth_km": 44.9,
        "date": "2014-04-17"
      },
      "geometry": {
        "type": "Point",
        "coordinates": [
          -76.4215,
          6.4994
        ]
      }
    },
    {
      "type": "Feature",
      "properties": {
        "mag": 4.4,
        "depth_km": 160.8,
        "date": "2014-03-30"
      },
      "geometry": {
        "type": "Point",
        "coordinates": [
          -72.9466,
          6.7214
        ]
      }
    },
    {
      "type": "Feature",
      "properties": {
        "mag": 4.6,
        "depth_km": 161.2,
        "date": "2014-03-29"
      },
      "geometry": {
        "type": "Point",
        "coordinates": [
          -73.0066,
          6.8081
        ]
      }
    },
    {
      "type": "Feature",
      "properties": {
        "mag": 4.5,
        "depth_km": 76.7,
        "date": "2014-03-24"
      },
      "geometry": {
        "type": "Point",
        "coordinates": [
          -74.452,
          8.2733
        ]
      }
    },
    {
      "type": "Feature",
      "properties": {
        "mag": 4.2,
        "depth_km": 157.7,
        "date": "2014-03-23"
      },
      "geometry": {
        "type": "Point",
        "coordinates": [
          -72.959,
          6.7552
        ]
      }
    },
    {
      "type": "Feature",
      "properties": {
        "mag": 4.4,
        "depth_km": 162.1,
        "date": "2014-03-22"
      },
      "geometry": {
        "type": "Point",
        "coordinates": [
          -72.9595,
          6.7449
        ]
      }
    },
    {
      "type": "Feature",
      "properties": {
        "mag": 4.5,
        "depth_km": 14.0,
        "date": "2014-03-11"
      },
      "geometry": {
        "type": "Point",
        "coordinates": [
          -77.6642,
          6.1466
        ]
      }
    },
    {
      "type": "Feature",
      "properties": {
        "mag": 4.2,
        "depth_km": 144,
        "date": "2014-02-28"
      },
      "geometry": {
        "type": "Point",
        "coordinates": [
          -73.14,
          6.8
        ]
      }
    },
    {
      "type": "Feature",
      "properties": {
        "mag": 4.3,
        "depth_km": 78.8,
        "date": "2014-02-16"
      },
      "geometry": {
        "type": "Point",
        "coordinates": [
          -74.8183,
          7.2171
        ]
      }
    },
    {
      "type": "Feature",
      "properties": {
        "mag": 5.2,
        "depth_km": 159.1,
        "date": "2014-02-07"
      },
      "geometry": {
        "type": "Point",
        "coordinates": [
          -72.9584,
          6.6913
        ]
      }
    },
    {
      "type": "Feature",
      "properties": {
        "mag": 4.2,
        "depth_km": 135,
        "date": "2014-02-07"
      },
      "geometry": {
        "type": "Point",
        "coordinates": [
          -73.2,
          7.45
        ]
      }
    },
    {
      "type": "Feature",
      "properties": {
        "mag": 4.1,
        "depth_km": 154,
        "date": "2014-02-05"
      },
      "geometry": {
        "type": "Point",
        "coordinates": [
          -73.135,
          6.803
        ]
      }
    },
    {
      "type": "Feature",
      "properties": {
        "mag": 4.5,
        "depth_km": 36.6,
        "date": "2014-02-03"
      },
      "geometry": {
        "type": "Point",
        "coordinates": [
          -77.6787,
          6.5041
        ]
      }
    },
    {
      "type": "Feature",
      "properties": {
        "mag": 4.2,
        "depth_km": 155.4,
        "date": "2014-01-28"
      },
      "geometry": {
        "type": "Point",
        "coordinates": [
          -73.0362,
          6.8324
        ]
      }
    },
    {
      "type": "Feature",
      "properties": {
        "mag": 4.5,
        "depth_km": 144,
        "date": "2014-01-21"
      },
      "geometry": {
        "type": "Point",
        "coordinates": [
          -73.16,
          6.82
        ]
      }
    },
    {
      "type": "Feature",
      "properties": {
        "mag": 4.6,
        "depth_km": 146.8,
        "date": "2014-01-21"
      },
      "geometry": {
        "type": "Point",
        "coordinates": [
          -73.135,
          6.836
        ]
      }
    },
    {
      "type": "Feature",
      "properties": {
        "mag": 4.1,
        "depth_km": 152,
        "date": "2014-01-19"
      },
      "geometry": {
        "type": "Point",
        "coordinates": [
          -73.11,
          6.81
        ]
      }
    },
    {
      "type": "Feature",
      "properties": {
        "mag": 4.2,
        "depth_km": 155.5,
        "date": "2014-01-18"
      },
      "geometry": {
        "type": "Point",
        "coordinates": [
          -73.0532,
          6.8116
        ]
      }
    },
    {
      "type": "Feature",
      "properties": {
        "mag": 4.2,
        "depth_km": 5.7,
        "date": "2014-01-16"
      },
      "geometry": {
        "type": "Point",
        "coordinates": [
          -76.3581,
          6.8138
        ]
      }
    },
    {
      "type": "Feature",
      "properties": {
        "mag": 4.2,
        "depth_km": 49.5,
        "date": "2014-01-14"
      },
      "geometry": {
        "type": "Point",
        "coordinates": [
          -76.9746,
          8.4441
        ]
      }
    },
    {
      "type": "Feature",
      "properties": {
        "mag": 4.5,
        "depth_km": 164.0,
        "date": "2014-01-13"
      },
      "geometry": {
        "type": "Point",
        "coordinates": [
          -72.968,
          6.731
        ]
      }
    },
    {
      "type": "Feature",
      "properties": {
        "mag": 5.5,
        "depth_km": 53.9,
        "date": "2014-01-05"
      },
      "geometry": {
        "type": "Point",
        "coordinates": [
          -76.644,
          4.557
        ]
      }
    },
    {
      "type": "Feature",
      "properties": {
        "mag": 4,
        "depth_km": 118.2,
        "date": "2014-01-03"
      },
      "geometry": {
        "type": "Point",
        "coordinates": [
          -73.5251,
          7.2932
        ]
      }
    },
    {
      "type": "Feature",
      "properties": {
        "mag": 4.8,
        "depth_km": 160.8,
        "date": "2013-12-30"
      },
      "geometry": {
        "type": "Point",
        "coordinates": [
          -72.9523,
          6.7139
        ]
      }
    },
    {
      "type": "Feature",
      "properties": {
        "mag": 4,
        "depth_km": 148,
        "date": "2013-12-28"
      },
      "geometry": {
        "type": "Point",
        "coordinates": [
          -73.15,
          6.8
        ]
      }
    },
    {
      "type": "Feature",
      "properties": {
        "mag": 4.6,
        "depth_km": 29,
        "date": "2013-12-26"
      },
      "geometry": {
        "type": "Point",
        "coordinates": [
          -77.63,
          5.85
        ]
      }
    },
    {
      "type": "Feature",
      "properties": {
        "mag": 4.2,
        "depth_km": 33.0,
        "date": "2013-12-26"
      },
      "geometry": {
        "type": "Point",
        "coordinates": [
          -77.6215,
          5.6977
        ]
      }
    },
    {
      "type": "Feature",
      "properties": {
        "mag": 4.4,
        "depth_km": 156.1,
        "date": "2013-12-19"
      },
      "geometry": {
        "type": "Point",
        "coordinates": [
          -73.048,
          6.8536
        ]
      }
    },
    {
      "type": "Feature",
      "properties": {
        "mag": 4.4,
        "depth_km": 158.8,
        "date": "2013-12-12"
      },
      "geometry": {
        "type": "Point",
        "coordinates": [
          -73.0716,
          6.7602
        ]
      }
    },
    {
      "type": "Feature",
      "properties": {
        "mag": 4,
        "depth_km": 152.8,
        "date": "2013-12-11"
      },
      "geometry": {
        "type": "Point",
        "coordinates": [
          -73.148,
          6.813
        ]
      }
    },
    {
      "type": "Feature",
      "properties": {
        "mag": 4.3,
        "depth_km": 166.3,
        "date": "2013-12-06"
      },
      "geometry": {
        "type": "Point",
        "coordinates": [
          -72.997,
          6.7383
        ]
      }
    },
    {
      "type": "Feature",
      "properties": {
        "mag": 4.1,
        "depth_km": 157.7,
        "date": "2013-12-04"
      },
      "geometry": {
        "type": "Point",
        "coordinates": [
          -72.9391,
          6.7012
        ]
      }
    },
    {
      "type": "Feature",
      "properties": {
        "mag": 4.2,
        "depth_km": 43.0,
        "date": "2013-11-30"
      },
      "geometry": {
        "type": "Point",
        "coordinates": [
          -76.7594,
          7.053
        ]
      }
    },
    {
      "type": "Feature",
      "properties": {
        "mag": 4,
        "depth_km": 160.8,
        "date": "2013-11-25"
      },
      "geometry": {
        "type": "Point",
        "coordinates": [
          -72.9221,
          6.7241
        ]
      }
    },
    {
      "type": "Feature",
      "properties": {
        "mag": 4.6,
        "depth_km": 160.9,
        "date": "2013-11-21"
      },
      "geometry": {
        "type": "Point",
        "coordinates": [
          -73.0236,
          6.7677
        ]
      }
    },
    {
      "type": "Feature",
      "properties": {
        "mag": 4.3,
        "depth_km": 170.3,
        "date": "2013-11-21"
      },
      "geometry": {
        "type": "Point",
        "coordinates": [
          -72.9204,
          6.7786
        ]
      }
    },
    {
      "type": "Feature",
      "properties": {
        "mag": 4.5,
        "depth_km": 177.5,
        "date": "2013-11-17"
      },
      "geometry": {
        "type": "Point",
        "coordinates": [
          -75.806,
          4.4999
        ]
      }
    },
    {
      "type": "Feature",
      "properties": {
        "mag": 4.5,
        "depth_km": 167.3,
        "date": "2013-11-06"
      },
      "geometry": {
        "type": "Point",
        "coordinates": [
          -73.0151,
          6.8381
        ]
      }
    },
    {
      "type": "Feature",
      "properties": {
        "mag": 4.3,
        "depth_km": 163.7,
        "date": "2013-11-05"
      },
      "geometry": {
        "type": "Point",
        "coordinates": [
          -73.0152,
          6.7828
        ]
      }
    },
    {
      "type": "Feature",
      "properties": {
        "mag": 4.2,
        "depth_km": 168.0,
        "date": "2013-10-28"
      },
      "geometry": {
        "type": "Point",
        "coordinates": [
          -72.9503,
          6.7546
        ]
      }
    },
    {
      "type": "Feature",
      "properties": {
        "mag": 4.3,
        "depth_km": 169.4,
        "date": "2013-10-11"
      },
      "geometry": {
        "type": "Point",
        "coordinates": [
          -73.105,
          6.7275
        ]
      }
    },
    {
      "type": "Feature",
      "properties": {
        "mag": 4,
        "depth_km": 81.7,
        "date": "2013-10-08"
      },
      "geometry": {
        "type": "Point",
        "coordinates": [
          -76.5791,
          4.181
        ]
      }
    },
    {
      "type": "Feature",
      "properties": {
        "mag": 4.3,
        "depth_km": 155.6,
        "date": "2013-09-11"
      },
      "geometry": {
        "type": "Point",
        "coordinates": [
          -73.0205,
          6.8043
        ]
      }
    },
    {
      "type": "Feature",
      "properties": {
        "mag": 4.3,
        "depth_km": 166.3,
        "date": "2013-08-31"
      },
      "geometry": {
        "type": "Point",
        "coordinates": [
          -72.9456,
          6.704
        ]
      }
    },
    {
      "type": "Feature",
      "properties": {
        "mag": 4.3,
        "depth_km": 156.4,
        "date": "2013-08-31"
      },
      "geometry": {
        "type": "Point",
        "coordinates": [
          -72.9947,
          6.7285
        ]
      }
    },
    {
      "type": "Feature",
      "properties": {
        "mag": 4,
        "depth_km": 157.4,
        "date": "2013-08-26"
      },
      "geometry": {
        "type": "Point",
        "coordinates": [
          -72.9564,
          6.7892
        ]
      }
    },
    {
      "type": "Feature",
      "properties": {
        "mag": 4.8,
        "depth_km": 25.6,
        "date": "2013-08-25"
      },
      "geometry": {
        "type": "Point",
        "coordinates": [
          -74.9026,
          7.6874
        ]
      }
    },
    {
      "type": "Feature",
      "properties": {
        "mag": 4.1,
        "depth_km": 176.3,
        "date": "2013-08-25"
      },
      "geometry": {
        "type": "Point",
        "coordinates": [
          -72.9311,
          6.7266
        ]
      }
    },
    {
      "type": "Feature",
      "properties": {
        "mag": 4.9,
        "depth_km": 10,
        "date": "2013-08-13"
      },
      "geometry": {
        "type": "Point",
        "coordinates": [
          -77.9933,
          5.6728
        ]
      }
    },
    {
      "type": "Feature",
      "properties": {
        "mag": 4.7,
        "depth_km": 28,
        "date": "2013-08-06"
      },
      "geometry": {
        "type": "Point",
        "coordinates": [
          -77.404,
          7.304
        ]
      }
    },
    {
      "type": "Feature",
      "properties": {
        "mag": 4.2,
        "depth_km": 155.3,
        "date": "2013-07-29"
      },
      "geometry": {
        "type": "Point",
        "coordinates": [
          -73.104,
          6.898
        ]
      }
    },
    {
      "type": "Feature",
      "properties": {
        "mag": 4.8,
        "depth_km": 152.8,
        "date": "2013-07-25"
      },
      "geometry": {
        "type": "Point",
        "coordinates": [
          -72.991,
          6.734
        ]
      }
    },
    {
      "type": "Feature",
      "properties": {
        "mag": 4.5,
        "depth_km": 154.9,
        "date": "2013-07-05"
      },
      "geometry": {
        "type": "Point",
        "coordinates": [
          -72.958,
          6.779
        ]
      }
    },
    {
      "type": "Feature",
      "properties": {
        "mag": 4.6,
        "depth_km": 164.9,
        "date": "2013-06-18"
      },
      "geometry": {
        "type": "Point",
        "coordinates": [
          -73.076,
          6.793
        ]
      }
    },
    {
      "type": "Feature",
      "properties": {
        "mag": 4.4,
        "depth_km": 168.9,
        "date": "2013-06-14"
      },
      "geometry": {
        "type": "Point",
        "coordinates": [
          -72.985,
          6.692
        ]
      }
    },
    {
      "type": "Feature",
      "properties": {
        "mag": 4,
        "depth_km": 111.2,
        "date": "2013-06-01"
      },
      "geometry": {
        "type": "Point",
        "coordinates": [
          -76.251,
          3.963
        ]
      }
    },
    {
      "type": "Feature",
      "properties": {
        "mag": 4.3,
        "depth_km": 162.4,
        "date": "2013-05-30"
      },
      "geometry": {
        "type": "Point",
        "coordinates": [
          -72.941,
          6.808
        ]
      }
    },
    {
      "type": "Feature",
      "properties": {
        "mag": 4.4,
        "depth_km": 77,
        "date": "2013-05-23"
      },
      "geometry": {
        "type": "Point",
        "coordinates": [
          -76.21,
          4.206
        ]
      }
    },
    {
      "type": "Feature",
      "properties": {
        "mag": 4.6,
        "depth_km": 28.6,
        "date": "2013-05-16"
      },
      "geometry": {
        "type": "Point",
        "coordinates": [
          -77.262,
          5.767
        ]
      }
    },
    {
      "type": "Feature",
      "properties": {
        "mag": 4.5,
        "depth_km": 26.5,
        "date": "2013-05-12"
      },
      "geometry": {
        "type": "Point",
        "coordinates": [
          -77.424,
          5.928
        ]
      }
    },
    {
      "type": "Feature",
      "properties": {
        "mag": 4.6,
        "depth_km": 10,
        "date": "2013-05-08"
      },
      "geometry": {
        "type": "Point",
        "coordinates": [
          -77.211,
          5.608
        ]
      }
    },
    {
      "type": "Feature",
      "properties": {
        "mag": 4.5,
        "depth_km": 6,
        "date": "2013-04-17"
      },
      "geometry": {
        "type": "Point",
        "coordinates": [
          -77.794,
          5.804
        ]
      }
    },
    {
      "type": "Feature",
      "properties": {
        "mag": 4.3,
        "depth_km": 165.6,
        "date": "2013-04-12"
      },
      "geometry": {
        "type": "Point",
        "coordinates": [
          -73.022,
          6.734
        ]
      }
    },
    {
      "type": "Feature",
      "properties": {
        "mag": 4.4,
        "depth_km": 162.5,
        "date": "2013-03-20"
      },
      "geometry": {
        "type": "Point",
        "coordinates": [
          -73.078,
          6.754
        ]
      }
    },
    {
      "type": "Feature",
      "properties": {
        "mag": 4.6,
        "depth_km": 156.6,
        "date": "2013-03-13"
      },
      "geometry": {
        "type": "Point",
        "coordinates": [
          -72.958,
          6.744
        ]
      }
    },
    {
      "type": "Feature",
      "properties": {
        "mag": 4.4,
        "depth_km": 68.3,
        "date": "2013-03-09"
      },
      "geometry": {
        "type": "Point",
        "coordinates": [
          -74.731,
          7.433
        ]
      }
    },
    {
      "type": "Feature",
      "properties": {
        "mag": 4.6,
        "depth_km": 32,
        "date": "2013-02-08"
      },
      "geometry": {
        "type": "Point",
        "coordinates": [
          -76.744,
          7.097
        ]
      }
    },
    {
      "type": "Feature",
      "properties": {
        "mag": 4.6,
        "depth_km": 145.4,
        "date": "2013-01-02"
      },
      "geometry": {
        "type": "Point",
        "coordinates": [
          -76.274,
          4.101
        ]
      }
    },
    {
      "type": "Feature",
      "properties": {
        "mag": 4.3,
        "depth_km": 165.6,
        "date": "2012-12-19"
      },
      "geometry": {
        "type": "Point",
        "coordinates": [
          -72.975,
          6.786
        ]
      }
    },
    {
      "type": "Feature",
      "properties": {
        "mag": 4.6,
        "depth_km": 14.5,
        "date": "2012-12-16"
      },
      "geometry": {
        "type": "Point",
        "coordinates": [
          -78.075,
          5.874
        ]
      }
    },
    {
      "type": "Feature",
      "properties": {
        "mag": 4.3,
        "depth_km": 152,
        "date": "2012-11-25"
      },
      "geometry": {
        "type": "Point",
        "coordinates": [
          -73.161,
          6.824
        ]
      }
    },
    {
      "type": "Feature",
      "properties": {
        "mag": 4.5,
        "depth_km": 160.6,
        "date": "2012-11-05"
      },
      "geometry": {
        "type": "Point",
        "coordinates": [
          -72.896,
          6.728
        ]
      }
    },
    {
      "type": "Feature",
      "properties": {
        "mag": 4.4,
        "depth_km": 164.4,
        "date": "2012-10-30"
      },
      "geometry": {
        "type": "Point",
        "coordinates": [
          -72.97,
          6.749
        ]
      }
    },
    {
      "type": "Feature",
      "properties": {
        "mag": 4.4,
        "depth_km": 159,
        "date": "2012-10-20"
      },
      "geometry": {
        "type": "Point",
        "coordinates": [
          -73.063,
          6.761
        ]
      }
    },
    {
      "type": "Feature",
      "properties": {
        "mag": 4.3,
        "depth_km": 40.1,
        "date": "2012-09-30"
      },
      "geometry": {
        "type": "Point",
        "coordinates": [
          -77.087,
          8.411
        ]
      }
    },
    {
      "type": "Feature",
      "properties": {
        "mag": 4.3,
        "depth_km": 147,
        "date": "2012-09-26"
      },
      "geometry": {
        "type": "Point",
        "coordinates": [
          -73.14,
          6.82
        ]
      }
    },
    {
      "type": "Feature",
      "properties": {
        "mag": 4.3,
        "depth_km": 66.6,
        "date": "2012-09-07"
      },
      "geometry": {
        "type": "Point",
        "coordinates": [
          -75.127,
          7.337
        ]
      }
    },
    {
      "type": "Feature",
      "properties": {
        "mag": 5.1,
        "depth_km": 163.9,
        "date": "2012-09-01"
      },
      "geometry": {
        "type": "Point",
        "coordinates": [
          -72.919,
          6.719
        ]
      }
    },
    {
      "type": "Feature",
      "properties": {
        "mag": 4.4,
        "depth_km": 155.2,
        "date": "2012-08-28"
      },
      "geometry": {
        "type": "Point",
        "coordinates": [
          -72.93,
          6.668
        ]
      }
    },
    {
      "type": "Feature",
      "properties": {
        "mag": 4,
        "depth_km": 43.1,
        "date": "2012-08-20"
      },
      "geometry": {
        "type": "Point",
        "coordinates": [
          -73.302,
          5.465
        ]
      }
    },
    {
      "type": "Feature",
      "properties": {
        "mag": 4.1,
        "depth_km": 155.9,
        "date": "2012-08-20"
      },
      "geometry": {
        "type": "Point",
        "coordinates": [
          -73.146,
          6.755
        ]
      }
    },
    {
      "type": "Feature",
      "properties": {
        "mag": 4.2,
        "depth_km": 156.5,
        "date": "2012-08-06"
      },
      "geometry": {
        "type": "Point",
        "coordinates": [
          -73.153,
          6.776
        ]
      }
    },
    {
      "type": "Feature",
      "properties": {
        "mag": 4.3,
        "depth_km": 51.9,
        "date": "2012-07-31"
      },
      "geometry": {
        "type": "Point",
        "coordinates": [
          -76.638,
          6.993
        ]
      }
    },
    {
      "type": "Feature",
      "properties": {
        "mag": 4.5,
        "depth_km": 63.1,
        "date": "2012-07-31"
      },
      "geometry": {
        "type": "Point",
        "coordinates": [
          -75.918,
          4.555
        ]
      }
    },
    {
      "type": "Feature",
      "properties": {
        "mag": 4.3,
        "depth_km": 157,
        "date": "2012-07-30"
      },
      "geometry": {
        "type": "Point",
        "coordinates": [
          -73.033,
          6.8
        ]
      }
    },
    {
      "type": "Feature",
      "properties": {
        "mag": 4.2,
        "depth_km": 159.6,
        "date": "2012-07-13"
      },
      "geometry": {
        "type": "Point",
        "coordinates": [
          -73.109,
          6.719
        ]
      }
    },
    {
      "type": "Feature",
      "properties": {
        "mag": 4.3,
        "depth_km": 42.1,
        "date": "2012-07-09"
      },
      "geometry": {
        "type": "Point",
        "coordinates": [
          -73.032,
          7.378
        ]
      }
    },
    {
      "type": "Feature",
      "properties": {
        "mag": 4.2,
        "depth_km": 57.6,
        "date": "2012-06-20"
      },
      "geometry": {
        "type": "Point",
        "coordinates": [
          -74.011,
          6.47
        ]
      }
    },
    {
      "type": "Feature",
      "properties": {
        "mag": 4.4,
        "depth_km": 150.6,
        "date": "2012-06-15"
      },
      "geometry": {
        "type": "Point",
        "coordinates": [
          -73.146,
          6.803
        ]
      }
    },
    {
      "type": "Feature",
      "properties": {
        "mag": 4.2,
        "depth_km": 155.6,
        "date": "2012-06-10"
      },
      "geometry": {
        "type": "Point",
        "coordinates": [
          -73.2,
          6.793
        ]
      }
    },
    {
      "type": "Feature",
      "properties": {
        "mag": 4.2,
        "depth_km": 156.3,
        "date": "2012-05-30"
      },
      "geometry": {
        "type": "Point",
        "coordinates": [
          -73.71,
          5.279
        ]
      }
    },
    {
      "type": "Feature",
      "properties": {
        "mag": 4.3,
        "depth_km": 146.7,
        "date": "2012-05-24"
      },
      "geometry": {
        "type": "Point",
        "coordinates": [
          -73.15,
          6.748
        ]
      }
    },
    {
      "type": "Feature",
      "properties": {
        "mag": 4.5,
        "depth_km": 35,
        "date": "2012-05-21"
      },
      "geometry": {
        "type": "Point",
        "coordinates": [
          -77.97,
          5.819
        ]
      }
    },
    {
      "type": "Feature",
      "properties": {
        "mag": 4.3,
        "depth_km": 155.4,
        "date": "2012-05-20"
      },
      "geometry": {
        "type": "Point",
        "coordinates": [
          -72.922,
          6.764
        ]
      }
    },
    {
      "type": "Feature",
      "properties": {
        "mag": 4.2,
        "depth_km": 48.5,
        "date": "2012-04-19"
      },
      "geometry": {
        "type": "Point",
        "coordinates": [
          -77.229,
          7.137
        ]
      }
    },
    {
      "type": "Feature",
      "properties": {
        "mag": 4.3,
        "depth_km": 159.9,
        "date": "2012-03-25"
      },
      "geometry": {
        "type": "Point",
        "coordinates": [
          -72.868,
          6.676
        ]
      }
    },
    {
      "type": "Feature",
      "properties": {
        "mag": 4.7,
        "depth_km": 117.1,
        "date": "2012-03-01"
      },
      "geometry": {
        "type": "Point",
        "coordinates": [
          -76.539,
          4.214
        ]
      }
    },
    {
      "type": "Feature",
      "properties": {
        "mag": 4.8,
        "depth_km": 143.2,
        "date": "2012-02-25"
      },
      "geometry": {
        "type": "Point",
        "coordinates": [
          -73.135,
          6.778
        ]
      }
    },
    {
      "type": "Feature",
      "properties": {
        "mag": 5.3,
        "depth_km": 161.5,
        "date": "2012-02-24"
      },
      "geometry": {
        "type": "Point",
        "coordinates": [
          -72.952,
          6.702
        ]
      }
    },
    {
      "type": "Feature",
      "properties": {
        "mag": 4.4,
        "depth_km": 154.8,
        "date": "2012-02-24"
      },
      "geometry": {
        "type": "Point",
        "coordinates": [
          -72.885,
          6.701
        ]
      }
    },
    {
      "type": "Feature",
      "properties": {
        "mag": 4.2,
        "depth_km": 163.1,
        "date": "2012-02-20"
      },
      "geometry": {
        "type": "Point",
        "coordinates": [
          -73.044,
          6.702
        ]
      }
    },
    {
      "type": "Feature",
      "properties": {
        "mag": 3.9,
        "depth_km": 16,
        "date": "2012-02-08"
      },
      "geometry": {
        "type": "Point",
        "coordinates": [
          -74.586,
          5.333
        ]
      }
    },
    {
      "type": "Feature",
      "properties": {
        "mag": 4.6,
        "depth_km": 48.1,
        "date": "2012-01-26"
      },
      "geometry": {
        "type": "Point",
        "coordinates": [
          -77.413,
          5.544
        ]
      }
    },
    {
      "type": "Feature",
      "properties": {
        "mag": 5,
        "depth_km": 37.3,
        "date": "2012-01-25"
      },
      "geometry": {
        "type": "Point",
        "coordinates": [
          -77.505,
          5.519
        ]
      }
    },
    {
      "type": "Feature",
      "properties": {
        "mag": 4.5,
        "depth_km": 10,
        "date": "2012-01-16"
      },
      "geometry": {
        "type": "Point",
        "coordinates": [
          -77.813,
          6.446
        ]
      }
    },
    {
      "type": "Feature",
      "properties": {
        "mag": 4,
        "depth_km": 158.1,
        "date": "2012-01-01"
      },
      "geometry": {
        "type": "Point",
        "coordinates": [
          -73.11,
          6.677
        ]
      }
    },
    {
      "type": "Feature",
      "properties": {
        "mag": 4.2,
        "depth_km": 144.8,
        "date": "2011-12-29"
      },
      "geometry": {
        "type": "Point",
        "coordinates": [
          -73.162,
          6.803
        ]
      }
    },
    {
      "type": "Feature",
      "properties": {
        "mag": 4.6,
        "depth_km": 35,
        "date": "2011-12-25"
      },
      "geometry": {
        "type": "Point",
        "coordinates": [
          -73.893,
          8.445
        ]
      }
    },
    {
      "type": "Feature",
      "properties": {
        "mag": 4.1,
        "depth_km": 171.9,
        "date": "2011-12-16"
      },
      "geometry": {
        "type": "Point",
        "coordinates": [
          -73.185,
          6.954
        ]
      }
    },
    {
      "type": "Feature",
      "properties": {
        "mag": 4.4,
        "depth_km": 165.2,
        "date": "2011-12-15"
      },
      "geometry": {
        "type": "Point",
        "coordinates": [
          -72.967,
          6.704
        ]
      }
    },
    {
      "type": "Feature",
      "properties": {
        "mag": 4.6,
        "depth_km": 159,
        "date": "2011-11-17"
      },
      "geometry": {
        "type": "Point",
        "coordinates": [
          -73.096,
          6.754
        ]
      }
    },
    {
      "type": "Feature",
      "properties": {
        "mag": 4.1,
        "depth_km": 161.8,
        "date": "2011-10-31"
      },
      "geometry": {
        "type": "Point",
        "coordinates": [
          -73.062,
          6.681
        ]
      }
    },
    {
      "type": "Feature",
      "properties": {
        "mag": 4.5,
        "depth_km": 155.8,
        "date": "2011-10-20"
      },
      "geometry": {
        "type": "Point",
        "coordinates": [
          -73.021,
          6.771
        ]
      }
    },
    {
      "type": "Feature",
      "properties": {
        "mag": 4.2,
        "depth_km": 158.3,
        "date": "2011-09-20"
      },
      "geometry": {
        "type": "Point",
        "coordinates": [
          -73.096,
          6.808
        ]
      }
    },
    {
      "type": "Feature",
      "properties": {
        "mag": 5.7,
        "depth_km": 10,
        "date": "2011-09-13"
      },
      "geometry": {
        "type": "Point",
        "coordinates": [
          -77.471,
          5.617
        ]
      }
    },
    {
      "type": "Feature",
      "properties": {
        "mag": 5.2,
        "depth_km": 18,
        "date": "2011-09-13"
      },
      "geometry": {
        "type": "Point",
        "coordinates": [
          -77.526,
          5.603
        ]
      }
    },
    {
      "type": "Feature",
      "properties": {
        "mag": 4.3,
        "depth_km": 49.4,
        "date": "2011-09-12"
      },
      "geometry": {
        "type": "Point",
        "coordinates": [
          -76.722,
          6.905
        ]
      }
    },
    {
      "type": "Feature",
      "properties": {
        "mag": 4.3,
        "depth_km": 170,
        "date": "2011-09-05"
      },
      "geometry": {
        "type": "Point",
        "coordinates": [
          -72.96,
          6.748
        ]
      }
    },
    {
      "type": "Feature",
      "properties": {
        "mag": 4.7,
        "depth_km": 157.2,
        "date": "2011-08-23"
      },
      "geometry": {
        "type": "Point",
        "coordinates": [
          -72.985,
          6.731
        ]
      }
    },
    {
      "type": "Feature",
      "properties": {
        "mag": 5,
        "depth_km": 50.9,
        "date": "2011-08-17"
      },
      "geometry": {
        "type": "Point",
        "coordinates": [
          -77.525,
          5.646
        ]
      }
    },
    {
      "type": "Feature",
      "properties": {
        "mag": 4.5,
        "depth_km": 47.6,
        "date": "2011-08-13"
      },
      "geometry": {
        "type": "Point",
        "coordinates": [
          -77.456,
          5.483
        ]
      }
    },
    {
      "type": "Feature",
      "properties": {
        "mag": 4.6,
        "depth_km": 65.4,
        "date": "2011-08-13"
      },
      "geometry": {
        "type": "Point",
        "coordinates": [
          -77.507,
          5.645
        ]
      }
    },
    {
      "type": "Feature",
      "properties": {
        "mag": 4.5,
        "depth_km": 62.9,
        "date": "2011-08-13"
      },
      "geometry": {
        "type": "Point",
        "coordinates": [
          -77.411,
          5.396
        ]
      }
    },
    {
      "type": "Feature",
      "properties": {
        "mag": 4.2,
        "depth_km": 35,
        "date": "2011-08-13"
      },
      "geometry": {
        "type": "Point",
        "coordinates": [
          -77.629,
          5.531
        ]
      }
    },
    {
      "type": "Feature",
      "properties": {
        "mag": 4.1,
        "depth_km": 161.2,
        "date": "2011-08-04"
      },
      "geometry": {
        "type": "Point",
        "coordinates": [
          -73.012,
          6.737
        ]
      }
    },
    {
      "type": "Feature",
      "properties": {
        "mag": 4.3,
        "depth_km": 161.4,
        "date": "2011-08-03"
      },
      "geometry": {
        "type": "Point",
        "coordinates": [
          -72.935,
          6.739
        ]
      }
    },
    {
      "type": "Feature",
      "properties": {
        "mag": 4.3,
        "depth_km": 56.8,
        "date": "2011-07-28"
      },
      "geometry": {
        "type": "Point",
        "coordinates": [
          -77.22,
          8.391
        ]
      }
    },
    {
      "type": "Feature",
      "properties": {
        "mag": 4.7,
        "depth_km": 36,
        "date": "2011-07-06"
      },
      "geometry": {
        "type": "Point",
        "coordinates": [
          -76.09,
          5.67
        ]
      }
    },
    {
      "type": "Feature",
      "properties": {
        "mag": 4.1,
        "depth_km": 157.1,
        "date": "2011-07-06"
      },
      "geometry": {
        "type": "Point",
        "coordinates": [
          -73.075,
          6.774
        ]
      }
    },
    {
      "type": "Feature",
      "properties": {
        "mag": 4.3,
        "depth_km": 158.8,
        "date": "2011-06-29"
      },
      "geometry": {
        "type": "Point",
        "coordinates": [
          -73.029,
          6.748
        ]
      }
    },
    {
      "type": "Feature",
      "properties": {
        "mag": 4.7,
        "depth_km": 158,
        "date": "2011-06-14"
      },
      "geometry": {
        "type": "Point",
        "coordinates": [
          -72.987,
          6.76
        ]
      }
    },
    {
      "type": "Feature",
      "properties": {
        "mag": 4.1,
        "depth_km": 43.2,
        "date": "2011-06-02"
      },
      "geometry": {
        "type": "Point",
        "coordinates": [
          -77.163,
          7.179
        ]
      }
    },
    {
      "type": "Feature",
      "properties": {
        "mag": 5,
        "depth_km": 79.5,
        "date": "2011-06-01"
      },
      "geometry": {
        "type": "Point",
        "coordinates": [
          -75.767,
          4.79
        ]
      }
    },
    {
      "type": "Feature",
      "properties": {
        "mag": 4.7,
        "depth_km": 164.2,
        "date": "2011-05-20"
      },
      "geometry": {
        "type": "Point",
        "coordinates": [
          -72.908,
          6.725
        ]
      }
    },
    {
      "type": "Feature",
      "properties": {
        "mag": 4.7,
        "depth_km": 153.8,
        "date": "2011-05-16"
      },
      "geometry": {
        "type": "Point",
        "coordinates": [
          -72.934,
          6.742
        ]
      }
    },
    {
      "type": "Feature",
      "properties": {
        "mag": 4.9,
        "depth_km": 163.6,
        "date": "2011-05-13"
      },
      "geometry": {
        "type": "Point",
        "coordinates": [
          -72.927,
          6.722
        ]
      }
    },
    {
      "type": "Feature",
      "properties": {
        "mag": 3.6,
        "depth_km": 13.6,
        "date": "2011-05-12"
      },
      "geometry": {
        "type": "Point",
        "coordinates": [
          -73.55,
          6.89
        ]
      }
    },
    {
      "type": "Feature",
      "properties": {
        "mag": 4.4,
        "depth_km": 159,
        "date": "2011-05-01"
      },
      "geometry": {
        "type": "Point",
        "coordinates": [
          -73.164,
          6.624
        ]
      }
    },
    {
      "type": "Feature",
      "properties": {
        "mag": 4.9,
        "depth_km": 151.2,
        "date": "2011-04-02"
      },
      "geometry": {
        "type": "Point",
        "coordinates": [
          -72.957,
          6.778
        ]
      }
    },
    {
      "type": "Feature",
      "properties": {
        "mag": 4.6,
        "depth_km": 167.2,
        "date": "2011-04-01"
      },
      "geometry": {
        "type": "Point",
        "coordinates": [
          -72.932,
          6.669
        ]
      }
    },
    {
      "type": "Feature",
      "properties": {
        "mag": 4.7,
        "depth_km": 11.6,
        "date": "2011-04-01"
      },
      "geometry": {
        "type": "Point",
        "coordinates": [
          -77.918,
          6.988
        ]
      }
    },
    {
      "type": "Feature",
      "properties": {
        "mag": 4.6,
        "depth_km": 132.5,
        "date": "2011-03-20"
      },
      "geometry": {
        "type": "Point",
        "coordinates": [
          -76.046,
          4.883
        ]
      }
    },
    {
      "type": "Feature",
      "properties": {
        "mag": 5.7,
        "depth_km": 44.2,
        "date": "2011-03-02"
      },
      "geometry": {
        "type": "Point",
        "coordinates": [
          -76.855,
          8.596
        ]
      }
    },
    {
      "type": "Feature",
      "properties": {
        "mag": 4.6,
        "depth_km": 90.8,
        "date": "2011-02-21"
      },
      "geometry": {
        "type": "Point",
        "coordinates": [
          -76.762,
          4.605
        ]
      }
    },
    {
      "type": "Feature",
      "properties": {
        "mag": 4.9,
        "depth_km": 97.5,
        "date": "2011-01-31"
      },
      "geometry": {
        "type": "Point",
        "coordinates": [
          -76.395,
          3.941
        ]
      }
    },
    {
      "type": "Feature",
      "properties": {
        "mag": 4.5,
        "depth_km": 121.6,
        "date": "2011-01-29"
      },
      "geometry": {
        "type": "Point",
        "coordinates": [
          -76.001,
          4.791
        ]
      }
    },
    {
      "type": "Feature",
      "properties": {
        "mag": 4.3,
        "depth_km": 167.6,
        "date": "2011-01-28"
      },
      "geometry": {
        "type": "Point",
        "coordinates": [
          -72.91,
          6.678
        ]
      }
    },
    {
      "type": "Feature",
      "properties": {
        "mag": 4.5,
        "depth_km": 109.6,
        "date": "2011-01-23"
      },
      "geometry": {
        "type": "Point",
        "coordinates": [
          -76.184,
          5.229
        ]
      }
    },
    {
      "type": "Feature",
      "properties": {
        "mag": 4.1,
        "depth_km": 127.9,
        "date": "2011-01-20"
      },
      "geometry": {
        "type": "Point",
        "coordinates": [
          -73.556,
          6.592
        ]
      }
    },
    {
      "type": "Feature",
      "properties": {
        "mag": 4.5,
        "depth_km": 179.2,
        "date": "2011-01-06"
      },
      "geometry": {
        "type": "Point",
        "coordinates": [
          -72.958,
          6.942
        ]
      }
    },
    {
      "type": "Feature",
      "properties": {
        "mag": 4.4,
        "depth_km": 140.1,
        "date": "2010-12-14"
      },
      "geometry": {
        "type": "Point",
        "coordinates": [
          -73.172,
          7.376
        ]
      }
    },
    {
      "type": "Feature",
      "properties": {
        "mag": 4.2,
        "depth_km": 166,
        "date": "2010-11-07"
      },
      "geometry": {
        "type": "Point",
        "coordinates": [
          -72.972,
          6.747
        ]
      }
    },
    {
      "type": "Feature",
      "properties": {
        "mag": 4.8,
        "depth_km": 156.2,
        "date": "2010-11-02"
      },
      "geometry": {
        "type": "Point",
        "coordinates": [
          -72.979,
          6.789
        ]
      }
    },
    {
      "type": "Feature",
      "properties": {
        "mag": 4.5,
        "depth_km": 145,
        "date": "2010-10-14"
      },
      "geometry": {
        "type": "Point",
        "coordinates": [
          -73.035,
          6.824
        ]
      }
    },
    {
      "type": "Feature",
      "properties": {
        "mag": 4.4,
        "depth_km": 172.1,
        "date": "2010-10-12"
      },
      "geometry": {
        "type": "Point",
        "coordinates": [
          -72.953,
          6.711
        ]
      }
    },
    {
      "type": "Feature",
      "properties": {
        "mag": 4.4,
        "depth_km": 169.7,
        "date": "2010-09-30"
      },
      "geometry": {
        "type": "Point",
        "coordinates": [
          -72.993,
          6.72
        ]
      }
    },
    {
      "type": "Feature",
      "properties": {
        "mag": 4.4,
        "depth_km": 41.5,
        "date": "2010-09-15"
      },
      "geometry": {
        "type": "Point",
        "coordinates": [
          -77.751,
          5.515
        ]
      }
    },
    {
      "type": "Feature",
      "properties": {
        "mag": 4.5,
        "depth_km": 157.9,
        "date": "2010-09-07"
      },
      "geometry": {
        "type": "Point",
        "coordinates": [
          -72.995,
          6.722
        ]
      }
    },
    {
      "type": "Feature",
      "properties": {
        "mag": 5.4,
        "depth_km": 14.5,
        "date": "2010-08-21"
      },
      "geometry": {
        "type": "Point",
        "coordinates": [
          -77.974,
          6.028
        ]
      }
    },
    {
      "type": "Feature",
      "properties": {
        "mag": 5.1,
        "depth_km": 51.4,
        "date": "2010-07-29"
      },
      "geometry": {
        "type": "Point",
        "coordinates": [
          -74.999,
          3.924
        ]
      }
    },
    {
      "type": "Feature",
      "properties": {
        "mag": 4.1,
        "depth_km": 10,
        "date": "2010-07-26"
      },
      "geometry": {
        "type": "Point",
        "coordinates": [
          -75.368,
          4.483
        ]
      }
    },
    {
      "type": "Feature",
      "properties": {
        "mag": 4.6,
        "depth_km": 53.9,
        "date": "2010-07-23"
      },
      "geometry": {
        "type": "Point",
        "coordinates": [
          -77.061,
          7.204
        ]
      }
    },
    {
      "type": "Feature",
      "properties": {
        "mag": 4.3,
        "depth_km": 35,
        "date": "2010-07-11"
      },
      "geometry": {
        "type": "Point",
        "coordinates": [
          -77.723,
          6.241
        ]
      }
    },
    {
      "type": "Feature",
      "properties": {
        "mag": 5,
        "depth_km": 39.3,
        "date": "2010-07-07"
      },
      "geometry": {
        "type": "Point",
        "coordinates": [
          -75.654,
          8.955
        ]
      }
    },
    {
      "type": "Feature",
      "properties": {
        "mag": 4.6,
        "depth_km": 163.9,
        "date": "2010-07-07"
      },
      "geometry": {
        "type": "Point",
        "coordinates": [
          -72.908,
          6.763
        ]
      }
    },
    {
      "type": "Feature",
      "properties": {
        "mag": 4.6,
        "depth_km": 158.6,
        "date": "2010-07-03"
      },
      "geometry": {
        "type": "Point",
        "coordinates": [
          -72.943,
          6.759
        ]
      }
    },
    {
      "type": "Feature",
      "properties": {
        "mag": 4.7,
        "depth_km": 51.3,
        "date": "2010-06-01"
      },
      "geometry": {
        "type": "Point",
        "coordinates": [
          -77.128,
          8.358
        ]
      }
    },
    {
      "type": "Feature",
      "properties": {
        "mag": 4.5,
        "depth_km": 102.7,
        "date": "2010-04-13"
      },
      "geometry": {
        "type": "Point",
        "coordinates": [
          -76.445,
          4.627
        ]
      }
    },
    {
      "type": "Feature",
      "properties": {
        "mag": 4.5,
        "depth_km": 155.2,
        "date": "2010-03-21"
      },
      "geometry": {
        "type": "Point",
        "coordinates": [
          -73.114,
          6.74
        ]
      }
    },
    {
      "type": "Feature",
      "properties": {
        "mag": 4.6,
        "depth_km": 153,
        "date": "2010-03-13"
      },
      "geometry": {
        "type": "Point",
        "coordinates": [
          -72.921,
          6.844
        ]
      }
    },
    {
      "type": "Feature",
      "properties": {
        "mag": 4.9,
        "depth_km": 130.9,
        "date": "2010-03-04"
      },
      "geometry": {
        "type": "Point",
        "coordinates": [
          -75.49,
          4.89
        ]
      }
    },
    {
      "type": "Feature",
      "properties": {
        "mag": 4.7,
        "depth_km": 167,
        "date": "2010-03-03"
      },
      "geometry": {
        "type": "Point",
        "coordinates": [
          -72.926,
          6.811
        ]
      }
    },
    {
      "type": "Feature",
      "properties": {
        "mag": 4.3,
        "depth_km": 172.7,
        "date": "2010-02-23"
      },
      "geometry": {
        "type": "Point",
        "coordinates": [
          -73.213,
          6.669
        ]
      }
    },
    {
      "type": "Feature",
      "properties": {
        "mag": 4.6,
        "depth_km": 154.6,
        "date": "2010-02-21"
      },
      "geometry": {
        "type": "Point",
        "coordinates": [
          -73.039,
          6.704
        ]
      }
    },
    {
      "type": "Feature",
      "properties": {
        "mag": 4.8,
        "depth_km": 166.2,
        "date": "2010-02-02"
      },
      "geometry": {
        "type": "Point",
        "coordinates": [
          -72.908,
          6.744
        ]
      }
    },
    {
      "type": "Feature",
      "properties": {
        "mag": 4.9,
        "depth_km": 131.5,
        "date": "2010-01-29"
      },
      "geometry": {
        "type": "Point",
        "coordinates": [
          -75.971,
          4.726
        ]
      }
    },
    {
      "type": "Feature",
      "properties": {
        "mag": 4.7,
        "depth_km": 157.5,
        "date": "2010-01-29"
      },
      "geometry": {
        "type": "Point",
        "coordinates": [
          -72.976,
          6.714
        ]
      }
    },
    {
      "type": "Feature",
      "properties": {
        "mag": 4.6,
        "depth_km": 164.4,
        "date": "2010-01-24"
      },
      "geometry": {
        "type": "Point",
        "coordinates": [
          -72.972,
          6.796
        ]
      }
    },
    {
      "type": "Feature",
      "properties": {
        "mag": 4.8,
        "depth_km": 180.1,
        "date": "2010-01-11"
      },
      "geometry": {
        "type": "Point",
        "coordinates": [
          -75.756,
          4.229
        ]
      }
    },
    {
      "type": "Feature",
      "properties": {
        "mag": 4.3,
        "depth_km": 152.2,
        "date": "2010-01-04"
      },
      "geometry": {
        "type": "Point",
        "coordinates": [
          -73.09,
          6.79
        ]
      }
    },
    {
      "type": "Feature",
      "properties": {
        "mag": 4.5,
        "depth_km": 167,
        "date": "2009-12-20"
      },
      "geometry": {
        "type": "Point",
        "coordinates": [
          -72.948,
          6.731
        ]
      }
    },
    {
      "type": "Feature",
      "properties": {
        "mag": 4.5,
        "depth_km": 160.3,
        "date": "2009-11-19"
      },
      "geometry": {
        "type": "Point",
        "coordinates": [
          -72.903,
          6.729
        ]
      }
    },
    {
      "type": "Feature",
      "properties": {
        "mag": 5,
        "depth_km": 101.9,
        "date": "2009-11-02"
      },
      "geometry": {
        "type": "Point",
        "coordinates": [
          -76.04,
          4.589
        ]
      }
    },
    {
      "type": "Feature",
      "properties": {
        "mag": 5.1,
        "depth_km": 161.9,
        "date": "2009-10-27"
      },
      "geometry": {
        "type": "Point",
        "coordinates": [
          -72.897,
          6.767
        ]
      }
    },
    {
      "type": "Feature",
      "properties": {
        "mag": 4.8,
        "depth_km": 169.3,
        "date": "2009-10-23"
      },
      "geometry": {
        "type": "Point",
        "coordinates": [
          -72.895,
          6.87
        ]
      }
    },
    {
      "type": "Feature",
      "properties": {
        "mag": 4.5,
        "depth_km": 164.6,
        "date": "2009-10-23"
      },
      "geometry": {
        "type": "Point",
        "coordinates": [
          -72.925,
          6.703
        ]
      }
    },
    {
      "type": "Feature",
      "properties": {
        "mag": 4.8,
        "depth_km": 149.5,
        "date": "2009-10-03"
      },
      "geometry": {
        "type": "Point",
        "coordinates": [
          -72.914,
          6.76
        ]
      }
    },
    {
      "type": "Feature",
      "properties": {
        "mag": 4.8,
        "depth_km": 90.6,
        "date": "2009-09-08"
      },
      "geometry": {
        "type": "Point",
        "coordinates": [
          -76.624,
          4.655
        ]
      }
    },
    {
      "type": "Feature",
      "properties": {
        "mag": 4.4,
        "depth_km": 158.6,
        "date": "2009-08-27"
      },
      "geometry": {
        "type": "Point",
        "coordinates": [
          -72.882,
          6.779
        ]
      }
    },
    {
      "type": "Feature",
      "properties": {
        "mag": 4.4,
        "depth_km": 164.4,
        "date": "2009-08-07"
      },
      "geometry": {
        "type": "Point",
        "coordinates": [
          -72.899,
          6.807
        ]
      }
    },
    {
      "type": "Feature",
      "properties": {
        "mag": 4.1,
        "depth_km": 0,
        "date": "2009-07-31"
      },
      "geometry": {
        "type": "Point",
        "coordinates": [
          -75.83,
          7.01
        ]
      }
    },
    {
      "type": "Feature",
      "properties": {
        "mag": 4.5,
        "depth_km": 26,
        "date": "2009-07-23"
      },
      "geometry": {
        "type": "Point",
        "coordinates": [
          -76.81,
          4.65
        ]
      }
    },
    {
      "type": "Feature",
      "properties": {
        "mag": 4.1,
        "depth_km": 41,
        "date": "2009-07-22"
      },
      "geometry": {
        "type": "Point",
        "coordinates": [
          -77.501,
          5.765
        ]
      }
    },
    {
      "type": "Feature",
      "properties": {
        "mag": 4.4,
        "depth_km": 143.5,
        "date": "2009-07-21"
      },
      "geometry": {
        "type": "Point",
        "coordinates": [
          -72.999,
          7.305
        ]
      }
    },
    {
      "type": "Feature",
      "properties": {
        "mag": 4.1,
        "depth_km": 142.5,
        "date": "2009-07-18"
      },
      "geometry": {
        "type": "Point",
        "coordinates": [
          -73.08,
          6.81
        ]
      }
    },
    {
      "type": "Feature",
      "properties": {
        "mag": 4.2,
        "depth_km": 167.2,
        "date": "2009-07-05"
      },
      "geometry": {
        "type": "Point",
        "coordinates": [
          -72.938,
          6.779
        ]
      }
    },
    {
      "type": "Feature",
      "properties": {
        "mag": 4.2,
        "depth_km": 162.1,
        "date": "2009-06-25"
      },
      "geometry": {
        "type": "Point",
        "coordinates": [
          -73.086,
          6.771
        ]
      }
    },
    {
      "type": "Feature",
      "properties": {
        "mag": 4.2,
        "depth_km": 153,
        "date": "2009-06-21"
      },
      "geometry": {
        "type": "Point",
        "coordinates": [
          -73.14,
          6.81
        ]
      }
    },
    {
      "type": "Feature",
      "properties": {
        "mag": 4.2,
        "depth_km": 161.5,
        "date": "2009-06-01"
      },
      "geometry": {
        "type": "Point",
        "coordinates": [
          -73.006,
          6.773
        ]
      }
    },
    {
      "type": "Feature",
      "properties": {
        "mag": 4.8,
        "depth_km": 9,
        "date": "2009-05-13"
      },
      "geometry": {
        "type": "Point",
        "coordinates": [
          -76.36,
          6.97
        ]
      }
    },
    {
      "type": "Feature",
      "properties": {
        "mag": 4.9,
        "depth_km": 30.3,
        "date": "2009-05-01"
      },
      "geometry": {
        "type": "Point",
        "coordinates": [
          -76.357,
          6.809
        ]
      }
    },
    {
      "type": "Feature",
      "properties": {
        "mag": 4.9,
        "depth_km": 21.2,
        "date": "2009-05-01"
      },
      "geometry": {
        "type": "Point",
        "coordinates": [
          -74.316,
          6.292
        ]
      }
    },
    {
      "type": "Feature",
      "properties": {
        "mag": 4.6,
        "depth_km": 168.4,
        "date": "2009-04-26"
      },
      "geometry": {
        "type": "Point",
        "coordinates": [
          -72.973,
          6.689
        ]
      }
    },
    {
      "type": "Feature",
      "properties": {
        "mag": 5.1,
        "depth_km": 122.7,
        "date": "2009-04-20"
      },
      "geometry": {
        "type": "Point",
        "coordinates": [
          -73.272,
          7.712
        ]
      }
    },
    {
      "type": "Feature",
      "properties": {
        "mag": 4.8,
        "depth_km": 18,
        "date": "2009-03-31"
      },
      "geometry": {
        "type": "Point",
        "coordinates": [
          -74.94,
          7.88
        ]
      }
    },
    {
      "type": "Feature",
      "properties": {
        "mag": 4.6,
        "depth_km": 156.4,
        "date": "2009-03-30"
      },
      "geometry": {
        "type": "Point",
        "coordinates": [
          -73.07,
          6.84
        ]
      }
    },
    {
      "type": "Feature",
      "properties": {
        "mag": 5,
        "depth_km": 163.2,
        "date": "2009-02-11"
      },
      "geometry": {
        "type": "Point",
        "coordinates": [
          -72.914,
          6.749
        ]
      }
    },
    {
      "type": "Feature",
      "properties": {
        "mag": 4.4,
        "depth_km": 167.7,
        "date": "2009-01-31"
      },
      "geometry": {
        "type": "Point",
        "coordinates": [
          -73.151,
          6.647
        ]
      }
    },
    {
      "type": "Feature",
      "properties": {
        "mag": 4.4,
        "depth_km": 53.5,
        "date": "2009-01-18"
      },
      "geometry": {
        "type": "Point",
        "coordinates": [
          -77.317,
          4.82
        ]
      }
    },
    {
      "type": "Feature",
      "properties": {
        "mag": 4.4,
        "depth_km": 172,
        "date": "2009-01-16"
      },
      "geometry": {
        "type": "Point",
        "coordinates": [
          -72.841,
          6.721
        ]
      }
    },
    {
      "type": "Feature",
      "properties": {
        "mag": 4.7,
        "depth_km": 58.4,
        "date": "2009-01-13"
      },
      "geometry": {
        "type": "Point",
        "coordinates": [
          -76.135,
          5.772
        ]
      }
    },
    {
      "type": "Feature",
      "properties": {
        "mag": 4,
        "depth_km": 174.4,
        "date": "2009-01-07"
      },
      "geometry": {
        "type": "Point",
        "coordinates": [
          -72.863,
          6.701
        ]
      }
    },
    {
      "type": "Feature",
      "properties": {
        "mag": 3.7,
        "depth_km": 163.3,
        "date": "2008-12-28"
      },
      "geometry": {
        "type": "Point",
        "coordinates": [
          -73.072,
          6.822
        ]
      }
    },
    {
      "type": "Feature",
      "properties": {
        "mag": 4,
        "depth_km": 170.4,
        "date": "2008-12-07"
      },
      "geometry": {
        "type": "Point",
        "coordinates": [
          -72.9,
          6.712
        ]
      }
    },
    {
      "type": "Feature",
      "properties": {
        "mag": 3.6,
        "depth_km": 164.5,
        "date": "2008-12-01"
      },
      "geometry": {
        "type": "Point",
        "coordinates": [
          -73.026,
          6.814
        ]
      }
    },
    {
      "type": "Feature",
      "properties": {
        "mag": 4.3,
        "depth_km": 170.7,
        "date": "2008-11-29"
      },
      "geometry": {
        "type": "Point",
        "coordinates": [
          -72.925,
          6.649
        ]
      }
    },
    {
      "type": "Feature",
      "properties": {
        "mag": 3.7,
        "depth_km": 170.6,
        "date": "2008-11-28"
      },
      "geometry": {
        "type": "Point",
        "coordinates": [
          -72.895,
          6.72
        ]
      }
    },
    {
      "type": "Feature",
      "properties": {
        "mag": 4.2,
        "depth_km": 162.2,
        "date": "2008-11-17"
      },
      "geometry": {
        "type": "Point",
        "coordinates": [
          -72.925,
          6.73
        ]
      }
    },
    {
      "type": "Feature",
      "properties": {
        "mag": 3.9,
        "depth_km": 35,
        "date": "2008-11-14"
      },
      "geometry": {
        "type": "Point",
        "coordinates": [
          -77.986,
          7.048
        ]
      }
    },
    {
      "type": "Feature",
      "properties": {
        "mag": 4.4,
        "depth_km": 170.9,
        "date": "2008-11-10"
      },
      "geometry": {
        "type": "Point",
        "coordinates": [
          -72.886,
          6.699
        ]
      }
    },
    {
      "type": "Feature",
      "properties": {
        "mag": 4.5,
        "depth_km": 2.7,
        "date": "2008-11-09"
      },
      "geometry": {
        "type": "Point",
        "coordinates": [
          -75.312,
          4.503
        ]
      }
    },
    {
      "type": "Feature",
      "properties": {
        "mag": 4.4,
        "depth_km": 40.1,
        "date": "2008-11-01"
      },
      "geometry": {
        "type": "Point",
        "coordinates": [
          -77.329,
          7.945
        ]
      }
    },
    {
      "type": "Feature",
      "properties": {
        "mag": 4.6,
        "depth_km": 53.5,
        "date": "2008-10-31"
      },
      "geometry": {
        "type": "Point",
        "coordinates": [
          -76.293,
          3.994
        ]
      }
    },
    {
      "type": "Feature",
      "properties": {
        "mag": 3.8,
        "depth_km": 158.8,
        "date": "2008-10-31"
      },
      "geometry": {
        "type": "Point",
        "coordinates": [
          -73.108,
          6.717
        ]
      }
    },
    {
      "type": "Feature",
      "properties": {
        "mag": 4.2,
        "depth_km": 171.2,
        "date": "2008-10-26"
      },
      "geometry": {
        "type": "Point",
        "coordinates": [
          -72.881,
          6.695
        ]
      }
    },
    {
      "type": "Feature",
      "properties": {
        "mag": 3.9,
        "depth_km": 63.3,
        "date": "2008-10-25"
      },
      "geometry": {
        "type": "Point",
        "coordinates": [
          -73.442,
          6.747
        ]
      }
    },
    {
      "type": "Feature",
      "properties": {
        "mag": 3.9,
        "depth_km": 106.7,
        "date": "2008-10-23"
      },
      "geometry": {
        "type": "Point",
        "coordinates": [
          -74.271,
          5.556
        ]
      }
    },
    {
      "type": "Feature",
      "properties": {
        "mag": 4.9,
        "depth_km": 159.4,
        "date": "2008-10-04"
      },
      "geometry": {
        "type": "Point",
        "coordinates": [
          -72.91,
          6.739
        ]
      }
    },
    {
      "type": "Feature",
      "properties": {
        "mag": 4.4,
        "depth_km": 158.2,
        "date": "2008-09-30"
      },
      "geometry": {
        "type": "Point",
        "coordinates": [
          -73.034,
          6.72
        ]
      }
    },
    {
      "type": "Feature",
      "properties": {
        "mag": 4.5,
        "depth_km": 160.8,
        "date": "2008-09-25"
      },
      "geometry": {
        "type": "Point",
        "coordinates": [
          -73.076,
          6.744
        ]
      }
    },
    {
      "type": "Feature",
      "properties": {
        "mag": 5.7,
        "depth_km": 132.9,
        "date": "2008-09-13"
      },
      "geometry": {
        "type": "Point",
        "coordinates": [
          -75.517,
          4.79
        ]
      }
    },
    {
      "type": "Feature",
      "properties": {
        "mag": 3.9,
        "depth_km": 124.6,
        "date": "2008-09-03"
      },
      "geometry": {
        "type": "Point",
        "coordinates": [
          -73.981,
          5.499
        ]
      }
    },
    {
      "type": "Feature",
      "properties": {
        "mag": 4.1,
        "depth_km": 170.1,
        "date": "2008-09-01"
      },
      "geometry": {
        "type": "Point",
        "coordinates": [
          -72.927,
          6.741
        ]
      }
    },
    {
      "type": "Feature",
      "properties": {
        "mag": 4.4,
        "depth_km": 154.4,
        "date": "2008-08-30"
      },
      "geometry": {
        "type": "Point",
        "coordinates": [
          -73.06,
          6.757
        ]
      }
    },
    {
      "type": "Feature",
      "properties": {
        "mag": 4,
        "depth_km": 145.6,
        "date": "2008-08-25"
      },
      "geometry": {
        "type": "Point",
        "coordinates": [
          -73.156,
          6.984
        ]
      }
    },
    {
      "type": "Feature",
      "properties": {
        "mag": 4,
        "depth_km": 169.2,
        "date": "2008-08-17"
      },
      "geometry": {
        "type": "Point",
        "coordinates": [
          -72.927,
          6.725
        ]
      }
    },
    {
      "type": "Feature",
      "properties": {
        "mag": 4.6,
        "depth_km": 166.5,
        "date": "2008-08-10"
      },
      "geometry": {
        "type": "Point",
        "coordinates": [
          -72.914,
          6.737
        ]
      }
    },
    {
      "type": "Feature",
      "properties": {
        "mag": 3.6,
        "depth_km": 153.6,
        "date": "2008-08-01"
      },
      "geometry": {
        "type": "Point",
        "coordinates": [
          -73.093,
          6.84
        ]
      }
    },
    {
      "type": "Feature",
      "properties": {
        "mag": 3.9,
        "depth_km": 174,
        "date": "2008-07-25"
      },
      "geometry": {
        "type": "Point",
        "coordinates": [
          -72.925,
          6.763
        ]
      }
    },
    {
      "type": "Feature",
      "properties": {
        "mag": 4.5,
        "depth_km": 47.5,
        "date": "2008-07-13"
      },
      "geometry": {
        "type": "Point",
        "coordinates": [
          -74.87,
          4.493
        ]
      }
    },
    {
      "type": "Feature",
      "properties": {
        "mag": 3.9,
        "depth_km": 34.8,
        "date": "2008-07-11"
      },
      "geometry": {
        "type": "Point",
        "coordinates": [
          -73.13,
          7.552
        ]
      }
    },
    {
      "type": "Feature",
      "properties": {
        "mag": 4.2,
        "depth_km": 173.6,
        "date": "2008-07-09"
      },
      "geometry": {
        "type": "Point",
        "coordinates": [
          -73.059,
          6.742
        ]
      }
    },
    {
      "type": "Feature",
      "properties": {
        "mag": 4.4,
        "depth_km": 164.7,
        "date": "2008-07-05"
      },
      "geometry": {
        "type": "Point",
        "coordinates": [
          -73.035,
          6.774
        ]
      }
    },
    {
      "type": "Feature",
      "properties": {
        "mag": 4,
        "depth_km": 169.7,
        "date": "2008-06-24"
      },
      "geometry": {
        "type": "Point",
        "coordinates": [
          -72.949,
          6.732
        ]
      }
    },
    {
      "type": "Feature",
      "properties": {
        "mag": 4.5,
        "depth_km": 164.1,
        "date": "2008-06-22"
      },
      "geometry": {
        "type": "Point",
        "coordinates": [
          -72.929,
          6.682
        ]
      }
    },
    {
      "type": "Feature",
      "properties": {
        "mag": 4.2,
        "depth_km": 172.3,
        "date": "2008-06-18"
      },
      "geometry": {
        "type": "Point",
        "coordinates": [
          -72.983,
          6.653
        ]
      }
    },
    {
      "type": "Feature",
      "properties": {
        "mag": 4.6,
        "depth_km": 166.9,
        "date": "2008-06-11"
      },
      "geometry": {
        "type": "Point",
        "coordinates": [
          -72.921,
          6.652
        ]
      }
    },
    {
      "type": "Feature",
      "properties": {
        "mag": 4,
        "depth_km": 26.6,
        "date": "2008-06-07"
      },
      "geometry": {
        "type": "Point",
        "coordinates": [
          -73.943,
          4.36
        ]
      }
    },
    {
      "type": "Feature",
      "properties": {
        "mag": 4,
        "depth_km": 164.5,
        "date": "2008-05-30"
      },
      "geometry": {
        "type": "Point",
        "coordinates": [
          -73.047,
          6.713
        ]
      }
    },
    {
      "type": "Feature",
      "properties": {
        "mag": 4.1,
        "depth_km": 168.2,
        "date": "2008-05-28"
      },
      "geometry": {
        "type": "Point",
        "coordinates": [
          -72.953,
          6.77
        ]
      }
    },
    {
      "type": "Feature",
      "properties": {
        "mag": 4,
        "depth_km": 4,
        "date": "2008-05-28"
      },
      "geometry": {
        "type": "Point",
        "coordinates": [
          -73.83,
          4.38
        ]
      }
    },
    {
      "type": "Feature",
      "properties": {
        "mag": 3.8,
        "depth_km": 25.1,
        "date": "2008-05-25"
      },
      "geometry": {
        "type": "Point",
        "coordinates": [
          -73.779,
          4.509
        ]
      }
    },
    {
      "type": "Feature",
      "properties": {
        "mag": 3.5,
        "depth_km": 10,
        "date": "2008-05-24"
      },
      "geometry": {
        "type": "Point",
        "coordinates": [
          -73.88,
          4.363
        ]
      }
    },
    {
      "type": "Feature",
      "properties": {
        "mag": 3.5,
        "depth_km": 73.2,
        "date": "2008-05-20"
      },
      "geometry": {
        "type": "Point",
        "coordinates": [
          -74.822,
          8.621
        ]
      }
    },
    {
      "type": "Feature",
      "properties": {
        "mag": 4.3,
        "depth_km": 159.6,
        "date": "2008-05-20"
      },
      "geometry": {
        "type": "Point",
        "coordinates": [
          -73.063,
          6.811
        ]
      }
    },
    {
      "type": "Feature",
      "properties": {
        "mag": 3.8,
        "depth_km": 171,
        "date": "2008-05-19"
      },
      "geometry": {
        "type": "Point",
        "coordinates": [
          -73.008,
          6.703
        ]
      }
    },
    {
      "type": "Feature",
      "properties": {
        "mag": 4.1,
        "depth_km": 163.6,
        "date": "2008-05-16"
      },
      "geometry": {
        "type": "Point",
        "coordinates": [
          -72.924,
          6.684
        ]
      }
    },
    {
      "type": "Feature",
      "properties": {
        "mag": 4.6,
        "depth_km": 10,
        "date": "2008-05-13"
      },
      "geometry": {
        "type": "Point",
        "coordinates": [
          -77.831,
          5.668
        ]
      }
    },
    {
      "type": "Feature",
      "properties": {
        "mag": 4.5,
        "depth_km": 164.1,
        "date": "2008-05-12"
      },
      "geometry": {
        "type": "Point",
        "coordinates": [
          -73.077,
          6.73
        ]
      }
    },
    {
      "type": "Feature",
      "properties": {
        "mag": 4.3,
        "depth_km": 164.1,
        "date": "2008-05-11"
      },
      "geometry": {
        "type": "Point",
        "coordinates": [
          -72.912,
          6.706
        ]
      }
    },
    {
      "type": "Feature",
      "properties": {
        "mag": 4.7,
        "depth_km": 165.5,
        "date": "2008-05-09"
      },
      "geometry": {
        "type": "Point",
        "coordinates": [
          -72.946,
          6.678
        ]
      }
    },
    {
      "type": "Feature",
      "properties": {
        "mag": 4.3,
        "depth_km": 36.5,
        "date": "2008-05-07"
      },
      "geometry": {
        "type": "Point",
        "coordinates": [
          -76.548,
          7.366
        ]
      }
    },
    {
      "type": "Feature",
      "properties": {
        "mag": 4.2,
        "depth_km": 168.7,
        "date": "2008-05-06"
      },
      "geometry": {
        "type": "Point",
        "coordinates": [
          -72.929,
          6.689
        ]
      }
    },
    {
      "type": "Feature",
      "properties": {
        "mag": 3.5,
        "depth_km": 161.4,
        "date": "2008-05-04"
      },
      "geometry": {
        "type": "Point",
        "coordinates": [
          -73.143,
          6.858
        ]
      }
    },
    {
      "type": "Feature",
      "properties": {
        "mag": 4.3,
        "depth_km": 146.8,
        "date": "2008-05-02"
      },
      "geometry": {
        "type": "Point",
        "coordinates": [
          -73.31,
          6.85
        ]
      }
    },
    {
      "type": "Feature",
      "properties": {
        "mag": 3.6,
        "depth_km": 163.6,
        "date": "2008-04-25"
      },
      "geometry": {
        "type": "Point",
        "coordinates": [
          -73.148,
          6.895
        ]
      }
    },
    {
      "type": "Feature",
      "properties": {
        "mag": 4.3,
        "depth_km": 69.9,
        "date": "2008-04-15"
      },
      "geometry": {
        "type": "Point",
        "coordinates": [
          -76.845,
          5.312
        ]
      }
    },
    {
      "type": "Feature",
      "properties": {
        "mag": 4.2,
        "depth_km": 39.6,
        "date": "2008-04-12"
      },
      "geometry": {
        "type": "Point",
        "coordinates": [
          -76.516,
          6.634
        ]
      }
    },
    {
      "type": "Feature",
      "properties": {
        "mag": 3.7,
        "depth_km": 170.4,
        "date": "2008-04-09"
      },
      "geometry": {
        "type": "Point",
        "coordinates": [
          -72.977,
          6.721
        ]
      }
    },
    {
      "type": "Feature",
      "properties": {
        "mag": 4.4,
        "depth_km": 85.1,
        "date": "2008-03-31"
      },
      "geometry": {
        "type": "Point",
        "coordinates": [
          -75.787,
          4.515
        ]
      }
    },
    {
      "type": "Feature",
      "properties": {
        "mag": 3.9,
        "depth_km": 172.8,
        "date": "2008-03-30"
      },
      "geometry": {
        "type": "Point",
        "coordinates": [
          -72.884,
          6.667
        ]
      }
    },
    {
      "type": "Feature",
      "properties": {
        "mag": 5,
        "depth_km": 159.8,
        "date": "2008-03-28"
      },
      "geometry": {
        "type": "Point",
        "coordinates": [
          -72.916,
          6.685
        ]
      }
    },
    {
      "type": "Feature",
      "properties": {
        "mag": 4.7,
        "depth_km": 27.6,
        "date": "2008-03-25"
      },
      "geometry": {
        "type": "Point",
        "coordinates": [
          -74.359,
          5.123
        ]
      }
    },
    {
      "type": "Feature",
      "properties": {
        "mag": 4.3,
        "depth_km": 169.4,
        "date": "2008-03-18"
      },
      "geometry": {
        "type": "Point",
        "coordinates": [
          -73.021,
          6.67
        ]
      }
    },
    {
      "type": "Feature",
      "properties": {
        "mag": 4.4,
        "depth_km": 128.9,
        "date": "2008-03-18"
      },
      "geometry": {
        "type": "Point",
        "coordinates": [
          -73.732,
          6.116
        ]
      }
    },
    {
      "type": "Feature",
      "properties": {
        "mag": 4.4,
        "depth_km": 170.9,
        "date": "2008-03-10"
      },
      "geometry": {
        "type": "Point",
        "coordinates": [
          -72.905,
          6.683
        ]
      }
    },
    {
      "type": "Feature",
      "properties": {
        "mag": 4.3,
        "depth_km": 161.3,
        "date": "2008-03-07"
      },
      "geometry": {
        "type": "Point",
        "coordinates": [
          -73.06,
          6.754
        ]
      }
    },
    {
      "type": "Feature",
      "properties": {
        "mag": 4.7,
        "depth_km": 162.5,
        "date": "2008-02-24"
      },
      "geometry": {
        "type": "Point",
        "coordinates": [
          -72.98,
          6.75
        ]
      }
    },
    {
      "type": "Feature",
      "properties": {
        "mag": 4.5,
        "depth_km": 174.8,
        "date": "2008-02-21"
      },
      "geometry": {
        "type": "Point",
        "coordinates": [
          -72.934,
          6.724
        ]
      }
    },
    {
      "type": "Feature",
      "properties": {
        "mag": 5.4,
        "depth_km": 154.9,
        "date": "2008-02-17"
      },
      "geometry": {
        "type": "Point",
        "coordinates": [
          -72.929,
          6.74
        ]
      }
    },
    {
      "type": "Feature",
      "properties": {
        "mag": 5,
        "depth_km": 36.5,
        "date": "2008-02-10"
      },
      "geometry": {
        "type": "Point",
        "coordinates": [
          -77.961,
          5.582
        ]
      }
    },
    {
      "type": "Feature",
      "properties": {
        "mag": 3.5,
        "depth_km": 165.2,
        "date": "2008-01-25"
      },
      "geometry": {
        "type": "Point",
        "coordinates": [
          -73.013,
          6.781
        ]
      }
    },
    {
      "type": "Feature",
      "properties": {
        "mag": 4.3,
        "depth_km": 13.8,
        "date": "2008-01-23"
      },
      "geometry": {
        "type": "Point",
        "coordinates": [
          -77.244,
          7.265
        ]
      }
    },
    {
      "type": "Feature",
      "properties": {
        "mag": 3.9,
        "depth_km": 62.6,
        "date": "2008-01-23"
      },
      "geometry": {
        "type": "Point",
        "coordinates": [
          -76.698,
          4.043
        ]
      }
    },
    {
      "type": "Feature",
      "properties": {
        "mag": 4.9,
        "depth_km": 175,
        "date": "2008-01-22"
      },
      "geometry": {
        "type": "Point",
        "coordinates": [
          -72.905,
          6.738
        ]
      }
    },
    {
      "type": "Feature",
      "properties": {
        "mag": 3.9,
        "depth_km": 157.4,
        "date": "2008-01-20"
      },
      "geometry": {
        "type": "Point",
        "coordinates": [
          -73.068,
          6.627
        ]
      }
    },
    {
      "type": "Feature",
      "properties": {
        "mag": 4.2,
        "depth_km": 172,
        "date": "2008-01-12"
      },
      "geometry": {
        "type": "Point",
        "coordinates": [
          -72.915,
          6.748
        ]
      }
    },
    {
      "type": "Feature",
      "properties": {
        "mag": 4.2,
        "depth_km": 172.3,
        "date": "2008-01-04"
      },
      "geometry": {
        "type": "Point",
        "coordinates": [
          -72.978,
          6.852
        ]
      }
    },
    {
      "type": "Feature",
      "properties": {
        "mag": 3.8,
        "depth_km": 68.1,
        "date": "2008-01-02"
      },
      "geometry": {
        "type": "Point",
        "coordinates": [
          -76.161,
          6.856
        ]
      }
    },
    {
      "type": "Feature",
      "properties": {
        "mag": 4.1,
        "depth_km": 156.3,
        "date": "2007-12-30"
      },
      "geometry": {
        "type": "Point",
        "coordinates": [
          -73.046,
          6.675
        ]
      }
    },
    {
      "type": "Feature",
      "properties": {
        "mag": 4.4,
        "depth_km": 163.9,
        "date": "2007-12-26"
      },
      "geometry": {
        "type": "Point",
        "coordinates": [
          -73.013,
          6.728
        ]
      }
    },
    {
      "type": "Feature",
      "properties": {
        "mag": 4.1,
        "depth_km": 168.9,
        "date": "2007-12-24"
      },
      "geometry": {
        "type": "Point",
        "coordinates": [
          -72.97,
          6.806
        ]
      }
    },
    {
      "type": "Feature",
      "properties": {
        "mag": 4.3,
        "depth_km": 161.4,
        "date": "2007-12-23"
      },
      "geometry": {
        "type": "Point",
        "coordinates": [
          -73.021,
          6.755
        ]
      }
    },
    {
      "type": "Feature",
      "properties": {
        "mag": 4.4,
        "depth_km": 167,
        "date": "2007-12-19"
      },
      "geometry": {
        "type": "Point",
        "coordinates": [
          -73.017,
          6.844
        ]
      }
    },
    {
      "type": "Feature",
      "properties": {
        "mag": 4.3,
        "depth_km": 169.7,
        "date": "2007-12-14"
      },
      "geometry": {
        "type": "Point",
        "coordinates": [
          -72.884,
          6.646
        ]
      }
    },
    {
      "type": "Feature",
      "properties": {
        "mag": 4.1,
        "depth_km": 137.8,
        "date": "2007-12-08"
      },
      "geometry": {
        "type": "Point",
        "coordinates": [
          -73.135,
          7.086
        ]
      }
    },
    {
      "type": "Feature",
      "properties": {
        "mag": 4.6,
        "depth_km": 166.2,
        "date": "2007-12-08"
      },
      "geometry": {
        "type": "Point",
        "coordinates": [
          -72.941,
          6.713
        ]
      }
    },
    {
      "type": "Feature",
      "properties": {
        "mag": 4.5,
        "depth_km": 165,
        "date": "2007-12-06"
      },
      "geometry": {
        "type": "Point",
        "coordinates": [
          -72.943,
          6.725
        ]
      }
    },
    {
      "type": "Feature",
      "properties": {
        "mag": 3.9,
        "depth_km": 164.3,
        "date": "2007-11-26"
      },
      "geometry": {
        "type": "Point",
        "coordinates": [
          -72.986,
          6.708
        ]
      }
    },
    {
      "type": "Feature",
      "properties": {
        "mag": 4.5,
        "depth_km": 156.5,
        "date": "2007-11-20"
      },
      "geometry": {
        "type": "Point",
        "coordinates": [
          -72.978,
          6.744
        ]
      }
    },
    {
      "type": "Feature",
      "properties": {
        "mag": 4.8,
        "depth_km": 25.2,
        "date": "2007-11-01"
      },
      "geometry": {
        "type": "Point",
        "coordinates": [
          -76.292,
          6.778
        ]
      }
    },
    {
      "type": "Feature",
      "properties": {
        "mag": 4.3,
        "depth_km": 167,
        "date": "2007-10-25"
      },
      "geometry": {
        "type": "Point",
        "coordinates": [
          -72.991,
          6.772
        ]
      }
    },
    {
      "type": "Feature",
      "properties": {
        "mag": 3.9,
        "depth_km": 173.4,
        "date": "2007-10-14"
      },
      "geometry": {
        "type": "Point",
        "coordinates": [
          -72.963,
          6.75
        ]
      }
    },
    {
      "type": "Feature",
      "properties": {
        "mag": 3.9,
        "depth_km": 166.6,
        "date": "2007-10-13"
      },
      "geometry": {
        "type": "Point",
        "coordinates": [
          -73.024,
          6.788
        ]
      }
    },
    {
      "type": "Feature",
      "properties": {
        "mag": 4.2,
        "depth_km": 167.8,
        "date": "2007-10-05"
      },
      "geometry": {
        "type": "Point",
        "coordinates": [
          -72.983,
          6.712
        ]
      }
    },
    {
      "type": "Feature",
      "properties": {
        "mag": 4.2,
        "depth_km": 169.4,
        "date": "2007-10-03"
      },
      "geometry": {
        "type": "Point",
        "coordinates": [
          -72.895,
          6.755
        ]
      }
    },
    {
      "type": "Feature",
      "properties": {
        "mag": 4.6,
        "depth_km": 47.8,
        "date": "2007-10-03"
      },
      "geometry": {
        "type": "Point",
        "coordinates": [
          -77.596,
          5.668
        ]
      }
    },
    {
      "type": "Feature",
      "properties": {
        "mag": 4.1,
        "depth_km": 143.7,
        "date": "2007-10-03"
      },
      "geometry": {
        "type": "Point",
        "coordinates": [
          -73.18,
          6.8
        ]
      }
    },
    {
      "type": "Feature",
      "properties": {
        "mag": 3.8,
        "depth_km": 12.3,
        "date": "2007-09-22"
      },
      "geometry": {
        "type": "Point",
        "coordinates": [
          -77.627,
          5.785
        ]
      }
    },
    {
      "type": "Feature",
      "properties": {
        "mag": 5,
        "depth_km": 24.3,
        "date": "2007-09-22"
      },
      "geometry": {
        "type": "Point",
        "coordinates": [
          -77.437,
          5.759
        ]
      }
    },
    {
      "type": "Feature",
      "properties": {
        "mag": 3.6,
        "depth_km": 79.1,
        "date": "2007-09-21"
      },
      "geometry": {
        "type": "Point",
        "coordinates": [
          -75.429,
          7.733
        ]
      }
    },
    {
      "type": "Feature",
      "properties": {
        "mag": 4.2,
        "depth_km": 169.8,
        "date": "2007-09-11"
      },
      "geometry": {
        "type": "Point",
        "coordinates": [
          -72.941,
          6.631
        ]
      }
    },
    {
      "type": "Feature",
      "properties": {
        "mag": 4.2,
        "depth_km": 161.9,
        "date": "2007-09-09"
      },
      "geometry": {
        "type": "Point",
        "coordinates": [
          -72.912,
          6.681
        ]
      }
    },
    {
      "type": "Feature",
      "properties": {
        "mag": 4,
        "depth_km": 159,
        "date": "2007-09-04"
      },
      "geometry": {
        "type": "Point",
        "coordinates": [
          -73.034,
          6.826
        ]
      }
    },
    {
      "type": "Feature",
      "properties": {
        "mag": 4.7,
        "depth_km": 95.3,
        "date": "2007-08-31"
      },
      "geometry": {
        "type": "Point",
        "coordinates": [
          -76.567,
          5.059
        ]
      }
    },
    {
      "type": "Feature",
      "properties": {
        "mag": 4.8,
        "depth_km": 140.8,
        "date": "2007-08-24"
      },
      "geometry": {
        "type": "Point",
        "coordinates": [
          -76.333,
          4.178
        ]
      }
    },
    {
      "type": "Feature",
      "properties": {
        "mag": 3.6,
        "depth_km": 161.6,
        "date": "2007-08-23"
      },
      "geometry": {
        "type": "Point",
        "coordinates": [
          -73.123,
          6.909
        ]
      }
    },
    {
      "type": "Feature",
      "properties": {
        "mag": 4.5,
        "depth_km": 168.4,
        "date": "2007-08-21"
      },
      "geometry": {
        "type": "Point",
        "coordinates": [
          -72.909,
          6.744
        ]
      }
    },
    {
      "type": "Feature",
      "properties": {
        "mag": 4.1,
        "depth_km": 169.8,
        "date": "2007-08-20"
      },
      "geometry": {
        "type": "Point",
        "coordinates": [
          -72.922,
          6.669
        ]
      }
    },
    {
      "type": "Feature",
      "properties": {
        "mag": 4.3,
        "depth_km": 173.8,
        "date": "2007-08-13"
      },
      "geometry": {
        "type": "Point",
        "coordinates": [
          -72.931,
          6.681
        ]
      }
    },
    {
      "type": "Feature",
      "properties": {
        "mag": 4,
        "depth_km": 171.2,
        "date": "2007-08-11"
      },
      "geometry": {
        "type": "Point",
        "coordinates": [
          -72.932,
          6.611
        ]
      }
    },
    {
      "type": "Feature",
      "properties": {
        "mag": 3.8,
        "depth_km": 160.6,
        "date": "2007-07-29"
      },
      "geometry": {
        "type": "Point",
        "coordinates": [
          -73.032,
          6.74
        ]
      }
    },
    {
      "type": "Feature",
      "properties": {
        "mag": 4.3,
        "depth_km": 158.7,
        "date": "2007-07-29"
      },
      "geometry": {
        "type": "Point",
        "coordinates": [
          -72.949,
          6.716
        ]
      }
    },
    {
      "type": "Feature",
      "properties": {
        "mag": 4.3,
        "depth_km": 95,
        "date": "2007-07-26"
      },
      "geometry": {
        "type": "Point",
        "coordinates": [
          -74.448,
          6.915
        ]
      }
    },
    {
      "type": "Feature",
      "properties": {
        "mag": 4.4,
        "depth_km": 189.5,
        "date": "2007-07-23"
      },
      "geometry": {
        "type": "Point",
        "coordinates": [
          -72.891,
          6.342
        ]
      }
    },
    {
      "type": "Feature",
      "properties": {
        "mag": 4.8,
        "depth_km": 35,
        "date": "2007-07-15"
      },
      "geometry": {
        "type": "Point",
        "coordinates": [
          -75.589,
          3.8
        ]
      }
    },
    {
      "type": "Feature",
      "properties": {
        "mag": 3.9,
        "depth_km": 156.7,
        "date": "2007-07-14"
      },
      "geometry": {
        "type": "Point",
        "coordinates": [
          -73.092,
          6.832
        ]
      }
    },
    {
      "type": "Feature",
      "properties": {
        "mag": 3.9,
        "depth_km": 175.8,
        "date": "2007-07-11"
      },
      "geometry": {
        "type": "Point",
        "coordinates": [
          -73.039,
          6.714
        ]
      }
    },
    {
      "type": "Feature",
      "properties": {
        "mag": 4.4,
        "depth_km": 3,
        "date": "2007-07-10"
      },
      "geometry": {
        "type": "Point",
        "coordinates": [
          -75.64,
          3.84
        ]
      }
    },
    {
      "type": "Feature",
      "properties": {
        "mag": 4.7,
        "depth_km": 156.6,
        "date": "2007-07-08"
      },
      "geometry": {
        "type": "Point",
        "coordinates": [
          -72.985,
          6.746
        ]
      }
    },
    {
      "type": "Feature",
      "properties": {
        "mag": 4.6,
        "depth_km": 4,
        "date": "2007-07-01"
      },
      "geometry": {
        "type": "Point",
        "coordinates": [
          -77.85,
          5.6
        ]
      }
    },
    {
      "type": "Feature",
      "properties": {
        "mag": 4.5,
        "depth_km": 70.3,
        "date": "2007-06-22"
      },
      "geometry": {
        "type": "Point",
        "coordinates": [
          -75.294,
          7.268
        ]
      }
    },
    {
      "type": "Feature",
      "properties": {
        "mag": 4.4,
        "depth_km": 156.1,
        "date": "2007-06-15"
      },
      "geometry": {
        "type": "Point",
        "coordinates": [
          -73.04,
          6.725
        ]
      }
    },
    {
      "type": "Feature",
      "properties": {
        "mag": 4.4,
        "depth_km": 163,
        "date": "2007-06-08"
      },
      "geometry": {
        "type": "Point",
        "coordinates": [
          -72.959,
          6.72
        ]
      }
    },
    {
      "type": "Feature",
      "properties": {
        "mag": 3.8,
        "depth_km": 169.5,
        "date": "2007-06-08"
      },
      "geometry": {
        "type": "Point",
        "coordinates": [
          -72.901,
          6.709
        ]
      }
    },
    {
      "type": "Feature",
      "properties": {
        "mag": 3.9,
        "depth_km": 169.3,
        "date": "2007-06-07"
      },
      "geometry": {
        "type": "Point",
        "coordinates": [
          -72.983,
          6.757
        ]
      }
    },
    {
      "type": "Feature",
      "properties": {
        "mag": 3.7,
        "depth_km": 174.7,
        "date": "2007-05-31"
      },
      "geometry": {
        "type": "Point",
        "coordinates": [
          -72.911,
          6.711
        ]
      }
    },
    {
      "type": "Feature",
      "properties": {
        "mag": 4.7,
        "depth_km": 164.1,
        "date": "2007-05-24"
      },
      "geometry": {
        "type": "Point",
        "coordinates": [
          -73.076,
          6.788
        ]
      }
    },
    {
      "type": "Feature",
      "properties": {
        "mag": 4,
        "depth_km": 165.1,
        "date": "2007-05-20"
      },
      "geometry": {
        "type": "Point",
        "coordinates": [
          -72.925,
          6.743
        ]
      }
    },
    {
      "type": "Feature",
      "properties": {
        "mag": 4.1,
        "depth_km": 153.3,
        "date": "2007-05-17"
      },
      "geometry": {
        "type": "Point",
        "coordinates": [
          -75.931,
          4.796
        ]
      }
    },
    {
      "type": "Feature",
      "properties": {
        "mag": 4,
        "depth_km": 48.8,
        "date": "2007-05-13"
      },
      "geometry": {
        "type": "Point",
        "coordinates": [
          -76.926,
          6.765
        ]
      }
    },
    {
      "type": "Feature",
      "properties": {
        "mag": 4,
        "depth_km": 134.5,
        "date": "2007-05-08"
      },
      "geometry": {
        "type": "Point",
        "coordinates": [
          -76.155,
          4.609
        ]
      }
    },
    {
      "type": "Feature",
      "properties": {
        "mag": 5.4,
        "depth_km": 159.7,
        "date": "2007-05-06"
      },
      "geometry": {
        "type": "Point",
        "coordinates": [
          -72.946,
          6.705
        ]
      }
    },
    {
      "type": "Feature",
      "properties": {
        "mag": 3.6,
        "depth_km": 172.1,
        "date": "2007-05-06"
      },
      "geometry": {
        "type": "Point",
        "coordinates": [
          -72.921,
          6.723
        ]
      }
    },
    {
      "type": "Feature",
      "properties": {
        "mag": 4.7,
        "depth_km": 177.6,
        "date": "2007-05-05"
      },
      "geometry": {
        "type": "Point",
        "coordinates": [
          -72.826,
          6.62
        ]
      }
    },
    {
      "type": "Feature",
      "properties": {
        "mag": 5.1,
        "depth_km": 52.6,
        "date": "2007-04-24"
      },
      "geometry": {
        "type": "Point",
        "coordinates": [
          -75.891,
          5.626
        ]
      }
    },
    {
      "type": "Feature",
      "properties": {
        "mag": 4.2,
        "depth_km": 172.6,
        "date": "2007-04-14"
      },
      "geometry": {
        "type": "Point",
        "coordinates": [
          -72.99,
          6.734
        ]
      }
    },
    {
      "type": "Feature",
      "properties": {
        "mag": 4.1,
        "depth_km": 171.7,
        "date": "2007-04-13"
      },
      "geometry": {
        "type": "Point",
        "coordinates": [
          -72.907,
          6.636
        ]
      }
    },
    {
      "type": "Feature",
      "properties": {
        "mag": 4.3,
        "depth_km": 150,
        "date": "2007-04-09"
      },
      "geometry": {
        "type": "Point",
        "coordinates": [
          -76.702,
          5.482
        ]
      }
    },
    {
      "type": "Feature",
      "properties": {
        "mag": 4.4,
        "depth_km": 173.7,
        "date": "2007-04-02"
      },
      "geometry": {
        "type": "Point",
        "coordinates": [
          -72.961,
          6.814
        ]
      }
    },
    {
      "type": "Feature",
      "properties": {
        "mag": 4.1,
        "depth_km": 171.4,
        "date": "2007-04-01"
      },
      "geometry": {
        "type": "Point",
        "coordinates": [
          -72.982,
          6.675
        ]
      }
    },
    {
      "type": "Feature",
      "properties": {
        "mag": 4.1,
        "depth_km": 170.6,
        "date": "2007-03-27"
      },
      "geometry": {
        "type": "Point",
        "coordinates": [
          -72.936,
          6.672
        ]
      }
    },
    {
      "type": "Feature",
      "properties": {
        "mag": 4.3,
        "depth_km": 177.2,
        "date": "2007-03-26"
      },
      "geometry": {
        "type": "Point",
        "coordinates": [
          -72.84,
          6.67
        ]
      }
    },
    {
      "type": "Feature",
      "properties": {
        "mag": 3.8,
        "depth_km": 178.8,
        "date": "2007-03-26"
      },
      "geometry": {
        "type": "Point",
        "coordinates": [
          -72.867,
          6.625
        ]
      }
    },
    {
      "type": "Feature",
      "properties": {
        "mag": 4.8,
        "depth_km": 157.7,
        "date": "2007-03-25"
      },
      "geometry": {
        "type": "Point",
        "coordinates": [
          -73.023,
          6.723
        ]
      }
    },
    {
      "type": "Feature",
      "properties": {
        "mag": 4.1,
        "depth_km": 161.6,
        "date": "2007-03-23"
      },
      "geometry": {
        "type": "Point",
        "coordinates": [
          -73.033,
          6.793
        ]
      }
    },
    {
      "type": "Feature",
      "properties": {
        "mag": 4.5,
        "depth_km": 178.1,
        "date": "2007-03-16"
      },
      "geometry": {
        "type": "Point",
        "coordinates": [
          -72.834,
          6.704
        ]
      }
    },
    {
      "type": "Feature",
      "properties": {
        "mag": 4.1,
        "depth_km": 179.3,
        "date": "2007-03-13"
      },
      "geometry": {
        "type": "Point",
        "coordinates": [
          -72.885,
          7.11
        ]
      }
    },
    {
      "type": "Feature",
      "properties": {
        "mag": 4.1,
        "depth_km": 156.2,
        "date": "2007-03-12"
      },
      "geometry": {
        "type": "Point",
        "coordinates": [
          -73.761,
          5.324
        ]
      }
    },
    {
      "type": "Feature",
      "properties": {
        "mag": 4.2,
        "depth_km": 171.6,
        "date": "2007-03-11"
      },
      "geometry": {
        "type": "Point",
        "coordinates": [
          -72.903,
          6.759
        ]
      }
    },
    {
      "type": "Feature",
      "properties": {
        "mag": 3.7,
        "depth_km": 169.5,
        "date": "2007-03-10"
      },
      "geometry": {
        "type": "Point",
        "coordinates": [
          -72.948,
          6.73
        ]
      }
    },
    {
      "type": "Feature",
      "properties": {
        "mag": 3.9,
        "depth_km": 163.1,
        "date": "2007-03-08"
      },
      "geometry": {
        "type": "Point",
        "coordinates": [
          -73.039,
          6.844
        ]
      }
    },
    {
      "type": "Feature",
      "properties": {
        "mag": 4.3,
        "depth_km": 62.4,
        "date": "2007-03-05"
      },
      "geometry": {
        "type": "Point",
        "coordinates": [
          -75.133,
          8.091
        ]
      }
    },
    {
      "type": "Feature",
      "properties": {
        "mag": 4.1,
        "depth_km": 140.5,
        "date": "2007-02-25"
      },
      "geometry": {
        "type": "Point",
        "coordinates": [
          -73.329,
          7.046
        ]
      }
    },
    {
      "type": "Feature",
      "properties": {
        "mag": 4.2,
        "depth_km": 111.1,
        "date": "2007-02-04"
      },
      "geometry": {
        "type": "Point",
        "coordinates": [
          -76.455,
          5.006
        ]
      }
    },
    {
      "type": "Feature",
      "properties": {
        "mag": 4.1,
        "depth_km": 127.9,
        "date": "2007-02-01"
      },
      "geometry": {
        "type": "Point",
        "coordinates": [
          -73.402,
          6.547
        ]
      }
    },
    {
      "type": "Feature",
      "properties": {
        "mag": 3.9,
        "depth_km": 165.1,
        "date": "2007-01-31"
      },
      "geometry": {
        "type": "Point",
        "coordinates": [
          -72.965,
          6.723
        ]
      }
    },
    {
      "type": "Feature",
      "properties": {
        "mag": 4.4,
        "depth_km": 166.2,
        "date": "2007-01-23"
      },
      "geometry": {
        "type": "Point",
        "coordinates": [
          -72.907,
          6.766
        ]
      }
    },
    {
      "type": "Feature",
      "properties": {
        "mag": 3.8,
        "depth_km": 55.6,
        "date": "2007-01-19"
      },
      "geometry": {
        "type": "Point",
        "coordinates": [
          -75.154,
          4.504
        ]
      }
    },
    {
      "type": "Feature",
      "properties": {
        "mag": 4.1,
        "depth_km": 182.6,
        "date": "2007-01-16"
      },
      "geometry": {
        "type": "Point",
        "coordinates": [
          -73.051,
          6.73
        ]
      }
    },
    {
      "type": "Feature",
      "properties": {
        "mag": 4,
        "depth_km": 171.9,
        "date": "2007-01-12"
      },
      "geometry": {
        "type": "Point",
        "coordinates": [
          -72.995,
          6.711
        ]
      }
    },
    {
      "type": "Feature",
      "properties": {
        "mag": 3.6,
        "depth_km": 160.1,
        "date": "2007-01-11"
      },
      "geometry": {
        "type": "Point",
        "coordinates": [
          -72.919,
          6.812
        ]
      }
    },
    {
      "type": "Feature",
      "properties": {
        "mag": 4.3,
        "depth_km": 174.5,
        "date": "2007-01-07"
      },
      "geometry": {
        "type": "Point",
        "coordinates": [
          -72.916,
          6.674
        ]
      }
    },
    {
      "type": "Feature",
      "properties": {
        "mag": 3.7,
        "depth_km": 167,
        "date": "2006-12-25"
      },
      "geometry": {
        "type": "Point",
        "coordinates": [
          -72.997,
          6.701
        ]
      }
    },
    {
      "type": "Feature",
      "properties": {
        "mag": 3.7,
        "depth_km": 166.6,
        "date": "2006-12-24"
      },
      "geometry": {
        "type": "Point",
        "coordinates": [
          -72.94,
          6.743
        ]
      }
    },
    {
      "type": "Feature",
      "properties": {
        "mag": 3.6,
        "depth_km": 159.8,
        "date": "2006-12-17"
      },
      "geometry": {
        "type": "Point",
        "coordinates": [
          -73.112,
          6.823
        ]
      }
    },
    {
      "type": "Feature",
      "properties": {
        "mag": 4.1,
        "depth_km": 34,
        "date": "2006-12-08"
      },
      "geometry": {
        "type": "Point",
        "coordinates": [
          -76.903,
          6.97
        ]
      }
    },
    {
      "type": "Feature",
      "properties": {
        "mag": 4.4,
        "depth_km": 44.7,
        "date": "2006-12-06"
      },
      "geometry": {
        "type": "Point",
        "coordinates": [
          -76.812,
          7.006
        ]
      }
    },
    {
      "type": "Feature",
      "properties": {
        "mag": 3.7,
        "depth_km": 143.5,
        "date": "2006-12-04"
      },
      "geometry": {
        "type": "Point",
        "coordinates": [
          -73.752,
          5.634
        ]
      }
    },
    {
      "type": "Feature",
      "properties": {
        "mag": 3.6,
        "depth_km": 67.2,
        "date": "2006-12-03"
      },
      "geometry": {
        "type": "Point",
        "coordinates": [
          -77.372,
          4.879
        ]
      }
    },
    {
      "type": "Feature",
      "properties": {
        "mag": 4.3,
        "depth_km": 167,
        "date": "2006-12-02"
      },
      "geometry": {
        "type": "Point",
        "coordinates": [
          -72.976,
          6.698
        ]
      }
    },
    {
      "type": "Feature",
      "properties": {
        "mag": 4.9,
        "depth_km": 157.8,
        "date": "2006-12-01"
      },
      "geometry": {
        "type": "Point",
        "coordinates": [
          -72.931,
          6.726
        ]
      }
    },
    {
      "type": "Feature",
      "properties": {
        "mag": 4.2,
        "depth_km": 168.7,
        "date": "2006-11-26"
      },
      "geometry": {
        "type": "Point",
        "coordinates": [
          -72.968,
          6.747
        ]
      }
    },
    {
      "type": "Feature",
      "properties": {
        "mag": 4.1,
        "depth_km": 35,
        "date": "2006-11-22"
      },
      "geometry": {
        "type": "Point",
        "coordinates": [
          -77.982,
          7.507
        ]
      }
    },
    {
      "type": "Feature",
      "properties": {
        "mag": 4.2,
        "depth_km": 167.5,
        "date": "2006-11-21"
      },
      "geometry": {
        "type": "Point",
        "coordinates": [
          -72.976,
          6.75
        ]
      }
    },
    {
      "type": "Feature",
      "properties": {
        "mag": 4.5,
        "depth_km": 25,
        "date": "2006-11-10"
      },
      "geometry": {
        "type": "Point",
        "coordinates": [
          -78.031,
          7.507
        ]
      }
    },
    {
      "type": "Feature",
      "properties": {
        "mag": 3.7,
        "depth_km": 166.4,
        "date": "2006-11-10"
      },
      "geometry": {
        "type": "Point",
        "coordinates": [
          -73.046,
          6.8
        ]
      }
    },
    {
      "type": "Feature",
      "properties": {
        "mag": 3.5,
        "depth_km": 162.4,
        "date": "2006-10-30"
      },
      "geometry": {
        "type": "Point",
        "coordinates": [
          -73.06,
          6.829
        ]
      }
    },
    {
      "type": "Feature",
      "properties": {
        "mag": 3.6,
        "depth_km": 165.7,
        "date": "2006-10-27"
      },
      "geometry": {
        "type": "Point",
        "coordinates": [
          -72.983,
          6.752
        ]
      }
    },
    {
      "type": "Feature",
      "properties": {
        "mag": 4.1,
        "depth_km": 157.3,
        "date": "2006-10-18"
      },
      "geometry": {
        "type": "Point",
        "coordinates": [
          -73.05,
          6.793
        ]
      }
    },
    {
      "type": "Feature",
      "properties": {
        "mag": 3.9,
        "depth_km": 163.6,
        "date": "2006-10-12"
      },
      "geometry": {
        "type": "Point",
        "coordinates": [
          -72.991,
          6.799
        ]
      }
    },
    {
      "type": "Feature",
      "properties": {
        "mag": 4.1,
        "depth_km": 167.7,
        "date": "2006-10-08"
      },
      "geometry": {
        "type": "Point",
        "coordinates": [
          -72.959,
          6.705
        ]
      }
    },
    {
      "type": "Feature",
      "properties": {
        "mag": 4.4,
        "depth_km": 161.2,
        "date": "2006-09-30"
      },
      "geometry": {
        "type": "Point",
        "coordinates": [
          -72.938,
          6.792
        ]
      }
    },
    {
      "type": "Feature",
      "properties": {
        "mag": 4.2,
        "depth_km": 24.7,
        "date": "2006-09-28"
      },
      "geometry": {
        "type": "Point",
        "coordinates": [
          -76.962,
          8.522
        ]
      }
    },
    {
      "type": "Feature",
      "properties": {
        "mag": 4.1,
        "depth_km": 169.9,
        "date": "2006-09-26"
      },
      "geometry": {
        "type": "Point",
        "coordinates": [
          -72.979,
          6.809
        ]
      }
    },
    {
      "type": "Feature",
      "properties": {
        "mag": 3.5,
        "depth_km": 135.3,
        "date": "2006-09-24"
      },
      "geometry": {
        "type": "Point",
        "coordinates": [
          -73.429,
          6.49
        ]
      }
    },
    {
      "type": "Feature",
      "properties": {
        "mag": 3.6,
        "depth_km": 35,
        "date": "2006-09-19"
      },
      "geometry": {
        "type": "Point",
        "coordinates": [
          -77.342,
          7.203
        ]
      }
    },
    {
      "type": "Feature",
      "properties": {
        "mag": 4.6,
        "depth_km": 157,
        "date": "2006-09-17"
      },
      "geometry": {
        "type": "Point",
        "coordinates": [
          -72.933,
          6.77
        ]
      }
    },
    {
      "type": "Feature",
      "properties": {
        "mag": 3.9,
        "depth_km": 173.2,
        "date": "2006-09-07"
      },
      "geometry": {
        "type": "Point",
        "coordinates": [
          -72.944,
          6.732
        ]
      }
    },
    {
      "type": "Feature",
      "properties": {
        "mag": 3.6,
        "depth_km": 165,
        "date": "2006-09-03"
      },
      "geometry": {
        "type": "Point",
        "coordinates": [
          -73.067,
          6.818
        ]
      }
    },
    {
      "type": "Feature",
      "properties": {
        "mag": 3.6,
        "depth_km": 170.9,
        "date": "2006-08-22"
      },
      "geometry": {
        "type": "Point",
        "coordinates": [
          -72.96,
          6.677
        ]
      }
    },
    {
      "type": "Feature",
      "properties": {
        "mag": 4.5,
        "depth_km": 162.5,
        "date": "2006-08-20"
      },
      "geometry": {
        "type": "Point",
        "coordinates": [
          -72.941,
          6.749
        ]
      }
    },
    {
      "type": "Feature",
      "properties": {
        "mag": 3.9,
        "depth_km": 51.5,
        "date": "2006-08-16"
      },
      "geometry": {
        "type": "Point",
        "coordinates": [
          -77.857,
          7.614
        ]
      }
    },
    {
      "type": "Feature",
      "properties": {
        "mag": 4.1,
        "depth_km": 170.6,
        "date": "2006-08-15"
      },
      "geometry": {
        "type": "Point",
        "coordinates": [
          -72.98,
          6.75
        ]
      }
    },
    {
      "type": "Feature",
      "properties": {
        "mag": 3.8,
        "depth_km": 170.8,
        "date": "2006-08-08"
      },
      "geometry": {
        "type": "Point",
        "coordinates": [
          -73.038,
          6.768
        ]
      }
    },
    {
      "type": "Feature",
      "properties": {
        "mag": 4.1,
        "depth_km": 173.5,
        "date": "2006-07-28"
      },
      "geometry": {
        "type": "Point",
        "coordinates": [
          -72.938,
          6.75
        ]
      }
    },
    {
      "type": "Feature",
      "properties": {
        "mag": 4.1,
        "depth_km": 158.3,
        "date": "2006-07-26"
      },
      "geometry": {
        "type": "Point",
        "coordinates": [
          -73.025,
          6.78
        ]
      }
    },
    {
      "type": "Feature",
      "properties": {
        "mag": 4.4,
        "depth_km": 170.7,
        "date": "2006-07-18"
      },
      "geometry": {
        "type": "Point",
        "coordinates": [
          -73.018,
          6.801
        ]
      }
    },
    {
      "type": "Feature",
      "properties": {
        "mag": 3.9,
        "depth_km": 172.4,
        "date": "2006-07-12"
      },
      "geometry": {
        "type": "Point",
        "coordinates": [
          -72.998,
          6.724
        ]
      }
    },
    {
      "type": "Feature",
      "properties": {
        "mag": 3.9,
        "depth_km": 164.8,
        "date": "2006-07-11"
      },
      "geometry": {
        "type": "Point",
        "coordinates": [
          -73.11,
          6.885
        ]
      }
    },
    {
      "type": "Feature",
      "properties": {
        "mag": 4.4,
        "depth_km": 151.3,
        "date": "2006-07-06"
      },
      "geometry": {
        "type": "Point",
        "coordinates": [
          -73.11,
          6.84
        ]
      }
    },
    {
      "type": "Feature",
      "properties": {
        "mag": 4.1,
        "depth_km": 166.9,
        "date": "2006-07-05"
      },
      "geometry": {
        "type": "Point",
        "coordinates": [
          -72.999,
          6.765
        ]
      }
    },
    {
      "type": "Feature",
      "properties": {
        "mag": 4.3,
        "depth_km": 163.3,
        "date": "2006-06-27"
      },
      "geometry": {
        "type": "Point",
        "coordinates": [
          -73.046,
          6.808
        ]
      }
    },
    {
      "type": "Feature",
      "properties": {
        "mag": 3.5,
        "depth_km": 111.9,
        "date": "2006-06-25"
      },
      "geometry": {
        "type": "Point",
        "coordinates": [
          -76.488,
          3.994
        ]
      }
    },
    {
      "type": "Feature",
      "properties": {
        "mag": 3.8,
        "depth_km": 40.2,
        "date": "2006-06-18"
      },
      "geometry": {
        "type": "Point",
        "coordinates": [
          -77.709,
          6.645
        ]
      }
    },
    {
      "type": "Feature",
      "properties": {
        "mag": 3.9,
        "depth_km": 175.9,
        "date": "2006-06-15"
      },
      "geometry": {
        "type": "Point",
        "coordinates": [
          -72.845,
          6.738
        ]
      }
    },
    {
      "type": "Feature",
      "properties": {
        "mag": 3.8,
        "depth_km": 162.3,
        "date": "2006-06-13"
      },
      "geometry": {
        "type": "Point",
        "coordinates": [
          -73.032,
          6.783
        ]
      }
    },
    {
      "type": "Feature",
      "properties": {
        "mag": 3.8,
        "depth_km": 174.6,
        "date": "2006-06-13"
      },
      "geometry": {
        "type": "Point",
        "coordinates": [
          -73.012,
          6.755
        ]
      }
    },
    {
      "type": "Feature",
      "properties": {
        "mag": 3.9,
        "depth_km": 168.9,
        "date": "2006-06-10"
      },
      "geometry": {
        "type": "Point",
        "coordinates": [
          -73.028,
          6.704
        ]
      }
    },
    {
      "type": "Feature",
      "properties": {
        "mag": 4.6,
        "depth_km": 46.4,
        "date": "2006-06-09"
      },
      "geometry": {
        "type": "Point",
        "coordinates": [
          -77.66,
          6.752
        ]
      }
    },
    {
      "type": "Feature",
      "properties": {
        "mag": 3.7,
        "depth_km": 173.2,
        "date": "2006-06-09"
      },
      "geometry": {
        "type": "Point",
        "coordinates": [
          -72.918,
          6.693
        ]
      }
    },
    {
      "type": "Feature",
      "properties": {
        "mag": 3.9,
        "depth_km": 52,
        "date": "2006-06-07"
      },
      "geometry": {
        "type": "Point",
        "coordinates": [
          -77.576,
          5.725
        ]
      }
    },
    {
      "type": "Feature",
      "properties": {
        "mag": 4,
        "depth_km": 166.8,
        "date": "2006-06-03"
      },
      "geometry": {
        "type": "Point",
        "coordinates": [
          -73.071,
          6.804
        ]
      }
    },
    {
      "type": "Feature",
      "properties": {
        "mag": 4.4,
        "depth_km": 160.6,
        "date": "2006-06-02"
      },
      "geometry": {
        "type": "Point",
        "coordinates": [
          -72.988,
          6.76
        ]
      }
    },
    {
      "type": "Feature",
      "properties": {
        "mag": 4,
        "depth_km": 168.8,
        "date": "2006-06-02"
      },
      "geometry": {
        "type": "Point",
        "coordinates": [
          -72.991,
          6.718
        ]
      }
    },
    {
      "type": "Feature",
      "properties": {
        "mag": 3.6,
        "depth_km": 37.4,
        "date": "2006-05-31"
      },
      "geometry": {
        "type": "Point",
        "coordinates": [
          -77.928,
          6.99
        ]
      }
    },
    {
      "type": "Feature",
      "properties": {
        "mag": 4.4,
        "depth_km": 118.8,
        "date": "2006-05-28"
      },
      "geometry": {
        "type": "Point",
        "coordinates": [
          -76.551,
          4.508
        ]
      }
    },
    {
      "type": "Feature",
      "properties": {
        "mag": 3.9,
        "depth_km": 170.7,
        "date": "2006-05-16"
      },
      "geometry": {
        "type": "Point",
        "coordinates": [
          -73.016,
          6.763
        ]
      }
    },
    {
      "type": "Feature",
      "properties": {
        "mag": 4.1,
        "depth_km": 40.1,
        "date": "2006-05-09"
      },
      "geometry": {
        "type": "Point",
        "coordinates": [
          -75.399,
          8.077
        ]
      }
    },
    {
      "type": "Feature",
      "properties": {
        "mag": 3.5,
        "depth_km": 134.3,
        "date": "2006-05-08"
      },
      "geometry": {
        "type": "Point",
        "coordinates": [
          -73.386,
          6.451
        ]
      }
    },
    {
      "type": "Feature",
      "properties": {
        "mag": 4.9,
        "depth_km": 172.5,
        "date": "2006-05-08"
      },
      "geometry": {
        "type": "Point",
        "coordinates": [
          -72.999,
          6.701
        ]
      }
    },
    {
      "type": "Feature",
      "properties": {
        "mag": 3.7,
        "depth_km": 168.9,
        "date": "2006-05-07"
      },
      "geometry": {
        "type": "Point",
        "coordinates": [
          -73.038,
          6.8
        ]
      }
    },
    {
      "type": "Feature",
      "properties": {
        "mag": 3.6,
        "depth_km": 87.1,
        "date": "2006-05-07"
      },
      "geometry": {
        "type": "Point",
        "coordinates": [
          -74.938,
          7.294
        ]
      }
    },
    {
      "type": "Feature",
      "properties": {
        "mag": 4.3,
        "depth_km": 96.9,
        "date": "2006-04-30"
      },
      "geometry": {
        "type": "Point",
        "coordinates": [
          -76.512,
          4.024
        ]
      }
    },
    {
      "type": "Feature",
      "properties": {
        "mag": 3.6,
        "depth_km": 154.7,
        "date": "2006-04-30"
      },
      "geometry": {
        "type": "Point",
        "coordinates": [
          -73.059,
          7.425
        ]
      }
    },
    {
      "type": "Feature",
      "properties": {
        "mag": 4.7,
        "depth_km": 160.9,
        "date": "2006-04-29"
      },
      "geometry": {
        "type": "Point",
        "coordinates": [
          -72.967,
          6.74
        ]
      }
    },
    {
      "type": "Feature",
      "properties": {
        "mag": 3.9,
        "depth_km": 57.9,
        "date": "2006-04-28"
      },
      "geometry": {
        "type": "Point",
        "coordinates": [
          -76.258,
          6.893
        ]
      }
    },
    {
      "type": "Feature",
      "properties": {
        "mag": 4,
        "depth_km": 167.7,
        "date": "2006-04-26"
      },
      "geometry": {
        "type": "Point",
        "coordinates": [
          -72.927,
          6.771
        ]
      }
    },
    {
      "type": "Feature",
      "properties": {
        "mag": 4.3,
        "depth_km": 160.5,
        "date": "2006-04-23"
      },
      "geometry": {
        "type": "Point",
        "coordinates": [
          -72.955,
          6.776
        ]
      }
    },
    {
      "type": "Feature",
      "properties": {
        "mag": 3.9,
        "depth_km": 140.8,
        "date": "2006-04-17"
      },
      "geometry": {
        "type": "Point",
        "coordinates": [
          -76.035,
          4.928
        ]
      }
    },
    {
      "type": "Feature",
      "properties": {
        "mag": 3.8,
        "depth_km": 176.8,
        "date": "2006-04-12"
      },
      "geometry": {
        "type": "Point",
        "coordinates": [
          -73.035,
          7.558
        ]
      }
    },
    {
      "type": "Feature",
      "properties": {
        "mag": 3.8,
        "depth_km": 166.1,
        "date": "2006-03-26"
      },
      "geometry": {
        "type": "Point",
        "coordinates": [
          -72.98,
          6.764
        ]
      }
    },
    {
      "type": "Feature",
      "properties": {
        "mag": 3.6,
        "depth_km": 170,
        "date": "2006-03-26"
      },
      "geometry": {
        "type": "Point",
        "coordinates": [
          -73,
          6.778
        ]
      }
    },
    {
      "type": "Feature",
      "properties": {
        "mag": 4.5,
        "depth_km": 166.7,
        "date": "2006-03-24"
      },
      "geometry": {
        "type": "Point",
        "coordinates": [
          -72.962,
          6.75
        ]
      }
    },
    {
      "type": "Feature",
      "properties": {
        "mag": 4.1,
        "depth_km": 165.2,
        "date": "2006-03-16"
      },
      "geometry": {
        "type": "Point",
        "coordinates": [
          -72.94,
          6.738
        ]
      }
    },
    {
      "type": "Feature",
      "properties": {
        "mag": 4.6,
        "depth_km": 159.4,
        "date": "2006-03-15"
      },
      "geometry": {
        "type": "Point",
        "coordinates": [
          -72.996,
          6.716
        ]
      }
    },
    {
      "type": "Feature",
      "properties": {
        "mag": 3.6,
        "depth_km": 108.3,
        "date": "2006-03-15"
      },
      "geometry": {
        "type": "Point",
        "coordinates": [
          -74.363,
          8.023
        ]
      }
    },
    {
      "type": "Feature",
      "properties": {
        "mag": 3.8,
        "depth_km": 35.9,
        "date": "2006-03-15"
      },
      "geometry": {
        "type": "Point",
        "coordinates": [
          -75.319,
          4.797
        ]
      }
    },
    {
      "type": "Feature",
      "properties": {
        "mag": 4.1,
        "depth_km": 163.2,
        "date": "2006-03-14"
      },
      "geometry": {
        "type": "Point",
        "coordinates": [
          -73.009,
          6.771
        ]
      }
    },
    {
      "type": "Feature",
      "properties": {
        "mag": 3.7,
        "depth_km": 163.6,
        "date": "2006-03-12"
      },
      "geometry": {
        "type": "Point",
        "coordinates": [
          -73.008,
          6.797
        ]
      }
    },
    {
      "type": "Feature",
      "properties": {
        "mag": 3.8,
        "depth_km": 171.4,
        "date": "2006-03-12"
      },
      "geometry": {
        "type": "Point",
        "coordinates": [
          -72.982,
          6.766
        ]
      }
    },
    {
      "type": "Feature",
      "properties": {
        "mag": 4.6,
        "depth_km": 44.6,
        "date": "2006-03-11"
      },
      "geometry": {
        "type": "Point",
        "coordinates": [
          -76.667,
          6.855
        ]
      }
    },
    {
      "type": "Feature",
      "properties": {
        "mag": 4.1,
        "depth_km": 57.1,
        "date": "2006-02-16"
      },
      "geometry": {
        "type": "Point",
        "coordinates": [
          -77.779,
          6.808
        ]
      }
    },
    {
      "type": "Feature",
      "properties": {
        "mag": 3.8,
        "depth_km": 108.4,
        "date": "2006-02-13"
      },
      "geometry": {
        "type": "Point",
        "coordinates": [
          -76.589,
          6.283
        ]
      }
    },
    {
      "type": "Feature",
      "properties": {
        "mag": 4,
        "depth_km": 170,
        "date": "2006-02-10"
      },
      "geometry": {
        "type": "Point",
        "coordinates": [
          -73.004,
          6.753
        ]
      }
    },
    {
      "type": "Feature",
      "properties": {
        "mag": 4.6,
        "depth_km": 30.7,
        "date": "2006-02-10"
      },
      "geometry": {
        "type": "Point",
        "coordinates": [
          -77.144,
          7.486
        ]
      }
    },
    {
      "type": "Feature",
      "properties": {
        "mag": 4,
        "depth_km": 170.7,
        "date": "2006-02-03"
      },
      "geometry": {
        "type": "Point",
        "coordinates": [
          -72.954,
          6.732
        ]
      }
    },
    {
      "type": "Feature",
      "properties": {
        "mag": 4.2,
        "depth_km": 29.7,
        "date": "2006-02-03"
      },
      "geometry": {
        "type": "Point",
        "coordinates": [
          -77.85,
          6.794
        ]
      }
    },
    {
      "type": "Feature",
      "properties": {
        "mag": 4.3,
        "depth_km": 64.6,
        "date": "2006-01-30"
      },
      "geometry": {
        "type": "Point",
        "coordinates": [
          -76.09,
          6.925
        ]
      }
    },
    {
      "type": "Feature",
      "properties": {
        "mag": 5.2,
        "depth_km": 17.6,
        "date": "2006-01-29"
      },
      "geometry": {
        "type": "Point",
        "coordinates": [
          -77.699,
          6.746
        ]
      }
    },
    {
      "type": "Feature",
      "properties": {
        "mag": 5.3,
        "depth_km": 24.2,
        "date": "2006-01-24"
      },
      "geometry": {
        "type": "Point",
        "coordinates": [
          -77.652,
          6.909
        ]
      }
    },
    {
      "type": "Feature",
      "properties": {
        "mag": 5.5,
        "depth_km": 10,
        "date": "2006-01-23"
      },
      "geometry": {
        "type": "Point",
        "coordinates": [
          -77.974,
          6.847
        ]
      }
    },
    {
      "type": "Feature",
      "properties": {
        "mag": 6.2,
        "depth_km": 14,
        "date": "2006-01-23"
      },
      "geometry": {
        "type": "Point",
        "coordinates": [
          -77.793,
          6.864
        ]
      }
    },
    {
      "type": "Feature",
      "properties": {
        "mag": 3.9,
        "depth_km": 171,
        "date": "2006-01-18"
      },
      "geometry": {
        "type": "Point",
        "coordinates": [
          -72.933,
          6.739
        ]
      }
    },
    {
      "type": "Feature",
      "properties": {
        "mag": 5,
        "depth_km": 163.2,
        "date": "2006-01-10"
      },
      "geometry": {
        "type": "Point",
        "coordinates": [
          -72.911,
          6.679
        ]
      }
    },
    {
      "type": "Feature",
      "properties": {
        "mag": 4.3,
        "depth_km": 162.2,
        "date": "2006-01-06"
      },
      "geometry": {
        "type": "Point",
        "coordinates": [
          -72.986,
          6.743
        ]
      }
    },
    {
      "type": "Feature",
      "properties": {
        "mag": 4,
        "depth_km": 55.5,
        "date": "2006-01-04"
      },
      "geometry": {
        "type": "Point",
        "coordinates": [
          -76.883,
          6.77
        ]
      }
    },
    {
      "type": "Feature",
      "properties": {
        "mag": 4,
        "depth_km": 163,
        "date": "2006-01-02"
      },
      "geometry": {
        "type": "Point",
        "coordinates": [
          -73.017,
          6.827
        ]
      }
    },
    {
      "type": "Feature",
      "properties": {
        "mag": 4,
        "depth_km": 161.2,
        "date": "2005-12-30"
      },
      "geometry": {
        "type": "Point",
        "coordinates": [
          -72.974,
          6.784
        ]
      }
    },
    {
      "type": "Feature",
      "properties": {
        "mag": 4.6,
        "depth_km": 123.8,
        "date": "2005-12-26"
      },
      "geometry": {
        "type": "Point",
        "coordinates": [
          -75.867,
          5.083
        ]
      }
    },
    {
      "type": "Feature",
      "properties": {
        "mag": 4,
        "depth_km": 156.8,
        "date": "2005-12-26"
      },
      "geometry": {
        "type": "Point",
        "coordinates": [
          -73.667,
          5.286
        ]
      }
    },
    {
      "type": "Feature",
      "properties": {
        "mag": 3.9,
        "depth_km": 117.3,
        "date": "2005-12-22"
      },
      "geometry": {
        "type": "Point",
        "coordinates": [
          -76.105,
          4.704
        ]
      }
    },
    {
      "type": "Feature",
      "properties": {
        "mag": 4.4,
        "depth_km": 166.2,
        "date": "2005-12-17"
      },
      "geometry": {
        "type": "Point",
        "coordinates": [
          -72.962,
          6.742
        ]
      }
    },
    {
      "type": "Feature",
      "properties": {
        "mag": 3.8,
        "depth_km": 160.7,
        "date": "2005-12-17"
      },
      "geometry": {
        "type": "Point",
        "coordinates": [
          -72.973,
          6.764
        ]
      }
    },
    {
      "type": "Feature",
      "properties": {
        "mag": 4.1,
        "depth_km": 163,
        "date": "2005-12-15"
      },
      "geometry": {
        "type": "Point",
        "coordinates": [
          -72.942,
          6.737
        ]
      }
    },
    {
      "type": "Feature",
      "properties": {
        "mag": 4.1,
        "depth_km": 169.7,
        "date": "2005-12-14"
      },
      "geometry": {
        "type": "Point",
        "coordinates": [
          -72.926,
          6.767
        ]
      }
    },
    {
      "type": "Feature",
      "properties": {
        "mag": 3.7,
        "depth_km": 153.3,
        "date": "2005-12-08"
      },
      "geometry": {
        "type": "Point",
        "coordinates": [
          -73.163,
          6.653
        ]
      }
    },
    {
      "type": "Feature",
      "properties": {
        "mag": 4.1,
        "depth_km": 169.8,
        "date": "2005-12-03"
      },
      "geometry": {
        "type": "Point",
        "coordinates": [
          -72.996,
          6.739
        ]
      }
    },
    {
      "type": "Feature",
      "properties": {
        "mag": 3.8,
        "depth_km": 53.5,
        "date": "2005-12-02"
      },
      "geometry": {
        "type": "Point",
        "coordinates": [
          -77.678,
          6.756
        ]
      }
    },
    {
      "type": "Feature",
      "properties": {
        "mag": 4.3,
        "depth_km": 163.5,
        "date": "2005-12-01"
      },
      "geometry": {
        "type": "Point",
        "coordinates": [
          -72.978,
          6.791
        ]
      }
    },
    {
      "type": "Feature",
      "properties": {
        "mag": 4.6,
        "depth_km": 160.9,
        "date": "2005-11-23"
      },
      "geometry": {
        "type": "Point",
        "coordinates": [
          -72.88,
          6.777
        ]
      }
    },
    {
      "type": "Feature",
      "properties": {
        "mag": 3.8,
        "depth_km": 93.1,
        "date": "2005-11-20"
      },
      "geometry": {
        "type": "Point",
        "coordinates": [
          -74.824,
          7.933
        ]
      }
    },
    {
      "type": "Feature",
      "properties": {
        "mag": 4.4,
        "depth_km": 35,
        "date": "2005-11-15"
      },
      "geometry": {
        "type": "Point",
        "coordinates": [
          -77.068,
          5.963
        ]
      }
    },
    {
      "type": "Feature",
      "properties": {
        "mag": 3.9,
        "depth_km": 162.9,
        "date": "2005-11-14"
      },
      "geometry": {
        "type": "Point",
        "coordinates": [
          -73.048,
          6.84
        ]
      }
    },
    {
      "type": "Feature",
      "properties": {
        "mag": 3.7,
        "depth_km": 169.5,
        "date": "2005-11-11"
      },
      "geometry": {
        "type": "Point",
        "coordinates": [
          -72.984,
          6.756
        ]
      }
    },
    {
      "type": "Feature",
      "properties": {
        "mag": 3.5,
        "depth_km": 172.2,
        "date": "2005-11-08"
      },
      "geometry": {
        "type": "Point",
        "coordinates": [
          -72.999,
          6.77
        ]
      }
    },
    {
      "type": "Feature",
      "properties": {
        "mag": 4.1,
        "depth_km": 170.1,
        "date": "2005-11-08"
      },
      "geometry": {
        "type": "Point",
        "coordinates": [
          -72.963,
          6.723
        ]
      }
    },
    {
      "type": "Feature",
      "properties": {
        "mag": 4.4,
        "depth_km": 175.6,
        "date": "2005-11-07"
      },
      "geometry": {
        "type": "Point",
        "coordinates": [
          -72.974,
          6.706
        ]
      }
    },
    {
      "type": "Feature",
      "properties": {
        "mag": 4.1,
        "depth_km": 164.7,
        "date": "2005-11-02"
      },
      "geometry": {
        "type": "Point",
        "coordinates": [
          -72.932,
          6.817
        ]
      }
    },
    {
      "type": "Feature",
      "properties": {
        "mag": 3.9,
        "depth_km": 165.2,
        "date": "2005-11-01"
      },
      "geometry": {
        "type": "Point",
        "coordinates": [
          -73.018,
          6.823
        ]
      }
    },
    {
      "type": "Feature",
      "properties": {
        "mag": 3.9,
        "depth_km": 169,
        "date": "2005-10-24"
      },
      "geometry": {
        "type": "Point",
        "coordinates": [
          -73.031,
          6.735
        ]
      }
    },
    {
      "type": "Feature",
      "properties": {
        "mag": 4,
        "depth_km": 165.7,
        "date": "2005-10-21"
      },
      "geometry": {
        "type": "Point",
        "coordinates": [
          -72.991,
          6.841
        ]
      }
    },
    {
      "type": "Feature",
      "properties": {
        "mag": 4.5,
        "depth_km": 165.2,
        "date": "2005-10-20"
      },
      "geometry": {
        "type": "Point",
        "coordinates": [
          -72.91,
          6.774
        ]
      }
    },
    {
      "type": "Feature",
      "properties": {
        "mag": 3.9,
        "depth_km": 85.8,
        "date": "2005-10-11"
      },
      "geometry": {
        "type": "Point",
        "coordinates": [
          -77.371,
          6.285
        ]
      }
    },
    {
      "type": "Feature",
      "properties": {
        "mag": 4.7,
        "depth_km": 98.9,
        "date": "2005-10-02"
      },
      "geometry": {
        "type": "Point",
        "coordinates": [
          -76.532,
          4.417
        ]
      }
    },
    {
      "type": "Feature",
      "properties": {
        "mag": 4,
        "depth_km": 162.2,
        "date": "2005-09-27"
      },
      "geometry": {
        "type": "Point",
        "coordinates": [
          -73.059,
          6.831
        ]
      }
    },
    {
      "type": "Feature",
      "properties": {
        "mag": 4.5,
        "depth_km": 40.1,
        "date": "2005-09-21"
      },
      "geometry": {
        "type": "Point",
        "coordinates": [
          -76.406,
          6.864
        ]
      }
    },
    {
      "type": "Feature",
      "properties": {
        "mag": 3.7,
        "depth_km": 173.2,
        "date": "2005-09-20"
      },
      "geometry": {
        "type": "Point",
        "coordinates": [
          -72.944,
          6.763
        ]
      }
    },
    {
      "type": "Feature",
      "properties": {
        "mag": 3.7,
        "depth_km": 78.2,
        "date": "2005-09-18"
      },
      "geometry": {
        "type": "Point",
        "coordinates": [
          -77.733,
          6.921
        ]
      }
    },
    {
      "type": "Feature",
      "properties": {
        "mag": 4.8,
        "depth_km": 30,
        "date": "2005-09-18"
      },
      "geometry": {
        "type": "Point",
        "coordinates": [
          -77.95,
          6.83
        ]
      }
    },
    {
      "type": "Feature",
      "properties": {
        "mag": 3.7,
        "depth_km": 112.4,
        "date": "2005-09-04"
      },
      "geometry": {
        "type": "Point",
        "coordinates": [
          -73.964,
          7.46
        ]
      }
    },
    {
      "type": "Feature",
      "properties": {
        "mag": 3.8,
        "depth_km": 159.4,
        "date": "2005-08-30"
      },
      "geometry": {
        "type": "Point",
        "coordinates": [
          -72.955,
          6.794
        ]
      }
    },
    {
      "type": "Feature",
      "properties": {
        "mag": 4.2,
        "depth_km": 162.3,
        "date": "2005-08-28"
      },
      "geometry": {
        "type": "Point",
        "coordinates": [
          -73.004,
          6.818
        ]
      }
    },
    {
      "type": "Feature",
      "properties": {
        "mag": 4,
        "depth_km": 164.5,
        "date": "2005-08-27"
      },
      "geometry": {
        "type": "Point",
        "coordinates": [
          -72.962,
          6.795
        ]
      }
    },
    {
      "type": "Feature",
      "properties": {
        "mag": 4.3,
        "depth_km": 166.7,
        "date": "2005-08-24"
      },
      "geometry": {
        "type": "Point",
        "coordinates": [
          -72.968,
          6.775
        ]
      }
    },
    {
      "type": "Feature",
      "properties": {
        "mag": 4,
        "depth_km": 164.4,
        "date": "2005-08-21"
      },
      "geometry": {
        "type": "Point",
        "coordinates": [
          -72.986,
          6.803
        ]
      }
    },
    {
      "type": "Feature",
      "properties": {
        "mag": 3.9,
        "depth_km": 170.4,
        "date": "2005-08-19"
      },
      "geometry": {
        "type": "Point",
        "coordinates": [
          -73.011,
          6.78
        ]
      }
    },
    {
      "type": "Feature",
      "properties": {
        "mag": 3.8,
        "depth_km": 167.3,
        "date": "2005-08-18"
      },
      "geometry": {
        "type": "Point",
        "coordinates": [
          -73.006,
          6.761
        ]
      }
    },
    {
      "type": "Feature",
      "properties": {
        "mag": 4.6,
        "depth_km": 37.8,
        "date": "2005-08-14"
      },
      "geometry": {
        "type": "Point",
        "coordinates": [
          -76.325,
          6.828
        ]
      }
    },
    {
      "type": "Feature",
      "properties": {
        "mag": 4.2,
        "depth_km": 53,
        "date": "2005-08-14"
      },
      "geometry": {
        "type": "Point",
        "coordinates": [
          -76.314,
          6.864
        ]
      }
    },
    {
      "type": "Feature",
      "properties": {
        "mag": 3.7,
        "depth_km": 159.8,
        "date": "2005-08-08"
      },
      "geometry": {
        "type": "Point",
        "coordinates": [
          -72.916,
          6.741
        ]
      }
    },
    {
      "type": "Feature",
      "properties": {
        "mag": 3.5,
        "depth_km": 157.4,
        "date": "2005-07-30"
      },
      "geometry": {
        "type": "Point",
        "coordinates": [
          -73.046,
          6.861
        ]
      }
    },
    {
      "type": "Feature",
      "properties": {
        "mag": 3.9,
        "depth_km": 169.7,
        "date": "2005-07-23"
      },
      "geometry": {
        "type": "Point",
        "coordinates": [
          -72.919,
          6.787
        ]
      }
    },
    {
      "type": "Feature",
      "properties": {
        "mag": 4.1,
        "depth_km": 172.4,
        "date": "2005-07-18"
      },
      "geometry": {
        "type": "Point",
        "coordinates": [
          -72.9,
          6.667
        ]
      }
    },
    {
      "type": "Feature",
      "properties": {
        "mag": 3.8,
        "depth_km": 164,
        "date": "2005-07-18"
      },
      "geometry": {
        "type": "Point",
        "coordinates": [
          -72.975,
          6.784
        ]
      }
    },
    {
      "type": "Feature",
      "properties": {
        "mag": 4.1,
        "depth_km": 56.6,
        "date": "2005-07-13"
      },
      "geometry": {
        "type": "Point",
        "coordinates": [
          -76.571,
          6.773
        ]
      }
    },
    {
      "type": "Feature",
      "properties": {
        "mag": 3.8,
        "depth_km": 170.8,
        "date": "2005-07-10"
      },
      "geometry": {
        "type": "Point",
        "coordinates": [
          -72.982,
          6.776
        ]
      }
    },
    {
      "type": "Feature",
      "properties": {
        "mag": 4.7,
        "depth_km": 157.3,
        "date": "2005-07-09"
      },
      "geometry": {
        "type": "Point",
        "coordinates": [
          -72.916,
          6.75
        ]
      }
    },
    {
      "type": "Feature",
      "properties": {
        "mag": 3.5,
        "depth_km": 169,
        "date": "2005-07-08"
      },
      "geometry": {
        "type": "Point",
        "coordinates": [
          -72.921,
          6.685
        ]
      }
    },
    {
      "type": "Feature",
      "properties": {
        "mag": 3.7,
        "depth_km": 164.8,
        "date": "2005-07-06"
      },
      "geometry": {
        "type": "Point",
        "coordinates": [
          -72.947,
          6.72
        ]
      }
    },
    {
      "type": "Feature",
      "properties": {
        "mag": 3.9,
        "depth_km": 164.1,
        "date": "2005-06-27"
      },
      "geometry": {
        "type": "Point",
        "coordinates": [
          -73.002,
          6.745
        ]
      }
    },
    {
      "type": "Feature",
      "properties": {
        "mag": 3.6,
        "depth_km": 173.9,
        "date": "2005-06-26"
      },
      "geometry": {
        "type": "Point",
        "coordinates": [
          -72.932,
          6.733
        ]
      }
    },
    {
      "type": "Feature",
      "properties": {
        "mag": 4.1,
        "depth_km": 163.8,
        "date": "2005-06-25"
      },
      "geometry": {
        "type": "Point",
        "coordinates": [
          -73.013,
          6.81
        ]
      }
    },
    {
      "type": "Feature",
      "properties": {
        "mag": 3.6,
        "depth_km": 168.4,
        "date": "2005-06-25"
      },
      "geometry": {
        "type": "Point",
        "coordinates": [
          -72.992,
          6.764
        ]
      }
    },
    {
      "type": "Feature",
      "properties": {
        "mag": 3.8,
        "depth_km": 157.5,
        "date": "2005-06-15"
      },
      "geometry": {
        "type": "Point",
        "coordinates": [
          -72.964,
          6.72
        ]
      }
    },
    {
      "type": "Feature",
      "properties": {
        "mag": 4,
        "depth_km": 114.9,
        "date": "2005-06-11"
      },
      "geometry": {
        "type": "Point",
        "coordinates": [
          -76.104,
          5.142
        ]
      }
    },
    {
      "type": "Feature",
      "properties": {
        "mag": 3.6,
        "depth_km": 135.2,
        "date": "2005-06-06"
      },
      "geometry": {
        "type": "Point",
        "coordinates": [
          -76.396,
          3.937
        ]
      }
    },
    {
      "type": "Feature",
      "properties": {
        "mag": 4,
        "depth_km": 68.1,
        "date": "2005-06-05"
      },
      "geometry": {
        "type": "Point",
        "coordinates": [
          -76.206,
          6.944
        ]
      }
    },
    {
      "type": "Feature",
      "properties": {
        "mag": 3.6,
        "depth_km": 171.6,
        "date": "2005-05-30"
      },
      "geometry": {
        "type": "Point",
        "coordinates": [
          -72.958,
          6.705
        ]
      }
    },
    {
      "type": "Feature",
      "properties": {
        "mag": 3.8,
        "depth_km": 108.1,
        "date": "2005-05-29"
      },
      "geometry": {
        "type": "Point",
        "coordinates": [
          -74.075,
          8.409
        ]
      }
    },
    {
      "type": "Feature",
      "properties": {
        "mag": 4.2,
        "depth_km": 76.7,
        "date": "2005-05-28"
      },
      "geometry": {
        "type": "Point",
        "coordinates": [
          -74.592,
          8.392
        ]
      }
    },
    {
      "type": "Feature",
      "properties": {
        "mag": 4.4,
        "depth_km": 158.3,
        "date": "2005-05-21"
      },
      "geometry": {
        "type": "Point",
        "coordinates": [
          -75.613,
          4.484
        ]
      }
    },
    {
      "type": "Feature",
      "properties": {
        "mag": 3.8,
        "depth_km": 171.2,
        "date": "2005-05-13"
      },
      "geometry": {
        "type": "Point",
        "coordinates": [
          -73.015,
          6.77
        ]
      }
    },
    {
      "type": "Feature",
      "properties": {
        "mag": 4.1,
        "depth_km": 164.6,
        "date": "2005-05-12"
      },
      "geometry": {
        "type": "Point",
        "coordinates": [
          -73.002,
          6.747
        ]
      }
    },
    {
      "type": "Feature",
      "properties": {
        "mag": 4,
        "depth_km": 164.7,
        "date": "2005-05-10"
      },
      "geometry": {
        "type": "Point",
        "coordinates": [
          -73.118,
          6.837
        ]
      }
    },
    {
      "type": "Feature",
      "properties": {
        "mag": 3.9,
        "depth_km": 169.1,
        "date": "2005-05-10"
      },
      "geometry": {
        "type": "Point",
        "coordinates": [
          -72.839,
          6.637
        ]
      }
    },
    {
      "type": "Feature",
      "properties": {
        "mag": 4.6,
        "depth_km": 162,
        "date": "2005-05-08"
      },
      "geometry": {
        "type": "Point",
        "coordinates": [
          -72.969,
          6.687
        ]
      }
    },
    {
      "type": "Feature",
      "properties": {
        "mag": 3.6,
        "depth_km": 169,
        "date": "2005-05-07"
      },
      "geometry": {
        "type": "Point",
        "coordinates": [
          -73.026,
          6.776
        ]
      }
    },
    {
      "type": "Feature",
      "properties": {
        "mag": 3.8,
        "depth_km": 173.8,
        "date": "2005-05-05"
      },
      "geometry": {
        "type": "Point",
        "coordinates": [
          -72.898,
          6.669
        ]
      }
    },
    {
      "type": "Feature",
      "properties": {
        "mag": 4.6,
        "depth_km": 169.6,
        "date": "2005-04-26"
      },
      "geometry": {
        "type": "Point",
        "coordinates": [
          -72.919,
          6.769
        ]
      }
    },
    {
      "type": "Feature",
      "properties": {
        "mag": 4.2,
        "depth_km": 169.8,
        "date": "2005-04-24"
      },
      "geometry": {
        "type": "Point",
        "coordinates": [
          -72.927,
          6.769
        ]
      }
    },
    {
      "type": "Feature",
      "properties": {
        "mag": 3.9,
        "depth_km": 189.2,
        "date": "2005-04-24"
      },
      "geometry": {
        "type": "Point",
        "coordinates": [
          -72.972,
          6.224
        ]
      }
    },
    {
      "type": "Feature",
      "properties": {
        "mag": 5.2,
        "depth_km": 102.6,
        "date": "2005-04-21"
      },
      "geometry": {
        "type": "Point",
        "coordinates": [
          -76.269,
          5.014
        ]
      }
    },
    {
      "type": "Feature",
      "properties": {
        "mag": 3.9,
        "depth_km": 169.8,
        "date": "2005-04-17"
      },
      "geometry": {
        "type": "Point",
        "coordinates": [
          -73.032,
          6.759
        ]
      }
    },
    {
      "type": "Feature",
      "properties": {
        "mag": 3.8,
        "depth_km": 167.6,
        "date": "2005-04-12"
      },
      "geometry": {
        "type": "Point",
        "coordinates": [
          -73.044,
          6.747
        ]
      }
    },
    {
      "type": "Feature",
      "properties": {
        "mag": 4.2,
        "depth_km": 91.2,
        "date": "2005-04-09"
      },
      "geometry": {
        "type": "Point",
        "coordinates": [
          -74.452,
          7.466
        ]
      }
    },
    {
      "type": "Feature",
      "properties": {
        "mag": 4,
        "depth_km": 165.7,
        "date": "2005-04-04"
      },
      "geometry": {
        "type": "Point",
        "coordinates": [
          -72.981,
          6.81
        ]
      }
    },
    {
      "type": "Feature",
      "properties": {
        "mag": 3.9,
        "depth_km": 157.8,
        "date": "2005-03-26"
      },
      "geometry": {
        "type": "Point",
        "coordinates": [
          -72.979,
          6.728
        ]
      }
    },
    {
      "type": "Feature",
      "properties": {
        "mag": 3.8,
        "depth_km": 170.2,
        "date": "2005-03-19"
      },
      "geometry": {
        "type": "Point",
        "coordinates": [
          -72.921,
          6.73
        ]
      }
    },
    {
      "type": "Feature",
      "properties": {
        "mag": 4.4,
        "depth_km": 171.1,
        "date": "2005-03-17"
      },
      "geometry": {
        "type": "Point",
        "coordinates": [
          -73.078,
          6.792
        ]
      }
    },
    {
      "type": "Feature",
      "properties": {
        "mag": 3.5,
        "depth_km": 169.6,
        "date": "2005-03-12"
      },
      "geometry": {
        "type": "Point",
        "coordinates": [
          -72.921,
          6.711
        ]
      }
    },
    {
      "type": "Feature",
      "properties": {
        "mag": 5,
        "depth_km": 65.9,
        "date": "2005-03-08"
      },
      "geometry": {
        "type": "Point",
        "coordinates": [
          -75.946,
          4.42
        ]
      }
    },
    {
      "type": "Feature",
      "properties": {
        "mag": 3.7,
        "depth_km": 172.4,
        "date": "2005-03-07"
      },
      "geometry": {
        "type": "Point",
        "coordinates": [
          -72.893,
          6.712
        ]
      }
    },
    {
      "type": "Feature",
      "properties": {
        "mag": 3.7,
        "depth_km": 158.9,
        "date": "2005-03-04"
      },
      "geometry": {
        "type": "Point",
        "coordinates": [
          -73.036,
          6.829
        ]
      }
    },
    {
      "type": "Feature",
      "properties": {
        "mag": 3.7,
        "depth_km": 176.2,
        "date": "2005-03-01"
      },
      "geometry": {
        "type": "Point",
        "coordinates": [
          -72.869,
          6.746
        ]
      }
    },
    {
      "type": "Feature",
      "properties": {
        "mag": 4.2,
        "depth_km": 166.7,
        "date": "2005-03-01"
      },
      "geometry": {
        "type": "Point",
        "coordinates": [
          -73.039,
          6.766
        ]
      }
    },
    {
      "type": "Feature",
      "properties": {
        "mag": 3.7,
        "depth_km": 168.4,
        "date": "2005-02-28"
      },
      "geometry": {
        "type": "Point",
        "coordinates": [
          -72.882,
          6.689
        ]
      }
    },
    {
      "type": "Feature",
      "properties": {
        "mag": 4.2,
        "depth_km": 82.1,
        "date": "2005-02-27"
      },
      "geometry": {
        "type": "Point",
        "coordinates": [
          -77.468,
          5.126
        ]
      }
    },
    {
      "type": "Feature",
      "properties": {
        "mag": 5.3,
        "depth_km": 166.3,
        "date": "2005-02-25"
      },
      "geometry": {
        "type": "Point",
        "coordinates": [
          -73.059,
          6.668
        ]
      }
    },
    {
      "type": "Feature",
      "properties": {
        "mag": 3.5,
        "depth_km": 112.7,
        "date": "2005-02-25"
      },
      "geometry": {
        "type": "Point",
        "coordinates": [
          -73.964,
          8.059
        ]
      }
    },
    {
      "type": "Feature",
      "properties": {
        "mag": 3.5,
        "depth_km": 163,
        "date": "2005-02-22"
      },
      "geometry": {
        "type": "Point",
        "coordinates": [
          -73.102,
          6.861
        ]
      }
    },
    {
      "type": "Feature",
      "properties": {
        "mag": 4.1,
        "depth_km": 166.6,
        "date": "2005-02-22"
      },
      "geometry": {
        "type": "Point",
        "coordinates": [
          -73.016,
          6.751
        ]
      }
    },
    {
      "type": "Feature",
      "properties": {
        "mag": 4.4,
        "depth_km": 73.6,
        "date": "2005-02-18"
      },
      "geometry": {
        "type": "Point",
        "coordinates": [
          -77.347,
          4.642
        ]
      }
    },
    {
      "type": "Feature",
      "properties": {
        "mag": 3.8,
        "depth_km": 160.4,
        "date": "2005-02-18"
      },
      "geometry": {
        "type": "Point",
        "coordinates": [
          -73.621,
          5.198
        ]
      }
    },
    {
      "type": "Feature",
      "properties": {
        "mag": 4.5,
        "depth_km": 113.8,
        "date": "2005-02-18"
      },
      "geometry": {
        "type": "Point",
        "coordinates": [
          -76.298,
          5.007
        ]
      }
    },
    {
      "type": "Feature",
      "properties": {
        "mag": 4.4,
        "depth_km": 32.5,
        "date": "2005-02-15"
      },
      "geometry": {
        "type": "Point",
        "coordinates": [
          -77.167,
          7.177
        ]
      }
    },
    {
      "type": "Feature",
      "properties": {
        "mag": 3.7,
        "depth_km": 201,
        "date": "2005-02-13"
      },
      "geometry": {
        "type": "Point",
        "coordinates": [
          -72.962,
          6.163
        ]
      }
    },
    {
      "type": "Feature",
      "properties": {
        "mag": 4.5,
        "depth_km": 45.8,
        "date": "2005-02-13"
      },
      "geometry": {
        "type": "Point",
        "coordinates": [
          -77.494,
          5.956
        ]
      }
    },
    {
      "type": "Feature",
      "properties": {
        "mag": 4.7,
        "depth_km": 164,
        "date": "2005-02-03"
      },
      "geometry": {
        "type": "Point",
        "coordinates": [
          -72.882,
          6.661
        ]
      }
    },
    {
      "type": "Feature",
      "properties": {
        "mag": 4.3,
        "depth_km": 162,
        "date": "2005-01-27"
      },
      "geometry": {
        "type": "Point",
        "coordinates": [
          -72.98,
          6.635
        ]
      }
    },
    {
      "type": "Feature",
      "properties": {
        "mag": 4.2,
        "depth_km": 39.7,
        "date": "2005-01-24"
      },
      "geometry": {
        "type": "Point",
        "coordinates": [
          -77.52,
          5.609
        ]
      }
    },
    {
      "type": "Feature",
      "properties": {
        "mag": 4.1,
        "depth_km": 170.8,
        "date": "2005-01-18"
      },
      "geometry": {
        "type": "Point",
        "coordinates": [
          -73.005,
          6.786
        ]
      }
    },
    {
      "type": "Feature",
      "properties": {
        "mag": 4.4,
        "depth_km": 156.7,
        "date": "2005-01-10"
      },
      "geometry": {
        "type": "Point",
        "coordinates": [
          -73.016,
          6.771
        ]
      }
    },
    {
      "type": "Feature",
      "properties": {
        "mag": 4,
        "depth_km": 116.2,
        "date": "2004-12-19"
      },
      "geometry": {
        "type": "Point",
        "coordinates": [
          -74.27,
          5.871
        ]
      }
    },
    {
      "type": "Feature",
      "properties": {
        "mag": 4.1,
        "depth_km": 112.7,
        "date": "2004-12-15"
      },
      "geometry": {
        "type": "Point",
        "coordinates": [
          -73.98,
          6.273
        ]
      }
    },
    {
      "type": "Feature",
      "properties": {
        "mag": 4,
        "depth_km": 155.2,
        "date": "2004-12-11"
      },
      "geometry": {
        "type": "Point",
        "coordinates": [
          -72.995,
          6.822
        ]
      }
    },
    {
      "type": "Feature",
      "properties": {
        "mag": 4.4,
        "depth_km": 155.9,
        "date": "2004-12-04"
      },
      "geometry": {
        "type": "Point",
        "coordinates": [
          -72.935,
          6.773
        ]
      }
    },
    {
      "type": "Feature",
      "properties": {
        "mag": 4.6,
        "depth_km": 30.7,
        "date": "2004-11-30"
      },
      "geometry": {
        "type": "Point",
        "coordinates": [
          -77.232,
          7.418
        ]
      }
    },
    {
      "type": "Feature",
      "properties": {
        "mag": 4.4,
        "depth_km": 161.7,
        "date": "2004-11-24"
      },
      "geometry": {
        "type": "Point",
        "coordinates": [
          -72.972,
          6.806
        ]
      }
    },
    {
      "type": "Feature",
      "properties": {
        "mag": 3.9,
        "depth_km": 165.7,
        "date": "2004-11-22"
      },
      "geometry": {
        "type": "Point",
        "coordinates": [
          -73.009,
          6.762
        ]
      }
    },
    {
      "type": "Feature",
      "properties": {
        "mag": 4.2,
        "depth_km": 50,
        "date": "2004-11-19"
      },
      "geometry": {
        "type": "Point",
        "coordinates": [
          -77.442,
          4.765
        ]
      }
    },
    {
      "type": "Feature",
      "properties": {
        "mag": 4.2,
        "depth_km": 84.3,
        "date": "2004-11-16"
      },
      "geometry": {
        "type": "Point",
        "coordinates": [
          -76.906,
          5.135
        ]
      }
    },
    {
      "type": "Feature",
      "properties": {
        "mag": 3.8,
        "depth_km": 15,
        "date": "2004-11-16"
      },
      "geometry": {
        "type": "Point",
        "coordinates": [
          -77.177,
          4.865
        ]
      }
    },
    {
      "type": "Feature",
      "properties": {
        "mag": 7.2,
        "depth_km": 15,
        "date": "2004-11-15"
      },
      "geometry": {
        "type": "Point",
        "coordinates": [
          -77.508,
          4.695
        ]
      }
    },
    {
      "type": "Feature",
      "properties": {
        "mag": 4,
        "depth_km": 165.1,
        "date": "2004-11-07"
      },
      "geometry": {
        "type": "Point",
        "coordinates": [
          -72.987,
          6.821
        ]
      }
    },
    {
      "type": "Feature",
      "properties": {
        "mag": 4.2,
        "depth_km": 166.5,
        "date": "2004-11-04"
      },
      "geometry": {
        "type": "Point",
        "coordinates": [
          -73.042,
          6.806
        ]
      }
    },
    {
      "type": "Feature",
      "properties": {
        "mag": 4.6,
        "depth_km": 163.4,
        "date": "2004-10-25"
      },
      "geometry": {
        "type": "Point",
        "coordinates": [
          -72.955,
          6.799
        ]
      }
    },
    {
      "type": "Feature",
      "properties": {
        "mag": 4,
        "depth_km": 161.2,
        "date": "2004-10-24"
      },
      "geometry": {
        "type": "Point",
        "coordinates": [
          -73.039,
          6.75
        ]
      }
    },
    {
      "type": "Feature",
      "properties": {
        "mag": 3.7,
        "depth_km": 181.3,
        "date": "2004-10-19"
      },
      "geometry": {
        "type": "Point",
        "coordinates": [
          -72.954,
          6.989
        ]
      }
    },
    {
      "type": "Feature",
      "properties": {
        "mag": 4.2,
        "depth_km": 56.2,
        "date": "2004-10-14"
      },
      "geometry": {
        "type": "Point",
        "coordinates": [
          -77.136,
          6.713
        ]
      }
    },
    {
      "type": "Feature",
      "properties": {
        "mag": 4.2,
        "depth_km": 167.2,
        "date": "2004-10-12"
      },
      "geometry": {
        "type": "Point",
        "coordinates": [
          -73.042,
          6.768
        ]
      }
    },
    {
      "type": "Feature",
      "properties": {
        "mag": 4.9,
        "depth_km": 155.5,
        "date": "2004-10-03"
      },
      "geometry": {
        "type": "Point",
        "coordinates": [
          -72.94,
          6.754
        ]
      }
    },
    {
      "type": "Feature",
      "properties": {
        "mag": 3.9,
        "depth_km": 167.9,
        "date": "2004-09-27"
      },
      "geometry": {
        "type": "Point",
        "coordinates": [
          -72.968,
          6.76
        ]
      }
    },
    {
      "type": "Feature",
      "properties": {
        "mag": 3.9,
        "depth_km": 88.1,
        "date": "2004-09-26"
      },
      "geometry": {
        "type": "Point",
        "coordinates": [
          -77.06,
          7.377
        ]
      }
    },
    {
      "type": "Feature",
      "properties": {
        "mag": 4.2,
        "depth_km": 88.1,
        "date": "2004-09-15"
      },
      "geometry": {
        "type": "Point",
        "coordinates": [
          -74.816,
          7.212
        ]
      }
    },
    {
      "type": "Feature",
      "properties": {
        "mag": 4.1,
        "depth_km": 165.2,
        "date": "2004-09-11"
      },
      "geometry": {
        "type": "Point",
        "coordinates": [
          -72.978,
          6.809
        ]
      }
    },
    {
      "type": "Feature",
      "properties": {
        "mag": 4.1,
        "depth_km": 66.7,
        "date": "2004-08-24"
      },
      "geometry": {
        "type": "Point",
        "coordinates": [
          -75.106,
          8.431
        ]
      }
    },
    {
      "type": "Feature",
      "properties": {
        "mag": 4.3,
        "depth_km": 113.2,
        "date": "2004-08-22"
      },
      "geometry": {
        "type": "Point",
        "coordinates": [
          -76.019,
          4.501
        ]
      }
    },
    {
      "type": "Feature",
      "properties": {
        "mag": 3.9,
        "depth_km": 161.3,
        "date": "2004-08-14"
      },
      "geometry": {
        "type": "Point",
        "coordinates": [
          -73.085,
          6.791
        ]
      }
    },
    {
      "type": "Feature",
      "properties": {
        "mag": 3.9,
        "depth_km": 167.8,
        "date": "2004-08-12"
      },
      "geometry": {
        "type": "Point",
        "coordinates": [
          -72.978,
          6.737
        ]
      }
    },
    {
      "type": "Feature",
      "properties": {
        "mag": 4.1,
        "depth_km": 170,
        "date": "2004-08-10"
      },
      "geometry": {
        "type": "Point",
        "coordinates": [
          -72.98,
          6.784
        ]
      }
    },
    {
      "type": "Feature",
      "properties": {
        "mag": 4.1,
        "depth_km": 164.8,
        "date": "2004-08-04"
      },
      "geometry": {
        "type": "Point",
        "coordinates": [
          -72.897,
          6.819
        ]
      }
    },
    {
      "type": "Feature",
      "properties": {
        "mag": 4.1,
        "depth_km": 168.8,
        "date": "2004-07-09"
      },
      "geometry": {
        "type": "Point",
        "coordinates": [
          -73.15,
          6.922
        ]
      }
    },
    {
      "type": "Feature",
      "properties": {
        "mag": 3.8,
        "depth_km": 162,
        "date": "2004-07-07"
      },
      "geometry": {
        "type": "Point",
        "coordinates": [
          -72.973,
          6.701
        ]
      }
    },
    {
      "type": "Feature",
      "properties": {
        "mag": 3.7,
        "depth_km": 165.7,
        "date": "2004-06-27"
      },
      "geometry": {
        "type": "Point",
        "coordinates": [
          -72.945,
          6.709
        ]
      }
    },
    {
      "type": "Feature",
      "properties": {
        "mag": 3.9,
        "depth_km": 138.6,
        "date": "2004-06-20"
      },
      "geometry": {
        "type": "Point",
        "coordinates": [
          -73.217,
          6.509
        ]
      }
    },
    {
      "type": "Feature",
      "properties": {
        "mag": 4.3,
        "depth_km": 161,
        "date": "2004-06-19"
      },
      "geometry": {
        "type": "Point",
        "coordinates": [
          -73.045,
          6.72
        ]
      }
    },
    {
      "type": "Feature",
      "properties": {
        "mag": 4.8,
        "depth_km": 151,
        "date": "2004-06-18"
      },
      "geometry": {
        "type": "Point",
        "coordinates": [
          -72.992,
          6.654
        ]
      }
    },
    {
      "type": "Feature",
      "properties": {
        "mag": 4.1,
        "depth_km": 166.9,
        "date": "2004-06-14"
      },
      "geometry": {
        "type": "Point",
        "coordinates": [
          -73.021,
          6.731
        ]
      }
    },
    {
      "type": "Feature",
      "properties": {
        "mag": 4.1,
        "depth_km": 159.9,
        "date": "2004-06-14"
      },
      "geometry": {
        "type": "Point",
        "coordinates": [
          -72.902,
          6.718
        ]
      }
    },
    {
      "type": "Feature",
      "properties": {
        "mag": 3.7,
        "depth_km": 171.2,
        "date": "2004-06-14"
      },
      "geometry": {
        "type": "Point",
        "coordinates": [
          -72.942,
          6.702
        ]
      }
    },
    {
      "type": "Feature",
      "properties": {
        "mag": 4.2,
        "depth_km": 162.1,
        "date": "2004-06-05"
      },
      "geometry": {
        "type": "Point",
        "coordinates": [
          -72.985,
          6.73
        ]
      }
    },
    {
      "type": "Feature",
      "properties": {
        "mag": 4.3,
        "depth_km": 163.2,
        "date": "2004-06-03"
      },
      "geometry": {
        "type": "Point",
        "coordinates": [
          -72.992,
          6.733
        ]
      }
    },
    {
      "type": "Feature",
      "properties": {
        "mag": 4.4,
        "depth_km": 162.9,
        "date": "2004-05-27"
      },
      "geometry": {
        "type": "Point",
        "coordinates": [
          -72.872,
          6.731
        ]
      }
    },
    {
      "type": "Feature",
      "properties": {
        "mag": 3.6,
        "depth_km": 171.6,
        "date": "2004-05-23"
      },
      "geometry": {
        "type": "Point",
        "coordinates": [
          -72.984,
          6.722
        ]
      }
    },
    {
      "type": "Feature",
      "properties": {
        "mag": 4,
        "depth_km": 168,
        "date": "2004-05-22"
      },
      "geometry": {
        "type": "Point",
        "coordinates": [
          -72.983,
          6.785
        ]
      }
    },
    {
      "type": "Feature",
      "properties": {
        "mag": 4.4,
        "depth_km": 39.1,
        "date": "2004-05-18"
      },
      "geometry": {
        "type": "Point",
        "coordinates": [
          -77.828,
          6.937
        ]
      }
    },
    {
      "type": "Feature",
      "properties": {
        "mag": 4,
        "depth_km": 165.5,
        "date": "2004-05-15"
      },
      "geometry": {
        "type": "Point",
        "coordinates": [
          -72.975,
          6.712
        ]
      }
    },
    {
      "type": "Feature",
      "properties": {
        "mag": 4,
        "depth_km": 167.7,
        "date": "2004-05-15"
      },
      "geometry": {
        "type": "Point",
        "coordinates": [
          -73.067,
          6.746
        ]
      }
    },
    {
      "type": "Feature",
      "properties": {
        "mag": 4,
        "depth_km": 168.5,
        "date": "2004-05-11"
      },
      "geometry": {
        "type": "Point",
        "coordinates": [
          -72.992,
          6.721
        ]
      }
    },
    {
      "type": "Feature",
      "properties": {
        "mag": 3.7,
        "depth_km": 24.4,
        "date": "2004-05-11"
      },
      "geometry": {
        "type": "Point",
        "coordinates": [
          -76.381,
          7.06
        ]
      }
    },
    {
      "type": "Feature",
      "properties": {
        "mag": 4.3,
        "depth_km": 163.5,
        "date": "2004-05-08"
      },
      "geometry": {
        "type": "Point",
        "coordinates": [
          -72.995,
          6.74
        ]
      }
    },
    {
      "type": "Feature",
      "properties": {
        "mag": 3.5,
        "depth_km": 52.5,
        "date": "2004-05-08"
      },
      "geometry": {
        "type": "Point",
        "coordinates": [
          -74.979,
          7.538
        ]
      }
    },
    {
      "type": "Feature",
      "properties": {
        "mag": 3.9,
        "depth_km": 137.8,
        "date": "2004-05-08"
      },
      "geometry": {
        "type": "Point",
        "coordinates": [
          -73.545,
          6.352
        ]
      }
    },
    {
      "type": "Feature",
      "properties": {
        "mag": 3.6,
        "depth_km": 27.2,
        "date": "2004-05-04"
      },
      "geometry": {
        "type": "Point",
        "coordinates": [
          -74.37,
          6.529
        ]
      }
    },
    {
      "type": "Feature",
      "properties": {
        "mag": 3.5,
        "depth_km": 165.8,
        "date": "2004-05-01"
      },
      "geometry": {
        "type": "Point",
        "coordinates": [
          -73.348,
          7.063
        ]
      }
    },
    {
      "type": "Feature",
      "properties": {
        "mag": 4.1,
        "depth_km": 57.9,
        "date": "2004-04-27"
      },
      "geometry": {
        "type": "Point",
        "coordinates": [
          -76.267,
          6.053
        ]
      }
    },
    {
      "type": "Feature",
      "properties": {
        "mag": 4.5,
        "depth_km": 30,
        "date": "2004-04-25"
      },
      "geometry": {
        "type": "Point",
        "coordinates": [
          -77.123,
          7.375
        ]
      }
    },
    {
      "type": "Feature",
      "properties": {
        "mag": 4.4,
        "depth_km": 164.1,
        "date": "2004-04-02"
      },
      "geometry": {
        "type": "Point",
        "coordinates": [
          -72.944,
          6.714
        ]
      }
    },
    {
      "type": "Feature",
      "properties": {
        "mag": 4.3,
        "depth_km": 163.7,
        "date": "2004-04-02"
      },
      "geometry": {
        "type": "Point",
        "coordinates": [
          -72.929,
          6.744
        ]
      }
    },
    {
      "type": "Feature",
      "properties": {
        "mag": 3.9,
        "depth_km": 40.7,
        "date": "2004-03-31"
      },
      "geometry": {
        "type": "Point",
        "coordinates": [
          -76.602,
          5.473
        ]
      }
    },
    {
      "type": "Feature",
      "properties": {
        "mag": 4.6,
        "depth_km": 67.5,
        "date": "2004-03-29"
      },
      "geometry": {
        "type": "Point",
        "coordinates": [
          -75.7,
          3.935
        ]
      }
    },
    {
      "type": "Feature",
      "properties": {
        "mag": 4.2,
        "depth_km": 160,
        "date": "2004-03-18"
      },
      "geometry": {
        "type": "Point",
        "coordinates": [
          -72.91,
          6.736
        ]
      }
    },
    {
      "type": "Feature",
      "properties": {
        "mag": 4.8,
        "depth_km": 27.9,
        "date": "2004-03-06"
      },
      "geometry": {
        "type": "Point",
        "coordinates": [
          -77.688,
          4.891
        ]
      }
    },
    {
      "type": "Feature",
      "properties": {
        "mag": 3.8,
        "depth_km": 166.1,
        "date": "2004-02-29"
      },
      "geometry": {
        "type": "Point",
        "coordinates": [
          -72.917,
          6.776
        ]
      }
    },
    {
      "type": "Feature",
      "properties": {
        "mag": 4,
        "depth_km": 158,
        "date": "2004-02-28"
      },
      "geometry": {
        "type": "Point",
        "coordinates": [
          -72.948,
          6.771
        ]
      }
    },
    {
      "type": "Feature",
      "properties": {
        "mag": 4.1,
        "depth_km": 158.4,
        "date": "2004-02-25"
      },
      "geometry": {
        "type": "Point",
        "coordinates": [
          -73.11,
          6.769
        ]
      }
    },
    {
      "type": "Feature",
      "properties": {
        "mag": 4.1,
        "depth_km": 166.8,
        "date": "2004-02-16"
      },
      "geometry": {
        "type": "Point",
        "coordinates": [
          -72.957,
          6.774
        ]
      }
    },
    {
      "type": "Feature",
      "properties": {
        "mag": 4.1,
        "depth_km": 167.2,
        "date": "2004-02-16"
      },
      "geometry": {
        "type": "Point",
        "coordinates": [
          -72.953,
          6.706
        ]
      }
    },
    {
      "type": "Feature",
      "properties": {
        "mag": 4.6,
        "depth_km": 54.1,
        "date": "2004-02-14"
      },
      "geometry": {
        "type": "Point",
        "coordinates": [
          -77.771,
          5.351
        ]
      }
    },
    {
      "type": "Feature",
      "properties": {
        "mag": 4.5,
        "depth_km": 142.5,
        "date": "2004-02-12"
      },
      "geometry": {
        "type": "Point",
        "coordinates": [
          -76.244,
          4.446
        ]
      }
    },
    {
      "type": "Feature",
      "properties": {
        "mag": 4.5,
        "depth_km": 166.3,
        "date": "2004-01-20"
      },
      "geometry": {
        "type": "Point",
        "coordinates": [
          -72.925,
          6.706
        ]
      }
    },
    {
      "type": "Feature",
      "properties": {
        "mag": 4.7,
        "depth_km": 154.5,
        "date": "2004-01-15"
      },
      "geometry": {
        "type": "Point",
        "coordinates": [
          -76.113,
          4.14
        ]
      }
    },
    {
      "type": "Feature",
      "properties": {
        "mag": 4,
        "depth_km": 173.6,
        "date": "2004-01-12"
      },
      "geometry": {
        "type": "Point",
        "coordinates": [
          -73.159,
          6.702
        ]
      }
    },
    {
      "type": "Feature",
      "properties": {
        "mag": 4.4,
        "depth_km": 172.5,
        "date": "2004-01-08"
      },
      "geometry": {
        "type": "Point",
        "coordinates": [
          -72.983,
          6.81
        ]
      }
    },
    {
      "type": "Feature",
      "properties": {
        "mag": 4.5,
        "depth_km": 154.8,
        "date": "2004-01-05"
      },
      "geometry": {
        "type": "Point",
        "coordinates": [
          -72.959,
          6.771
        ]
      }
    },
    {
      "type": "Feature",
      "properties": {
        "mag": 4.5,
        "depth_km": 171,
        "date": "2003-12-29"
      },
      "geometry": {
        "type": "Point",
        "coordinates": [
          -72.959,
          6.757
        ]
      }
    },
    {
      "type": "Feature",
      "properties": {
        "mag": 3.9,
        "depth_km": 68.6,
        "date": "2003-12-14"
      },
      "geometry": {
        "type": "Point",
        "coordinates": [
          -77.192,
          5.208
        ]
      }
    },
    {
      "type": "Feature",
      "properties": {
        "mag": 4.8,
        "depth_km": 33,
        "date": "2003-12-10"
      },
      "geometry": {
        "type": "Point",
        "coordinates": [
          -76.026,
          7.251
        ]
      }
    },
    {
      "type": "Feature",
      "properties": {
        "mag": 4.2,
        "depth_km": 168.2,
        "date": "2003-11-27"
      },
      "geometry": {
        "type": "Point",
        "coordinates": [
          -73.019,
          6.764
        ]
      }
    },
    {
      "type": "Feature",
      "properties": {
        "mag": 4.3,
        "depth_km": 150,
        "date": "2003-11-24"
      },
      "geometry": {
        "type": "Point",
        "coordinates": [
          -73.214,
          6.969
        ]
      }
    },
    {
      "type": "Feature",
      "properties": {
        "mag": 3.8,
        "depth_km": 150,
        "date": "2003-11-18"
      },
      "geometry": {
        "type": "Point",
        "coordinates": [
          -72.878,
          7.005
        ]
      }
    },
    {
      "type": "Feature",
      "properties": {
        "mag": 4,
        "depth_km": 150,
        "date": "2003-11-14"
      },
      "geometry": {
        "type": "Point",
        "coordinates": [
          -73.198,
          6.985
        ]
      }
    },
    {
      "type": "Feature",
      "properties": {
        "mag": 4,
        "depth_km": 33,
        "date": "2003-11-06"
      },
      "geometry": {
        "type": "Point",
        "coordinates": [
          -76.436,
          6.871
        ]
      }
    },
    {
      "type": "Feature",
      "properties": {
        "mag": 6,
        "depth_km": 33,
        "date": "2003-11-05"
      },
      "geometry": {
        "type": "Point",
        "coordinates": [
          -77.77,
          4.973
        ]
      }
    },
    {
      "type": "Feature",
      "properties": {
        "mag": 4.5,
        "depth_km": 99.3,
        "date": "2003-11-02"
      },
      "geometry": {
        "type": "Point",
        "coordinates": [
          -76.552,
          4.489
        ]
      }
    },
    {
      "type": "Feature",
      "properties": {
        "mag": 4.7,
        "depth_km": 124.1,
        "date": "2003-10-30"
      },
      "geometry": {
        "type": "Point",
        "coordinates": [
          -76.284,
          4.79
        ]
      }
    },
    {
      "type": "Feature",
      "properties": {
        "mag": 4.4,
        "depth_km": 33,
        "date": "2003-09-27"
      },
      "geometry": {
        "type": "Point",
        "coordinates": [
          -74.067,
          6.688
        ]
      }
    },
    {
      "type": "Feature",
      "properties": {
        "mag": 4.9,
        "depth_km": 154.1,
        "date": "2003-09-13"
      },
      "geometry": {
        "type": "Point",
        "coordinates": [
          -73.036,
          6.703
        ]
      }
    },
    {
      "type": "Feature",
      "properties": {
        "mag": 4,
        "depth_km": 159.3,
        "date": "2003-08-31"
      },
      "geometry": {
        "type": "Point",
        "coordinates": [
          -72.912,
          6.841
        ]
      }
    },
    {
      "type": "Feature",
      "properties": {
        "mag": 4.2,
        "depth_km": 171.8,
        "date": "2003-08-31"
      },
      "geometry": {
        "type": "Point",
        "coordinates": [
          -73.043,
          6.773
        ]
      }
    },
    {
      "type": "Feature",
      "properties": {
        "mag": 4.6,
        "depth_km": 163.4,
        "date": "2003-08-25"
      },
      "geometry": {
        "type": "Point",
        "coordinates": [
          -72.921,
          6.846
        ]
      }
    },
    {
      "type": "Feature",
      "properties": {
        "mag": 4.4,
        "depth_km": 164.6,
        "date": "2003-08-16"
      },
      "geometry": {
        "type": "Point",
        "coordinates": [
          -73.044,
          6.886
        ]
      }
    },
    {
      "type": "Feature",
      "properties": {
        "mag": 4.3,
        "depth_km": 98.3,
        "date": "2003-08-13"
      },
      "geometry": {
        "type": "Point",
        "coordinates": [
          -75.875,
          6.912
        ]
      }
    },
    {
      "type": "Feature",
      "properties": {
        "mag": 4.3,
        "depth_km": 174.9,
        "date": "2003-08-09"
      },
      "geometry": {
        "type": "Point",
        "coordinates": [
          -73.244,
          6.841
        ]
      }
    },
    {
      "type": "Feature",
      "properties": {
        "mag": 4.3,
        "depth_km": 33,
        "date": "2003-07-17"
      },
      "geometry": {
        "type": "Point",
        "coordinates": [
          -76.841,
          6.935
        ]
      }
    },
    {
      "type": "Feature",
      "properties": {
        "mag": 4.5,
        "depth_km": 67.2,
        "date": "2003-07-14"
      },
      "geometry": {
        "type": "Point",
        "coordinates": [
          -76.604,
          4.091
        ]
      }
    },
    {
      "type": "Feature",
      "properties": {
        "mag": 3.7,
        "depth_km": 47.6,
        "date": "2003-07-02"
      },
      "geometry": {
        "type": "Point",
        "coordinates": [
          -76.516,
          6.904
        ]
      }
    },
    {
      "type": "Feature",
      "properties": {
        "mag": 4.2,
        "depth_km": 150,
        "date": "2003-06-30"
      },
      "geometry": {
        "type": "Point",
        "coordinates": [
          -72.956,
          7.016
        ]
      }
    },
    {
      "type": "Feature",
      "properties": {
        "mag": 4.1,
        "depth_km": 173.2,
        "date": "2003-06-26"
      },
      "geometry": {
        "type": "Point",
        "coordinates": [
          -72.951,
          6.773
        ]
      }
    },
    {
      "type": "Feature",
      "properties": {
        "mag": 4.1,
        "depth_km": 165.2,
        "date": "2003-06-18"
      },
      "geometry": {
        "type": "Point",
        "coordinates": [
          -72.963,
          6.768
        ]
      }
    },
    {
      "type": "Feature",
      "properties": {
        "mag": 3.9,
        "depth_km": 189.5,
        "date": "2003-06-07"
      },
      "geometry": {
        "type": "Point",
        "coordinates": [
          -72.991,
          6.596
        ]
      }
    },
    {
      "type": "Feature",
      "properties": {
        "mag": 3.6,
        "depth_km": 203,
        "date": "2003-06-03"
      },
      "geometry": {
        "type": "Point",
        "coordinates": [
          -72.931,
          6.178
        ]
      }
    },
    {
      "type": "Feature",
      "properties": {
        "mag": 3.9,
        "depth_km": 144.9,
        "date": "2003-05-23"
      },
      "geometry": {
        "type": "Point",
        "coordinates": [
          -73.622,
          5.657
        ]
      }
    },
    {
      "type": "Feature",
      "properties": {
        "mag": 4.2,
        "depth_km": 161.7,
        "date": "2003-05-21"
      },
      "geometry": {
        "type": "Point",
        "coordinates": [
          -72.977,
          6.89
        ]
      }
    },
    {
      "type": "Feature",
      "properties": {
        "mag": 3.8,
        "depth_km": 178.3,
        "date": "2003-05-18"
      },
      "geometry": {
        "type": "Point",
        "coordinates": [
          -73.041,
          6.688
        ]
      }
    },
    {
      "type": "Feature",
      "properties": {
        "mag": 3.9,
        "depth_km": 79.2,
        "date": "2003-05-11"
      },
      "geometry": {
        "type": "Point",
        "coordinates": [
          -76.904,
          5.875
        ]
      }
    },
    {
      "type": "Feature",
      "properties": {
        "mag": 3.6,
        "depth_km": 164.3,
        "date": "2003-05-09"
      },
      "geometry": {
        "type": "Point",
        "coordinates": [
          -72.923,
          6.811
        ]
      }
    },
    {
      "type": "Feature",
      "properties": {
        "mag": 4.6,
        "depth_km": 33,
        "date": "2003-05-05"
      },
      "geometry": {
        "type": "Point",
        "coordinates": [
          -73.14,
          6.781
        ]
      }
    },
    {
      "type": "Feature",
      "properties": {
        "mag": 4.2,
        "depth_km": 148.7,
        "date": "2003-04-24"
      },
      "geometry": {
        "type": "Point",
        "coordinates": [
          -72.91,
          6.828
        ]
      }
    },
    {
      "type": "Feature",
      "properties": {
        "mag": 4.1,
        "depth_km": 33,
        "date": "2003-03-30"
      },
      "geometry": {
        "type": "Point",
        "coordinates": [
          -75.724,
          4.666
        ]
      }
    },
    {
      "type": "Feature",
      "properties": {
        "mag": 4.2,
        "depth_km": 200,
        "date": "2003-03-16"
      },
      "geometry": {
        "type": "Point",
        "coordinates": [
          -73.151,
          6.877
        ]
      }
    },
    {
      "type": "Feature",
      "properties": {
        "mag": 4,
        "depth_km": 200,
        "date": "2003-03-09"
      },
      "geometry": {
        "type": "Point",
        "coordinates": [
          -72.882,
          7.038
        ]
      }
    },
    {
      "type": "Feature",
      "properties": {
        "mag": 4.5,
        "depth_km": 142.4,
        "date": "2003-02-27"
      },
      "geometry": {
        "type": "Point",
        "coordinates": [
          -72.987,
          6.775
        ]
      }
    },
    {
      "type": "Feature",
      "properties": {
        "mag": 4.8,
        "depth_km": 163.6,
        "date": "2003-02-08"
      },
      "geometry": {
        "type": "Point",
        "coordinates": [
          -72.896,
          6.796
        ]
      }
    },
    {
      "type": "Feature",
      "properties": {
        "mag": 4,
        "depth_km": 160.7,
        "date": "2003-02-08"
      },
      "geometry": {
        "type": "Point",
        "coordinates": [
          -72.991,
          6.765
        ]
      }
    },
    {
      "type": "Feature",
      "properties": {
        "mag": 3.5,
        "depth_km": 150,
        "date": "2003-02-02"
      },
      "geometry": {
        "type": "Point",
        "coordinates": [
          -72.868,
          6.971
        ]
      }
    },
    {
      "type": "Feature",
      "properties": {
        "mag": 4.1,
        "depth_km": 134.1,
        "date": "2003-02-01"
      },
      "geometry": {
        "type": "Point",
        "coordinates": [
          -72.982,
          6.855
        ]
      }
    },
    {
      "type": "Feature",
      "properties": {
        "mag": 4.3,
        "depth_km": 104.7,
        "date": "2003-01-14"
      },
      "geometry": {
        "type": "Point",
        "coordinates": [
          -76.309,
          4.894
        ]
      }
    },
    {
      "type": "Feature",
      "properties": {
        "mag": 4.1,
        "depth_km": 33,
        "date": "2003-01-08"
      },
      "geometry": {
        "type": "Point",
        "coordinates": [
          -76.857,
          6.185
        ]
      }
    },
    {
      "type": "Feature",
      "properties": {
        "mag": 4.8,
        "depth_km": 33,
        "date": "2003-01-08"
      },
      "geometry": {
        "type": "Point",
        "coordinates": [
          -77.231,
          6.032
        ]
      }
    },
    {
      "type": "Feature",
      "properties": {
        "mag": 5.7,
        "depth_km": 33,
        "date": "2003-01-08"
      },
      "geometry": {
        "type": "Point",
        "coordinates": [
          -77.388,
          6.036
        ]
      }
    },
    {
      "type": "Feature",
      "properties": {
        "mag": 4,
        "depth_km": 33,
        "date": "2003-01-08"
      },
      "geometry": {
        "type": "Point",
        "coordinates": [
          -73.43,
          5.873
        ]
      }
    },
    {
      "type": "Feature",
      "properties": {
        "mag": 4.2,
        "depth_km": 33,
        "date": "2003-01-07"
      },
      "geometry": {
        "type": "Point",
        "coordinates": [
          -76.553,
          7.358
        ]
      }
    },
    {
      "type": "Feature",
      "properties": {
        "mag": 4.6,
        "depth_km": 200,
        "date": "2003-01-05"
      },
      "geometry": {
        "type": "Point",
        "coordinates": [
          -72.857,
          6.971
        ]
      }
    },
    {
      "type": "Feature",
      "properties": {
        "mag": 4.2,
        "depth_km": 154.6,
        "date": "2002-12-12"
      },
      "geometry": {
        "type": "Point",
        "coordinates": [
          -72.976,
          6.724
        ]
      }
    },
    {
      "type": "Feature",
      "properties": {
        "mag": 4,
        "depth_km": 182.1,
        "date": "2002-12-11"
      },
      "geometry": {
        "type": "Point",
        "coordinates": [
          -73.049,
          6.745
        ]
      }
    },
    {
      "type": "Feature",
      "properties": {
        "mag": 4.2,
        "depth_km": 33,
        "date": "2002-12-08"
      },
      "geometry": {
        "type": "Point",
        "coordinates": [
          -77.083,
          8.221
        ]
      }
    },
    {
      "type": "Feature",
      "properties": {
        "mag": 4.8,
        "depth_km": 146.6,
        "date": "2002-11-25"
      },
      "geometry": {
        "type": "Point",
        "coordinates": [
          -72.948,
          6.779
        ]
      }
    },
    {
      "type": "Feature",
      "properties": {
        "mag": 4.8,
        "depth_km": 140.7,
        "date": "2002-11-25"
      },
      "geometry": {
        "type": "Point",
        "coordinates": [
          -72.959,
          6.81
        ]
      }
    },
    {
      "type": "Feature",
      "properties": {
        "mag": 4.4,
        "depth_km": 33,
        "date": "2002-11-01"
      },
      "geometry": {
        "type": "Point",
        "coordinates": [
          -77.765,
          5.4
        ]
      }
    },
    {
      "type": "Feature",
      "properties": {
        "mag": 4.3,
        "depth_km": 125.8,
        "date": "2002-10-23"
      },
      "geometry": {
        "type": "Point",
        "coordinates": [
          -72.962,
          6.884
        ]
      }
    },
    {
      "type": "Feature",
      "properties": {
        "mag": 4.5,
        "depth_km": 138.1,
        "date": "2002-10-19"
      },
      "geometry": {
        "type": "Point",
        "coordinates": [
          -72.886,
          6.963
        ]
      }
    },
    {
      "type": "Feature",
      "properties": {
        "mag": 4.1,
        "depth_km": 104,
        "date": "2002-09-28"
      },
      "geometry": {
        "type": "Point",
        "coordinates": [
          -75.549,
          3.957
        ]
      }
    },
    {
      "type": "Feature",
      "properties": {
        "mag": 4.1,
        "depth_km": 200,
        "date": "2002-09-22"
      },
      "geometry": {
        "type": "Point",
        "coordinates": [
          -73.08,
          6.778
        ]
      }
    },
    {
      "type": "Feature",
      "properties": {
        "mag": 4.6,
        "depth_km": 33,
        "date": "2002-09-19"
      },
      "geometry": {
        "type": "Point",
        "coordinates": [
          -76.554,
          7.052
        ]
      }
    },
    {
      "type": "Feature",
      "properties": {
        "mag": 4.1,
        "depth_km": 200,
        "date": "2002-09-17"
      },
      "geometry": {
        "type": "Point",
        "coordinates": [
          -73.041,
          6.612
        ]
      }
    },
    {
      "type": "Feature",
      "properties": {
        "mag": 4.4,
        "depth_km": 33,
        "date": "2002-09-11"
      },
      "geometry": {
        "type": "Point",
        "coordinates": [
          -77.248,
          5.972
        ]
      }
    },
    {
      "type": "Feature",
      "properties": {
        "mag": 5,
        "depth_km": 33,
        "date": "2002-09-11"
      },
      "geometry": {
        "type": "Point",
        "coordinates": [
          -77.351,
          5.683
        ]
      }
    },
    {
      "type": "Feature",
      "properties": {
        "mag": 4.4,
        "depth_km": 33,
        "date": "2002-09-11"
      },
      "geometry": {
        "type": "Point",
        "coordinates": [
          -77.502,
          5.697
        ]
      }
    },
    {
      "type": "Feature",
      "properties": {
        "mag": 4,
        "depth_km": 33,
        "date": "2002-09-08"
      },
      "geometry": {
        "type": "Point",
        "coordinates": [
          -73.052,
          6.883
        ]
      }
    },
    {
      "type": "Feature",
      "properties": {
        "mag": 4.3,
        "depth_km": 33,
        "date": "2002-09-04"
      },
      "geometry": {
        "type": "Point",
        "coordinates": [
          -77.499,
          5.874
        ]
      }
    },
    {
      "type": "Feature",
      "properties": {
        "mag": 4.2,
        "depth_km": 205.2,
        "date": "2002-08-29"
      },
      "geometry": {
        "type": "Point",
        "coordinates": [
          -72.982,
          6.821
        ]
      }
    },
    {
      "type": "Feature",
      "properties": {
        "mag": 4.6,
        "depth_km": 33,
        "date": "2002-07-31"
      },
      "geometry": {
        "type": "Point",
        "coordinates": [
          -77.662,
          6.066
        ]
      }
    },
    {
      "type": "Feature",
      "properties": {
        "mag": 4.5,
        "depth_km": 157.9,
        "date": "2002-07-31"
      },
      "geometry": {
        "type": "Point",
        "coordinates": [
          -73.001,
          6.759
        ]
      }
    },
    {
      "type": "Feature",
      "properties": {
        "mag": 4,
        "depth_km": 33,
        "date": "2002-07-24"
      },
      "geometry": {
        "type": "Point",
        "coordinates": [
          -74.181,
          4.57
        ]
      }
    },
    {
      "type": "Feature",
      "properties": {
        "mag": 4.1,
        "depth_km": 33,
        "date": "2002-07-22"
      },
      "geometry": {
        "type": "Point",
        "coordinates": [
          -77.255,
          7.273
        ]
      }
    },
    {
      "type": "Feature",
      "properties": {
        "mag": 4.8,
        "depth_km": 155.5,
        "date": "2002-07-12"
      },
      "geometry": {
        "type": "Point",
        "coordinates": [
          -73.021,
          6.733
        ]
      }
    },
    {
      "type": "Feature",
      "properties": {
        "mag": 5.4,
        "depth_km": 10,
        "date": "2002-07-02"
      },
      "geometry": {
        "type": "Point",
        "coordinates": [
          -77.405,
          5.017
        ]
      }
    },
    {
      "type": "Feature",
      "properties": {
        "mag": 4.5,
        "depth_km": 41.5,
        "date": "2002-06-30"
      },
      "geometry": {
        "type": "Point",
        "coordinates": [
          -76.516,
          8.474
        ]
      }
    },
    {
      "type": "Feature",
      "properties": {
        "mag": 3.9,
        "depth_km": 170.8,
        "date": "2002-06-19"
      },
      "geometry": {
        "type": "Point",
        "coordinates": [
          -72.99,
          6.715
        ]
      }
    },
    {
      "type": "Feature",
      "properties": {
        "mag": 4.1,
        "depth_km": 163.1,
        "date": "2002-06-08"
      },
      "geometry": {
        "type": "Point",
        "coordinates": [
          -72.931,
          6.82
        ]
      }
    },
    {
      "type": "Feature",
      "properties": {
        "mag": 4.4,
        "depth_km": 164.1,
        "date": "2002-06-07"
      },
      "geometry": {
        "type": "Point",
        "coordinates": [
          -72.974,
          6.826
        ]
      }
    },
    {
      "type": "Feature",
      "properties": {
        "mag": 3.7,
        "depth_km": 200,
        "date": "2002-05-12"
      },
      "geometry": {
        "type": "Point",
        "coordinates": [
          -73.113,
          6.648
        ]
      }
    },
    {
      "type": "Feature",
      "properties": {
        "mag": 4.5,
        "depth_km": 169.1,
        "date": "2002-05-12"
      },
      "geometry": {
        "type": "Point",
        "coordinates": [
          -73.007,
          6.673
        ]
      }
    },
    {
      "type": "Feature",
      "properties": {
        "mag": 5.2,
        "depth_km": 33,
        "date": "2002-04-26"
      },
      "geometry": {
        "type": "Point",
        "coordinates": [
          -73.61,
          6.639
        ]
      }
    },
    {
      "type": "Feature",
      "properties": {
        "mag": 4,
        "depth_km": 150,
        "date": "2002-04-14"
      },
      "geometry": {
        "type": "Point",
        "coordinates": [
          -73.004,
          6.735
        ]
      }
    },
    {
      "type": "Feature",
      "properties": {
        "mag": 4.3,
        "depth_km": 61.5,
        "date": "2002-04-14"
      },
      "geometry": {
        "type": "Point",
        "coordinates": [
          -76.102,
          5.728
        ]
      }
    },
    {
      "type": "Feature",
      "properties": {
        "mag": 4,
        "depth_km": 136.9,
        "date": "2002-04-08"
      },
      "geometry": {
        "type": "Point",
        "coordinates": [
          -73.032,
          6.82
        ]
      }
    },
    {
      "type": "Feature",
      "properties": {
        "mag": 4,
        "depth_km": 172.8,
        "date": "2002-04-06"
      },
      "geometry": {
        "type": "Point",
        "coordinates": [
          -75.592,
          4.427
        ]
      }
    },
    {
      "type": "Feature",
      "properties": {
        "mag": 3.9,
        "depth_km": 158.4,
        "date": "2002-04-01"
      },
      "geometry": {
        "type": "Point",
        "coordinates": [
          -72.987,
          6.78
        ]
      }
    },
    {
      "type": "Feature",
      "properties": {
        "mag": 4.5,
        "depth_km": 137,
        "date": "2002-03-24"
      },
      "geometry": {
        "type": "Point",
        "coordinates": [
          -72.988,
          6.772
        ]
      }
    },
    {
      "type": "Feature",
      "properties": {
        "mag": 4.1,
        "depth_km": 169.1,
        "date": "2002-03-10"
      },
      "geometry": {
        "type": "Point",
        "coordinates": [
          -73.032,
          6.744
        ]
      }
    },
    {
      "type": "Feature",
      "properties": {
        "mag": 4.3,
        "depth_km": 166.1,
        "date": "2002-02-24"
      },
      "geometry": {
        "type": "Point",
        "coordinates": [
          -73.002,
          6.759
        ]
      }
    },
    {
      "type": "Feature",
      "properties": {
        "mag": 4.2,
        "depth_km": 166.8,
        "date": "2002-02-16"
      },
      "geometry": {
        "type": "Point",
        "coordinates": [
          -72.963,
          6.698
        ]
      }
    },
    {
      "type": "Feature",
      "properties": {
        "mag": 4.2,
        "depth_km": 33,
        "date": "2002-02-16"
      },
      "geometry": {
        "type": "Point",
        "coordinates": [
          -73.167,
          6.632
        ]
      }
    },
    {
      "type": "Feature",
      "properties": {
        "mag": 3.6,
        "depth_km": 200,
        "date": "2002-01-30"
      },
      "geometry": {
        "type": "Point",
        "coordinates": [
          -73.247,
          6.749
        ]
      }
    },
    {
      "type": "Feature",
      "properties": {
        "mag": 4,
        "depth_km": 157.4,
        "date": "2002-01-29"
      },
      "geometry": {
        "type": "Point",
        "coordinates": [
          -72.981,
          6.779
        ]
      }
    },
    {
      "type": "Feature",
      "properties": {
        "mag": 4.1,
        "depth_km": 166.1,
        "date": "2002-01-27"
      },
      "geometry": {
        "type": "Point",
        "coordinates": [
          -73.098,
          6.672
        ]
      }
    },
    {
      "type": "Feature",
      "properties": {
        "mag": 3.9,
        "depth_km": 33,
        "date": "2002-01-11"
      },
      "geometry": {
        "type": "Point",
        "coordinates": [
          -74.276,
          6.757
        ]
      }
    },
    {
      "type": "Feature",
      "properties": {
        "mag": 4.2,
        "depth_km": 33,
        "date": "2002-01-03"
      },
      "geometry": {
        "type": "Point",
        "coordinates": [
          -74.735,
          8.489
        ]
      }
    },
    {
      "type": "Feature",
      "properties": {
        "mag": 4.4,
        "depth_km": 204.4,
        "date": "2001-12-25"
      },
      "geometry": {
        "type": "Point",
        "coordinates": [
          -73.122,
          6.634
        ]
      }
    },
    {
      "type": "Feature",
      "properties": {
        "mag": 4.5,
        "depth_km": 167.8,
        "date": "2001-12-16"
      },
      "geometry": {
        "type": "Point",
        "coordinates": [
          -72.982,
          6.745
        ]
      }
    },
    {
      "type": "Feature",
      "properties": {
        "mag": 3.8,
        "depth_km": 150,
        "date": "2001-12-04"
      },
      "geometry": {
        "type": "Point",
        "coordinates": [
          -72.99,
          6.809
        ]
      }
    },
    {
      "type": "Feature",
      "properties": {
        "mag": 4.5,
        "depth_km": 33,
        "date": "2001-11-30"
      },
      "geometry": {
        "type": "Point",
        "coordinates": [
          -76.895,
          4.638
        ]
      }
    },
    {
      "type": "Feature",
      "properties": {
        "mag": 5.3,
        "depth_km": 165.3,
        "date": "2001-11-19"
      },
      "geometry": {
        "type": "Point",
        "coordinates": [
          -72.899,
          6.743
        ]
      }
    },
    {
      "type": "Feature",
      "properties": {
        "mag": 4.5,
        "depth_km": 150,
        "date": "2001-11-08"
      },
      "geometry": {
        "type": "Point",
        "coordinates": [
          -73.097,
          6.402
        ]
      }
    },
    {
      "type": "Feature",
      "properties": {
        "mag": 3.6,
        "depth_km": 163.5,
        "date": "2001-11-05"
      },
      "geometry": {
        "type": "Point",
        "coordinates": [
          -72.892,
          6.824
        ]
      }
    },
    {
      "type": "Feature",
      "properties": {
        "mag": 4.1,
        "depth_km": 155.2,
        "date": "2001-10-02"
      },
      "geometry": {
        "type": "Point",
        "coordinates": [
          -72.988,
          6.726
        ]
      }
    },
    {
      "type": "Feature",
      "properties": {
        "mag": 5.9,
        "depth_km": 178.6,
        "date": "2001-09-22"
      },
      "geometry": {
        "type": "Point",
        "coordinates": [
          -75.968,
          3.873
        ]
      }
    },
    {
      "type": "Feature",
      "properties": {
        "mag": 4.3,
        "depth_km": 182.4,
        "date": "2001-09-21"
      },
      "geometry": {
        "type": "Point",
        "coordinates": [
          -73.144,
          6.693
        ]
      }
    },
    {
      "type": "Feature",
      "properties": {
        "mag": 4.1,
        "depth_km": 33,
        "date": "2001-09-12"
      },
      "geometry": {
        "type": "Point",
        "coordinates": [
          -72.971,
          7.02
        ]
      }
    },
    {
      "type": "Feature",
      "properties": {
        "mag": 3.6,
        "depth_km": 100,
        "date": "2001-09-09"
      },
      "geometry": {
        "type": "Point",
        "coordinates": [
          -72.936,
          6.873
        ]
      }
    },
    {
      "type": "Feature",
      "properties": {
        "mag": 5.1,
        "depth_km": 33,
        "date": "2001-09-08"
      },
      "geometry": {
        "type": "Point",
        "coordinates": [
          -74.928,
          8.33
        ]
      }
    },
    {
      "type": "Feature",
      "properties": {
        "mag": 4.1,
        "depth_km": 150,
        "date": "2001-09-08"
      },
      "geometry": {
        "type": "Point",
        "coordinates": [
          -73.251,
          6.394
        ]
      }
    },
    {
      "type": "Feature",
      "properties": {
        "mag": 3.9,
        "depth_km": 178.4,
        "date": "2001-09-02"
      },
      "geometry": {
        "type": "Point",
        "coordinates": [
          -73.043,
          6.702
        ]
      }
    },
    {
      "type": "Feature",
      "properties": {
        "mag": 4.2,
        "depth_km": 171.2,
        "date": "2001-08-28"
      },
      "geometry": {
        "type": "Point",
        "coordinates": [
          -73.027,
          6.81
        ]
      }
    },
    {
      "type": "Feature",
      "properties": {
        "mag": 3.7,
        "depth_km": 160.6,
        "date": "2001-08-26"
      },
      "geometry": {
        "type": "Point",
        "coordinates": [
          -72.885,
          6.915
        ]
      }
    },
    {
      "type": "Feature",
      "properties": {
        "mag": 4.2,
        "depth_km": 33,
        "date": "2001-08-25"
      },
      "geometry": {
        "type": "Point",
        "coordinates": [
          -77.84,
          6.815
        ]
      }
    },
    {
      "type": "Feature",
      "properties": {
        "mag": 4,
        "depth_km": 33,
        "date": "2001-08-16"
      },
      "geometry": {
        "type": "Point",
        "coordinates": [
          -77.223,
          6.392
        ]
      }
    },
    {
      "type": "Feature",
      "properties": {
        "mag": 3.5,
        "depth_km": 167.5,
        "date": "2001-08-08"
      },
      "geometry": {
        "type": "Point",
        "coordinates": [
          -72.897,
          6.885
        ]
      }
    },
    {
      "type": "Feature",
      "properties": {
        "mag": 3.9,
        "depth_km": 152.8,
        "date": "2001-08-02"
      },
      "geometry": {
        "type": "Point",
        "coordinates": [
          -73.824,
          5.91
        ]
      }
    },
    {
      "type": "Feature",
      "properties": {
        "mag": 3.8,
        "depth_km": 103.2,
        "date": "2001-07-28"
      },
      "geometry": {
        "type": "Point",
        "coordinates": [
          -75.533,
          7.021
        ]
      }
    },
    {
      "type": "Feature",
      "properties": {
        "mag": 4.2,
        "depth_km": 33,
        "date": "2001-07-19"
      },
      "geometry": {
        "type": "Point",
        "coordinates": [
          -77.135,
          6.934
        ]
      }
    },
    {
      "type": "Feature",
      "properties": {
        "mag": 4.5,
        "depth_km": 78.8,
        "date": "2001-07-05"
      },
      "geometry": {
        "type": "Point",
        "coordinates": [
          -75.876,
          6.82
        ]
      }
    },
    {
      "type": "Feature",
      "properties": {
        "mag": 4.6,
        "depth_km": 169,
        "date": "2001-06-27"
      },
      "geometry": {
        "type": "Point",
        "coordinates": [
          -73.089,
          6.782
        ]
      }
    },
    {
      "type": "Feature",
      "properties": {
        "mag": 4.1,
        "depth_km": 200,
        "date": "2001-06-26"
      },
      "geometry": {
        "type": "Point",
        "coordinates": [
          -72.964,
          6.498
        ]
      }
    },
    {
      "type": "Feature",
      "properties": {
        "mag": 4.6,
        "depth_km": 164.2,
        "date": "2001-06-23"
      },
      "geometry": {
        "type": "Point",
        "coordinates": [
          -73.004,
          6.828
        ]
      }
    },
    {
      "type": "Feature",
      "properties": {
        "mag": 4.4,
        "depth_km": 161.2,
        "date": "2001-06-05"
      },
      "geometry": {
        "type": "Point",
        "coordinates": [
          -73.008,
          6.795
        ]
      }
    },
    {
      "type": "Feature",
      "properties": {
        "mag": 4.3,
        "depth_km": 24.3,
        "date": "2001-05-31"
      },
      "geometry": {
        "type": "Point",
        "coordinates": [
          -76.997,
          7.412
        ]
      }
    },
    {
      "type": "Feature",
      "properties": {
        "mag": 4.1,
        "depth_km": 37.3,
        "date": "2001-05-19"
      },
      "geometry": {
        "type": "Point",
        "coordinates": [
          -77.064,
          6.955
        ]
      }
    },
    {
      "type": "Feature",
      "properties": {
        "mag": 4.9,
        "depth_km": 157.6,
        "date": "2001-05-18"
      },
      "geometry": {
        "type": "Point",
        "coordinates": [
          -73.004,
          6.782
        ]
      }
    },
    {
      "type": "Feature",
      "properties": {
        "mag": 3.8,
        "depth_km": 171,
        "date": "2001-05-11"
      },
      "geometry": {
        "type": "Point",
        "coordinates": [
          -73.015,
          6.761
        ]
      }
    },
    {
      "type": "Feature",
      "properties": {
        "mag": 4.8,
        "depth_km": 163.1,
        "date": "2001-05-03"
      },
      "geometry": {
        "type": "Point",
        "coordinates": [
          -73.012,
          6.759
        ]
      }
    },
    {
      "type": "Feature",
      "properties": {
        "mag": 3.6,
        "depth_km": 174,
        "date": "2001-04-29"
      },
      "geometry": {
        "type": "Point",
        "coordinates": [
          -73.027,
          6.808
        ]
      }
    },
    {
      "type": "Feature",
      "properties": {
        "mag": 4.5,
        "depth_km": 68.1,
        "date": "2001-04-21"
      },
      "geometry": {
        "type": "Point",
        "coordinates": [
          -76.451,
          3.971
        ]
      }
    },
    {
      "type": "Feature",
      "properties": {
        "mag": 4.7,
        "depth_km": 71.1,
        "date": "2001-04-18"
      },
      "geometry": {
        "type": "Point",
        "coordinates": [
          -74.854,
          8.057
        ]
      }
    },
    {
      "type": "Feature",
      "properties": {
        "mag": 4.4,
        "depth_km": 162.1,
        "date": "2001-04-15"
      },
      "geometry": {
        "type": "Point",
        "coordinates": [
          -73.024,
          6.802
        ]
      }
    },
    {
      "type": "Feature",
      "properties": {
        "mag": 3.7,
        "depth_km": 150,
        "date": "2001-04-08"
      },
      "geometry": {
        "type": "Point",
        "coordinates": [
          -73.035,
          7.014
        ]
      }
    },
    {
      "type": "Feature",
      "properties": {
        "mag": 4.2,
        "depth_km": 157.7,
        "date": "2001-04-03"
      },
      "geometry": {
        "type": "Point",
        "coordinates": [
          -73.033,
          6.906
        ]
      }
    },
    {
      "type": "Feature",
      "properties": {
        "mag": 4.3,
        "depth_km": 33,
        "date": "2001-03-28"
      },
      "geometry": {
        "type": "Point",
        "coordinates": [
          -76.86,
          7.038
        ]
      }
    },
    {
      "type": "Feature",
      "properties": {
        "mag": 4.2,
        "depth_km": 163.8,
        "date": "2001-03-21"
      },
      "geometry": {
        "type": "Point",
        "coordinates": [
          -72.922,
          6.769
        ]
      }
    },
    {
      "type": "Feature",
      "properties": {
        "mag": 4.3,
        "depth_km": 25.3,
        "date": "2001-03-21"
      },
      "geometry": {
        "type": "Point",
        "coordinates": [
          -74.9,
          7.867
        ]
      }
    },
    {
      "type": "Feature",
      "properties": {
        "mag": 4.3,
        "depth_km": 202.6,
        "date": "2001-03-11"
      },
      "geometry": {
        "type": "Point",
        "coordinates": [
          -72.84,
          6.59
        ]
      }
    },
    {
      "type": "Feature",
      "properties": {
        "mag": 4.4,
        "depth_km": 35.1,
        "date": "2001-03-04"
      },
      "geometry": {
        "type": "Point",
        "coordinates": [
          -77.859,
          5.562
        ]
      }
    },
    {
      "type": "Feature",
      "properties": {
        "mag": 4.3,
        "depth_km": 166.5,
        "date": "2001-02-22"
      },
      "geometry": {
        "type": "Point",
        "coordinates": [
          -73.11,
          6.83
        ]
      }
    },
    {
      "type": "Feature",
      "properties": {
        "mag": 3.8,
        "depth_km": 126.2,
        "date": "2001-02-21"
      },
      "geometry": {
        "type": "Point",
        "coordinates": [
          -73.132,
          7.187
        ]
      }
    },
    {
      "type": "Feature",
      "properties": {
        "mag": 4.2,
        "depth_km": 133.8,
        "date": "2001-02-07"
      },
      "geometry": {
        "type": "Point",
        "coordinates": [
          -77.577,
          6.409
        ]
      }
    },
    {
      "type": "Feature",
      "properties": {
        "mag": 4.3,
        "depth_km": 169.9,
        "date": "2001-02-05"
      },
      "geometry": {
        "type": "Point",
        "coordinates": [
          -72.982,
          6.87
        ]
      }
    },
    {
      "type": "Feature",
      "properties": {
        "mag": 4.3,
        "depth_km": 161.5,
        "date": "2001-01-31"
      },
      "geometry": {
        "type": "Point",
        "coordinates": [
          -76.061,
          3.956
        ]
      }
    },
    {
      "type": "Feature",
      "properties": {
        "mag": 4.3,
        "depth_km": 164,
        "date": "2001-01-27"
      },
      "geometry": {
        "type": "Point",
        "coordinates": [
          -73.08,
          6.848
        ]
      }
    },
    {
      "type": "Feature",
      "properties": {
        "mag": 4.1,
        "depth_km": 135.3,
        "date": "2001-01-07"
      },
      "geometry": {
        "type": "Point",
        "coordinates": [
          -73.056,
          7.255
        ]
      }
    },
    {
      "type": "Feature",
      "properties": {
        "mag": 4.2,
        "depth_km": 162.3,
        "date": "2001-01-05"
      },
      "geometry": {
        "type": "Point",
        "coordinates": [
          -72.937,
          6.827
        ]
      }
    },
    {
      "type": "Feature",
      "properties": {
        "mag": 4.1,
        "depth_km": 33,
        "date": "2000-12-29"
      },
      "geometry": {
        "type": "Point",
        "coordinates": [
          -75.233,
          7.623
        ]
      }
    },
    {
      "type": "Feature",
      "properties": {
        "mag": 4,
        "depth_km": 150,
        "date": "2000-12-24"
      },
      "geometry": {
        "type": "Point",
        "coordinates": [
          -73.047,
          7.028
        ]
      }
    },
    {
      "type": "Feature",
      "properties": {
        "mag": 4,
        "depth_km": 33,
        "date": "2000-12-21"
      },
      "geometry": {
        "type": "Point",
        "coordinates": [
          -73.922,
          6.336
        ]
      }
    },
    {
      "type": "Feature",
      "properties": {
        "mag": 3.7,
        "depth_km": 10,
        "date": "2000-12-19"
      },
      "geometry": {
        "type": "Point",
        "coordinates": [
          -76.091,
          5.378
        ]
      }
    },
    {
      "type": "Feature",
      "properties": {
        "mag": 3.7,
        "depth_km": 128.7,
        "date": "2000-12-18"
      },
      "geometry": {
        "type": "Point",
        "coordinates": [
          -75.583,
          5.221
        ]
      }
    },
    {
      "type": "Feature",
      "properties": {
        "mag": 4.9,
        "depth_km": 161.7,
        "date": "2000-12-17"
      },
      "geometry": {
        "type": "Point",
        "coordinates": [
          -73.056,
          6.789
        ]
      }
    },
    {
      "type": "Feature",
      "properties": {
        "mag": 3.8,
        "depth_km": 190.2,
        "date": "2000-12-16"
      },
      "geometry": {
        "type": "Point",
        "coordinates": [
          -73.051,
          6.584
        ]
      }
    },
    {
      "type": "Feature",
      "properties": {
        "mag": 5.4,
        "depth_km": 33,
        "date": "2000-12-16"
      },
      "geometry": {
        "type": "Point",
        "coordinates": [
          -77.973,
          7.086
        ]
      }
    },
    {
      "type": "Feature",
      "properties": {
        "mag": 4,
        "depth_km": 158.7,
        "date": "2000-12-15"
      },
      "geometry": {
        "type": "Point",
        "coordinates": [
          -73.09,
          6.88
        ]
      }
    },
    {
      "type": "Feature",
      "properties": {
        "mag": 4.1,
        "depth_km": 176.1,
        "date": "2000-12-06"
      },
      "geometry": {
        "type": "Point",
        "coordinates": [
          -72.961,
          6.776
        ]
      }
    },
    {
      "type": "Feature",
      "properties": {
        "mag": 4.2,
        "depth_km": 10,
        "date": "2000-11-26"
      },
      "geometry": {
        "type": "Point",
        "coordinates": [
          -78.17,
          7.021
        ]
      }
    },
    {
      "type": "Feature",
      "properties": {
        "mag": 4.8,
        "depth_km": 162.7,
        "date": "2000-11-24"
      },
      "geometry": {
        "type": "Point",
        "coordinates": [
          -73.036,
          6.801
        ]
      }
    },
    {
      "type": "Feature",
      "properties": {
        "mag": 4.1,
        "depth_km": 33,
        "date": "2000-11-20"
      },
      "geometry": {
        "type": "Point",
        "coordinates": [
          -74.43,
          6.12
        ]
      }
    },
    {
      "type": "Feature",
      "properties": {
        "mag": 4.2,
        "depth_km": 149.9,
        "date": "2000-11-19"
      },
      "geometry": {
        "type": "Point",
        "coordinates": [
          -72.862,
          6.826
        ]
      }
    },
    {
      "type": "Feature",
      "properties": {
        "mag": 4.4,
        "depth_km": 10,
        "date": "2000-11-19"
      },
      "geometry": {
        "type": "Point",
        "coordinates": [
          -75.013,
          3.989
        ]
      }
    },
    {
      "type": "Feature",
      "properties": {
        "mag": 4,
        "depth_km": 10,
        "date": "2000-11-19"
      },
      "geometry": {
        "type": "Point",
        "coordinates": [
          -74.066,
          6.091
        ]
      }
    },
    {
      "type": "Feature",
      "properties": {
        "mag": 4.7,
        "depth_km": 59.1,
        "date": "2000-11-09"
      },
      "geometry": {
        "type": "Point",
        "coordinates": [
          -77.813,
          6.978
        ]
      }
    },
    {
      "type": "Feature",
      "properties": {
        "mag": 4.7,
        "depth_km": 17.3,
        "date": "2000-11-08"
      },
      "geometry": {
        "type": "Point",
        "coordinates": [
          -77.941,
          7.055
        ]
      }
    },
    {
      "type": "Feature",
      "properties": {
        "mag": 6.5,
        "depth_km": 17,
        "date": "2000-11-08"
      },
      "geometry": {
        "type": "Point",
        "coordinates": [
          -77.829,
          7.042
        ]
      }
    },
    {
      "type": "Feature",
      "properties": {
        "mag": 4.3,
        "depth_km": 172.8,
        "date": "2000-10-29"
      },
      "geometry": {
        "type": "Point",
        "coordinates": [
          -73.063,
          6.816
        ]
      }
    },
    {
      "type": "Feature",
      "properties": {
        "mag": 4.5,
        "depth_km": 167.9,
        "date": "2000-10-10"
      },
      "geometry": {
        "type": "Point",
        "coordinates": [
          -73.041,
          6.775
        ]
      }
    },
    {
      "type": "Feature",
      "properties": {
        "mag": 4.4,
        "depth_km": 167.2,
        "date": "2000-10-03"
      },
      "geometry": {
        "type": "Point",
        "coordinates": [
          -73.013,
          6.796
        ]
      }
    },
    {
      "type": "Feature",
      "properties": {
        "mag": 4.1,
        "depth_km": 182.4,
        "date": "2000-09-28"
      },
      "geometry": {
        "type": "Point",
        "coordinates": [
          -73.058,
          6.693
        ]
      }
    },
    {
      "type": "Feature",
      "properties": {
        "mag": 4.4,
        "depth_km": 33,
        "date": "2000-09-28"
      },
      "geometry": {
        "type": "Point",
        "coordinates": [
          -77.92,
          5.738
        ]
      }
    },
    {
      "type": "Feature",
      "properties": {
        "mag": 4.4,
        "depth_km": 33,
        "date": "2000-09-27"
      },
      "geometry": {
        "type": "Point",
        "coordinates": [
          -78.05,
          5.938
        ]
      }
    },
    {
      "type": "Feature",
      "properties": {
        "mag": 4.2,
        "depth_km": 150,
        "date": "2000-09-25"
      },
      "geometry": {
        "type": "Point",
        "coordinates": [
          -73.08,
          6.979
        ]
      }
    },
    {
      "type": "Feature",
      "properties": {
        "mag": 4.4,
        "depth_km": 150,
        "date": "2000-09-20"
      },
      "geometry": {
        "type": "Point",
        "coordinates": [
          -73.03,
          6.79
        ]
      }
    },
    {
      "type": "Feature",
      "properties": {
        "mag": 4.2,
        "depth_km": 33,
        "date": "2000-09-17"
      },
      "geometry": {
        "type": "Point",
        "coordinates": [
          -75.137,
          7.027
        ]
      }
    },
    {
      "type": "Feature",
      "properties": {
        "mag": 4.5,
        "depth_km": 161,
        "date": "2000-09-16"
      },
      "geometry": {
        "type": "Point",
        "coordinates": [
          -73.483,
          5.596
        ]
      }
    },
    {
      "type": "Feature",
      "properties": {
        "mag": 4.9,
        "depth_km": 164.3,
        "date": "2000-09-12"
      },
      "geometry": {
        "type": "Point",
        "coordinates": [
          -72.992,
          6.744
        ]
      }
    },
    {
      "type": "Feature",
      "properties": {
        "mag": 3.6,
        "depth_km": 10,
        "date": "2000-09-07"
      },
      "geometry": {
        "type": "Point",
        "coordinates": [
          -74.641,
          4.867
        ]
      }
    },
    {
      "type": "Feature",
      "properties": {
        "mag": 4.3,
        "depth_km": 10,
        "date": "2000-08-28"
      },
      "geometry": {
        "type": "Point",
        "coordinates": [
          -74.873,
          4.589
        ]
      }
    },
    {
      "type": "Feature",
      "properties": {
        "mag": 4,
        "depth_km": 174.2,
        "date": "2000-08-25"
      },
      "geometry": {
        "type": "Point",
        "coordinates": [
          -73.054,
          6.807
        ]
      }
    },
    {
      "type": "Feature",
      "properties": {
        "mag": 4,
        "depth_km": 172,
        "date": "2000-08-24"
      },
      "geometry": {
        "type": "Point",
        "coordinates": [
          -73.041,
          6.765
        ]
      }
    },
    {
      "type": "Feature",
      "properties": {
        "mag": 3.8,
        "depth_km": 155.4,
        "date": "2000-08-19"
      },
      "geometry": {
        "type": "Point",
        "coordinates": [
          -72.988,
          6.909
        ]
      }
    },
    {
      "type": "Feature",
      "properties": {
        "mag": 4.5,
        "depth_km": 163.7,
        "date": "2000-08-16"
      },
      "geometry": {
        "type": "Point",
        "coordinates": [
          -73.053,
          6.813
        ]
      }
    },
    {
      "type": "Feature",
      "properties": {
        "mag": 4.1,
        "depth_km": 128.5,
        "date": "2000-08-12"
      },
      "geometry": {
        "type": "Point",
        "coordinates": [
          -72.914,
          7.08
        ]
      }
    },
    {
      "type": "Feature",
      "properties": {
        "mag": 3.8,
        "depth_km": 171.3,
        "date": "2000-08-08"
      },
      "geometry": {
        "type": "Point",
        "coordinates": [
          -73.208,
          6.805
        ]
      }
    },
    {
      "type": "Feature",
      "properties": {
        "mag": 4.4,
        "depth_km": 158.1,
        "date": "2000-07-30"
      },
      "geometry": {
        "type": "Point",
        "coordinates": [
          -73.605,
          5.592
        ]
      }
    },
    {
      "type": "Feature",
      "properties": {
        "mag": 4.2,
        "depth_km": 168.6,
        "date": "2000-07-25"
      },
      "geometry": {
        "type": "Point",
        "coordinates": [
          -72.981,
          6.767
        ]
      }
    },
    {
      "type": "Feature",
      "properties": {
        "mag": 5.3,
        "depth_km": 33,
        "date": "2000-07-12"
      },
      "geometry": {
        "type": "Point",
        "coordinates": [
          -77.786,
          6.17
        ]
      }
    },
    {
      "type": "Feature",
      "properties": {
        "mag": 4.2,
        "depth_km": 33,
        "date": "2000-07-06"
      },
      "geometry": {
        "type": "Point",
        "coordinates": [
          -77.268,
          6.993
        ]
      }
    },
    {
      "type": "Feature",
      "properties": {
        "mag": 4,
        "depth_km": 200,
        "date": "2000-06-04"
      },
      "geometry": {
        "type": "Point",
        "coordinates": [
          -73.016,
          6.801
        ]
      }
    },
    {
      "type": "Feature",
      "properties": {
        "mag": 4,
        "depth_km": 33,
        "date": "2000-05-30"
      },
      "geometry": {
        "type": "Point",
        "coordinates": [
          -77.404,
          5.673
        ]
      }
    },
    {
      "type": "Feature",
      "properties": {
        "mag": 3.5,
        "depth_km": 177.5,
        "date": "2000-05-22"
      },
      "geometry": {
        "type": "Point",
        "coordinates": [
          -73.155,
          6.77
        ]
      }
    },
    {
      "type": "Feature",
      "properties": {
        "mag": 3.6,
        "depth_km": 125.6,
        "date": "2000-05-22"
      },
      "geometry": {
        "type": "Point",
        "coordinates": [
          -73.041,
          7.24
        ]
      }
    },
    {
      "type": "Feature",
      "properties": {
        "mag": 3.8,
        "depth_km": 179.1,
        "date": "2000-05-19"
      },
      "geometry": {
        "type": "Point",
        "coordinates": [
          -73.037,
          6.74
        ]
      }
    },
    {
      "type": "Feature",
      "properties": {
        "mag": 4.1,
        "depth_km": 157,
        "date": "2000-04-16"
      },
      "geometry": {
        "type": "Point",
        "coordinates": [
          -73.024,
          6.776
        ]
      }
    },
    {
      "type": "Feature",
      "properties": {
        "mag": 4.2,
        "depth_km": 55.1,
        "date": "2000-04-08"
      },
      "geometry": {
        "type": "Point",
        "coordinates": [
          -77.037,
          7.395
        ]
      }
    },
    {
      "type": "Feature",
      "properties": {
        "mag": 3.8,
        "depth_km": 33,
        "date": "2000-04-06"
      },
      "geometry": {
        "type": "Point",
        "coordinates": [
          -77.747,
          5.309
        ]
      }
    },
    {
      "type": "Feature",
      "properties": {
        "mag": 4.6,
        "depth_km": 10,
        "date": "2000-04-05"
      },
      "geometry": {
        "type": "Point",
        "coordinates": [
          -77.191,
          5.469
        ]
      }
    },
    {
      "type": "Feature",
      "properties": {
        "mag": 4.6,
        "depth_km": 169.9,
        "date": "2000-04-05"
      },
      "geometry": {
        "type": "Point",
        "coordinates": [
          -73.01,
          6.77
        ]
      }
    },
    {
      "type": "Feature",
      "properties": {
        "mag": 4,
        "depth_km": 176.9,
        "date": "2000-04-02"
      },
      "geometry": {
        "type": "Point",
        "coordinates": [
          -72.989,
          6.803
        ]
      }
    },
    {
      "type": "Feature",
      "properties": {
        "mag": 4.9,
        "depth_km": 55.4,
        "date": "2000-03-28"
      },
      "geometry": {
        "type": "Point",
        "coordinates": [
          -74.643,
          7.391
        ]
      }
    },
    {
      "type": "Feature",
      "properties": {
        "mag": 4.3,
        "depth_km": 165.9,
        "date": "2000-03-24"
      },
      "geometry": {
        "type": "Point",
        "coordinates": [
          -72.941,
          6.817
        ]
      }
    },
    {
      "type": "Feature",
      "properties": {
        "mag": 4.5,
        "depth_km": 33,
        "date": "2000-03-21"
      },
      "geometry": {
        "type": "Point",
        "coordinates": [
          -77.631,
          5.484
        ]
      }
    },
    {
      "type": "Feature",
      "properties": {
        "mag": 4,
        "depth_km": 33,
        "date": "2000-03-20"
      },
      "geometry": {
        "type": "Point",
        "coordinates": [
          -77.122,
          5.524
        ]
      }
    },
    {
      "type": "Feature",
      "properties": {
        "mag": 5.3,
        "depth_km": 37.2,
        "date": "2000-03-19"
      },
      "geometry": {
        "type": "Point",
        "coordinates": [
          -77.631,
          5.65
        ]
      }
    },
    {
      "type": "Feature",
      "properties": {
        "mag": 4.1,
        "depth_km": 188.1,
        "date": "2000-03-12"
      },
      "geometry": {
        "type": "Point",
        "coordinates": [
          -73.035,
          6.674
        ]
      }
    },
    {
      "type": "Feature",
      "properties": {
        "mag": 3.8,
        "depth_km": 140.8,
        "date": "2000-03-11"
      },
      "geometry": {
        "type": "Point",
        "coordinates": [
          -76.208,
          4.587
        ]
      }
    },
    {
      "type": "Feature",
      "properties": {
        "mag": 4.1,
        "depth_km": 71.5,
        "date": "2000-02-25"
      },
      "geometry": {
        "type": "Point",
        "coordinates": [
          -75.385,
          7.19
        ]
      }
    },
    {
      "type": "Feature",
      "properties": {
        "mag": 3.6,
        "depth_km": 171.3,
        "date": "2000-02-22"
      },
      "geometry": {
        "type": "Point",
        "coordinates": [
          -72.981,
          6.827
        ]
      }
    },
    {
      "type": "Feature",
      "properties": {
        "mag": 4.1,
        "depth_km": 216.3,
        "date": "2000-02-20"
      },
      "geometry": {
        "type": "Point",
        "coordinates": [
          -73.121,
          6.84
        ]
      }
    },
    {
      "type": "Feature",
      "properties": {
        "mag": 3.7,
        "depth_km": 221.1,
        "date": "2000-02-17"
      },
      "geometry": {
        "type": "Point",
        "coordinates": [
          -73.242,
          6.441
        ]
      }
    },
    {
      "type": "Feature",
      "properties": {
        "mag": 4.2,
        "depth_km": 33,
        "date": "2000-02-16"
      },
      "geometry": {
        "type": "Point",
        "coordinates": [
          -77.213,
          4.856
        ]
      }
    },
    {
      "type": "Feature",
      "properties": {
        "mag": 4.8,
        "depth_km": 159.6,
        "date": "2000-02-05"
      },
      "geometry": {
        "type": "Point",
        "coordinates": [
          -72.927,
          6.761
        ]
      }
    },
    {
      "type": "Feature",
      "properties": {
        "mag": 4.2,
        "depth_km": 10,
        "date": "2000-01-28"
      },
      "geometry": {
        "type": "Point",
        "coordinates": [
          -77.771,
          7.653
        ]
      }
    },
    {
      "type": "Feature",
      "properties": {
        "mag": 4.7,
        "depth_km": 21.4,
        "date": "2000-01-28"
      },
      "geometry": {
        "type": "Point",
        "coordinates": [
          -77.85,
          7.457
        ]
      }
    },
    {
      "type": "Feature",
      "properties": {
        "mag": 3.5,
        "depth_km": 33,
        "date": "2000-01-16"
      },
      "geometry": {
        "type": "Point",
        "coordinates": [
          -76.102,
          5.774
        ]
      }
    },
    {
      "type": "Feature",
      "properties": {
        "mag": 4.1,
        "depth_km": 197.5,
        "date": "2000-01-15"
      },
      "geometry": {
        "type": "Point",
        "coordinates": [
          -73.024,
          6.552
        ]
      }
    },
    {
      "type": "Feature",
      "properties": {
        "mag": 3.8,
        "depth_km": 181.9,
        "date": "1999-12-31"
      },
      "geometry": {
        "type": "Point",
        "coordinates": [
          -72.994,
          6.662
        ]
      }
    },
    {
      "type": "Feature",
      "properties": {
        "mag": 3.9,
        "depth_km": 165.4,
        "date": "1999-12-13"
      },
      "geometry": {
        "type": "Point",
        "coordinates": [
          -72.91,
          6.8
        ]
      }
    },
    {
      "type": "Feature",
      "properties": {
        "mag": 4.4,
        "depth_km": 167.1,
        "date": "1999-12-12"
      },
      "geometry": {
        "type": "Point",
        "coordinates": [
          -73.022,
          6.776
        ]
      }
    },
    {
      "type": "Feature",
      "properties": {
        "mag": 3.9,
        "depth_km": 10,
        "date": "1999-12-03"
      },
      "geometry": {
        "type": "Point",
        "coordinates": [
          -74.663,
          4.694
        ]
      }
    },
    {
      "type": "Feature",
      "properties": {
        "mag": 4,
        "depth_km": 160.9,
        "date": "1999-11-22"
      },
      "geometry": {
        "type": "Point",
        "coordinates": [
          -72.909,
          6.806
        ]
      }
    },
    {
      "type": "Feature",
      "properties": {
        "mag": 4.2,
        "depth_km": 84.5,
        "date": "1999-11-13"
      },
      "geometry": {
        "type": "Point",
        "coordinates": [
          -76.127,
          7.23
        ]
      }
    },
    {
      "type": "Feature",
      "properties": {
        "mag": 3.7,
        "depth_km": 10,
        "date": "1999-11-09"
      },
      "geometry": {
        "type": "Point",
        "coordinates": [
          -75.728,
          4.348
        ]
      }
    },
    {
      "type": "Feature",
      "properties": {
        "mag": 5.4,
        "depth_km": 164.2,
        "date": "1999-11-08"
      },
      "geometry": {
        "type": "Point",
        "coordinates": [
          -72.892,
          6.751
        ]
      }
    },
    {
      "type": "Feature",
      "properties": {
        "mag": 4.4,
        "depth_km": 63,
        "date": "1999-11-02"
      },
      "geometry": {
        "type": "Point",
        "coordinates": [
          -74.154,
          7.938
        ]
      }
    },
    {
      "type": "Feature",
      "properties": {
        "mag": 4.6,
        "depth_km": 160,
        "date": "1999-10-26"
      },
      "geometry": {
        "type": "Point",
        "coordinates": [
          -73.18,
          6.74
        ]
      }
    },
    {
      "type": "Feature",
      "properties": {
        "mag": 3.7,
        "depth_km": 30,
        "date": "1999-10-22"
      },
      "geometry": {
        "type": "Point",
        "coordinates": [
          -75.71,
          4.46
        ]
      }
    },
    {
      "type": "Feature",
      "properties": {
        "mag": 4.2,
        "depth_km": 100,
        "date": "1999-10-21"
      },
      "geometry": {
        "type": "Point",
        "coordinates": [
          -76.41,
          5.09
        ]
      }
    },
    {
      "type": "Feature",
      "properties": {
        "mag": 3.7,
        "depth_km": 30,
        "date": "1999-10-21"
      },
      "geometry": {
        "type": "Point",
        "coordinates": [
          -75.7,
          4.49
        ]
      }
    },
    {
      "type": "Feature",
      "properties": {
        "mag": 3.7,
        "depth_km": 30,
        "date": "1999-10-21"
      },
      "geometry": {
        "type": "Point",
        "coordinates": [
          -75.71,
          4.46
        ]
      }
    },
    {
      "type": "Feature",
      "properties": {
        "mag": 4.1,
        "depth_km": 148.5,
        "date": "1999-10-19"
      },
      "geometry": {
        "type": "Point",
        "coordinates": [
          -73.256,
          7.402
        ]
      }
    },
    {
      "type": "Feature",
      "properties": {
        "mag": 3.8,
        "depth_km": 30,
        "date": "1999-10-13"
      },
      "geometry": {
        "type": "Point",
        "coordinates": [
          -75.71,
          4.31
        ]
      }
    },
    {
      "type": "Feature",
      "properties": {
        "mag": 4.3,
        "depth_km": 30,
        "date": "1999-10-09"
      },
      "geometry": {
        "type": "Point",
        "coordinates": [
          -74.55,
          5.53
        ]
      }
    },
    {
      "type": "Feature",
      "properties": {
        "mag": 3.8,
        "depth_km": 175.6,
        "date": "1999-10-08"
      },
      "geometry": {
        "type": "Point",
        "coordinates": [
          -73.299,
          6.77
        ]
      }
    },
    {
      "type": "Feature",
      "properties": {
        "mag": 4,
        "depth_km": 204.1,
        "date": "1999-10-04"
      },
      "geometry": {
        "type": "Point",
        "coordinates": [
          -73.682,
          6.585
        ]
      }
    },
    {
      "type": "Feature",
      "properties": {
        "mag": 4.1,
        "depth_km": 104.3,
        "date": "1999-09-26"
      },
      "geometry": {
        "type": "Point",
        "coordinates": [
          -76.43,
          4.473
        ]
      }
    },
    {
      "type": "Feature",
      "properties": {
        "mag": 4.4,
        "depth_km": 30,
        "date": "1999-09-19"
      },
      "geometry": {
        "type": "Point",
        "coordinates": [
          -73.49,
          4.94
        ]
      }
    },
    {
      "type": "Feature",
      "properties": {
        "mag": 4.4,
        "depth_km": 62.2,
        "date": "1999-09-18"
      },
      "geometry": {
        "type": "Point",
        "coordinates": [
          -76.165,
          6.462
        ]
      }
    },
    {
      "type": "Feature",
      "properties": {
        "mag": 4.5,
        "depth_km": 162.7,
        "date": "1999-09-09"
      },
      "geometry": {
        "type": "Point",
        "coordinates": [
          -72.972,
          6.805
        ]
      }
    },
    {
      "type": "Feature",
      "properties": {
        "mag": 4.1,
        "depth_km": 200,
        "date": "1999-08-29"
      },
      "geometry": {
        "type": "Point",
        "coordinates": [
          -72.839,
          6.56
        ]
      }
    },
    {
      "type": "Feature",
      "properties": {
        "mag": 4,
        "depth_km": 192.6,
        "date": "1999-08-26"
      },
      "geometry": {
        "type": "Point",
        "coordinates": [
          -73.097,
          6.673
        ]
      }
    },
    {
      "type": "Feature",
      "properties": {
        "mag": 4.2,
        "depth_km": 30,
        "date": "1999-08-25"
      },
      "geometry": {
        "type": "Point",
        "coordinates": [
          -74.65,
          4.96
        ]
      }
    },
    {
      "type": "Feature",
      "properties": {
        "mag": 4,
        "depth_km": 180.3,
        "date": "1999-08-03"
      },
      "geometry": {
        "type": "Point",
        "coordinates": [
          -72.966,
          6.686
        ]
      }
    },
    {
      "type": "Feature",
      "properties": {
        "mag": 4.4,
        "depth_km": 165.5,
        "date": "1999-07-23"
      },
      "geometry": {
        "type": "Point",
        "coordinates": [
          -73.052,
          6.84
        ]
      }
    },
    {
      "type": "Feature",
      "properties": {
        "mag": 4.3,
        "depth_km": 65.4,
        "date": "1999-07-22"
      },
      "geometry": {
        "type": "Point",
        "coordinates": [
          -75.732,
          3.827
        ]
      }
    },
    {
      "type": "Feature",
      "properties": {
        "mag": 4.5,
        "depth_km": 139.5,
        "date": "1999-07-19"
      },
      "geometry": {
        "type": "Point",
        "coordinates": [
          -76.385,
          4.197
        ]
      }
    },
    {
      "type": "Feature",
      "properties": {
        "mag": 4,
        "depth_km": 160.7,
        "date": "1999-07-19"
      },
      "geometry": {
        "type": "Point",
        "coordinates": [
          -73.088,
          6.832
        ]
      }
    },
    {
      "type": "Feature",
      "properties": {
        "mag": 4.4,
        "depth_km": 169.1,
        "date": "1999-07-17"
      },
      "geometry": {
        "type": "Point",
        "coordinates": [
          -72.997,
          6.742
        ]
      }
    },
    {
      "type": "Feature",
      "properties": {
        "mag": 3.8,
        "depth_km": 164.5,
        "date": "1999-07-16"
      },
      "geometry": {
        "type": "Point",
        "coordinates": [
          -72.982,
          6.886
        ]
      }
    },
    {
      "type": "Feature",
      "properties": {
        "mag": 3.7,
        "depth_km": 1,
        "date": "1999-07-16"
      },
      "geometry": {
        "type": "Point",
        "coordinates": [
          -74.697,
          4.697
        ]
      }
    },
    {
      "type": "Feature",
      "properties": {
        "mag": 4,
        "depth_km": 134.2,
        "date": "1999-07-05"
      },
      "geometry": {
        "type": "Point",
        "coordinates": [
          -73.63,
          7.883
        ]
      }
    },
    {
      "type": "Feature",
      "properties": {
        "mag": 3.9,
        "depth_km": 162.8,
        "date": "1999-06-30"
      },
      "geometry": {
        "type": "Point",
        "coordinates": [
          -72.989,
          6.816
        ]
      }
    },
    {
      "type": "Feature",
      "properties": {
        "mag": 3.6,
        "depth_km": 33,
        "date": "1999-05-24"
      },
      "geometry": {
        "type": "Point",
        "coordinates": [
          -73.433,
          6.344
        ]
      }
    },
    {
      "type": "Feature",
      "properties": {
        "mag": 3.8,
        "depth_km": 18.3,
        "date": "1999-05-21"
      },
      "geometry": {
        "type": "Point",
        "coordinates": [
          -77.543,
          7.262
        ]
      }
    },
    {
      "type": "Feature",
      "properties": {
        "mag": 3.8,
        "depth_km": 150,
        "date": "1999-05-18"
      },
      "geometry": {
        "type": "Point",
        "coordinates": [
          -72.984,
          6.945
        ]
      }
    },
    {
      "type": "Feature",
      "properties": {
        "mag": 4.3,
        "depth_km": 169.8,
        "date": "1999-05-17"
      },
      "geometry": {
        "type": "Point",
        "coordinates": [
          -72.963,
          6.799
        ]
      }
    },
    {
      "type": "Feature",
      "properties": {
        "mag": 4.1,
        "depth_km": 18,
        "date": "1999-05-15"
      },
      "geometry": {
        "type": "Point",
        "coordinates": [
          -74.755,
          4.668
        ]
      }
    },
    {
      "type": "Feature",
      "properties": {
        "mag": 4.1,
        "depth_km": 123.2,
        "date": "1999-05-02"
      },
      "geometry": {
        "type": "Point",
        "coordinates": [
          -76.415,
          4.775
        ]
      }
    },
    {
      "type": "Feature",
      "properties": {
        "mag": 4.3,
        "depth_km": 161.6,
        "date": "1999-04-30"
      },
      "geometry": {
        "type": "Point",
        "coordinates": [
          -73.052,
          6.848
        ]
      }
    },
    {
      "type": "Feature",
      "properties": {
        "mag": 4.2,
        "depth_km": 176.1,
        "date": "1999-04-20"
      },
      "geometry": {
        "type": "Point",
        "coordinates": [
          -73.206,
          6.713
        ]
      }
    },
    {
      "type": "Feature",
      "properties": {
        "mag": 4.1,
        "depth_km": 186.7,
        "date": "1999-04-19"
      },
      "geometry": {
        "type": "Point",
        "coordinates": [
          -73.092,
          6.664
        ]
      }
    },
    {
      "type": "Feature",
      "properties": {
        "mag": 4.8,
        "depth_km": 161.2,
        "date": "1999-04-14"
      },
      "geometry": {
        "type": "Point",
        "coordinates": [
          -72.946,
          6.772
        ]
      }
    },
    {
      "type": "Feature",
      "properties": {
        "mag": 3.9,
        "depth_km": 165.7,
        "date": "1999-04-13"
      },
      "geometry": {
        "type": "Point",
        "coordinates": [
          -72.961,
          6.803
        ]
      }
    },
    {
      "type": "Feature",
      "properties": {
        "mag": 3.7,
        "depth_km": 100,
        "date": "1999-04-07"
      },
      "geometry": {
        "type": "Point",
        "coordinates": [
          -73.134,
          7.352
        ]
      }
    },
    {
      "type": "Feature",
      "properties": {
        "mag": 3.5,
        "depth_km": 3,
        "date": "1999-03-11"
      },
      "geometry": {
        "type": "Point",
        "coordinates": [
          -75.664,
          4.502
        ]
      }
    },
    {
      "type": "Feature",
      "properties": {
        "mag": 4.4,
        "depth_km": 160,
        "date": "1999-02-27"
      },
      "geometry": {
        "type": "Point",
        "coordinates": [
          -72.867,
          6.731
        ]
      }
    },
    {
      "type": "Feature",
      "properties": {
        "mag": 4.4,
        "depth_km": 8,
        "date": "1999-02-25"
      },
      "geometry": {
        "type": "Point",
        "coordinates": [
          -75.666,
          4.442
        ]
      }
    },
    {
      "type": "Feature",
      "properties": {
        "mag": 4.1,
        "depth_km": 167,
        "date": "1999-02-21"
      },
      "geometry": {
        "type": "Point",
        "coordinates": [
          -73.004,
          6.807
        ]
      }
    },
    {
      "type": "Feature",
      "properties": {
        "mag": 3.6,
        "depth_km": 3,
        "date": "1999-02-21"
      },
      "geometry": {
        "type": "Point",
        "coordinates": [
          -75.744,
          4.471
        ]
      }
    },
    {
      "type": "Feature",
      "properties": {
        "mag": 4.4,
        "depth_km": 160.5,
        "date": "1999-02-12"
      },
      "geometry": {
        "type": "Point",
        "coordinates": [
          -73.055,
          6.753
        ]
      }
    },
    {
      "type": "Feature",
      "properties": {
        "mag": 3.9,
        "depth_km": 33,
        "date": "1999-02-10"
      },
      "geometry": {
        "type": "Point",
        "coordinates": [
          -74.904,
          7.592
        ]
      }
    },
    {
      "type": "Feature",
      "properties": {
        "mag": 4.2,
        "depth_km": 160,
        "date": "1999-02-04"
      },
      "geometry": {
        "type": "Point",
        "coordinates": [
          -73.072,
          6.835
        ]
      }
    },
    {
      "type": "Feature",
      "properties": {
        "mag": 3.9,
        "depth_km": 150,
        "date": "1999-01-31"
      },
      "geometry": {
        "type": "Point",
        "coordinates": [
          -73.453,
          7.101
        ]
      }
    },
    {
      "type": "Feature",
      "properties": {
        "mag": 4,
        "depth_km": 10,
        "date": "1999-01-30"
      },
      "geometry": {
        "type": "Point",
        "coordinates": [
          -75.89,
          4.511
        ]
      }
    },
    {
      "type": "Feature",
      "properties": {
        "mag": 3.9,
        "depth_km": 10,
        "date": "1999-01-29"
      },
      "geometry": {
        "type": "Point",
        "coordinates": [
          -75.741,
          4.503
        ]
      }
    },
    {
      "type": "Feature",
      "properties": {
        "mag": 4.3,
        "depth_km": 150.9,
        "date": "1999-01-27"
      },
      "geometry": {
        "type": "Point",
        "coordinates": [
          -73.341,
          6.992
        ]
      }
    },
    {
      "type": "Feature",
      "properties": {
        "mag": 5.5,
        "depth_km": 10,
        "date": "1999-01-25"
      },
      "geometry": {
        "type": "Point",
        "coordinates": [
          -75.682,
          4.37
        ]
      }
    },
    {
      "type": "Feature",
      "properties": {
        "mag": 6.1,
        "depth_km": 17,
        "date": "1999-01-25"
      },
      "geometry": {
        "type": "Point",
        "coordinates": [
          -75.724,
          4.461
        ]
      }
    },
    {
      "type": "Feature",
      "properties": {
        "mag": 4.6,
        "depth_km": 160,
        "date": "1999-01-14"
      },
      "geometry": {
        "type": "Point",
        "coordinates": [
          -73.102,
          6.77
        ]
      }
    },
    {
      "type": "Feature",
      "properties": {
        "mag": 4.4,
        "depth_km": 148,
        "date": "1999-01-11"
      },
      "geometry": {
        "type": "Point",
        "coordinates": [
          -72.891,
          6.916
        ]
      }
    },
    {
      "type": "Feature",
      "properties": {
        "mag": 4.3,
        "depth_km": 150,
        "date": "1999-01-11"
      },
      "geometry": {
        "type": "Point",
        "coordinates": [
          -72.904,
          6.944
        ]
      }
    },
    {
      "type": "Feature",
      "properties": {
        "mag": 3.9,
        "depth_km": 200,
        "date": "1999-01-10"
      },
      "geometry": {
        "type": "Point",
        "coordinates": [
          -72.984,
          6.804
        ]
      }
    },
    {
      "type": "Feature",
      "properties": {
        "mag": 5.5,
        "depth_km": 33,
        "date": "1999-01-04"
      },
      "geometry": {
        "type": "Point",
        "coordinates": [
          -78.073,
          7.326
        ]
      }
    },
    {
      "type": "Feature",
      "properties": {
        "mag": 3.8,
        "depth_km": 188.5,
        "date": "1998-12-10"
      },
      "geometry": {
        "type": "Point",
        "coordinates": [
          -73.164,
          6.688
        ]
      }
    },
    {
      "type": "Feature",
      "properties": {
        "mag": 4.4,
        "depth_km": 160,
        "date": "1998-12-10"
      },
      "geometry": {
        "type": "Point",
        "coordinates": [
          -73.178,
          6.807
        ]
      }
    },
    {
      "type": "Feature",
      "properties": {
        "mag": 4.5,
        "depth_km": 170.2,
        "date": "1998-12-04"
      },
      "geometry": {
        "type": "Point",
        "coordinates": [
          -72.984,
          6.803
        ]
      }
    },
    {
      "type": "Feature",
      "properties": {
        "mag": 4.3,
        "depth_km": 95.2,
        "date": "1998-11-26"
      },
      "geometry": {
        "type": "Point",
        "coordinates": [
          -76.277,
          5.256
        ]
      }
    },
    {
      "type": "Feature",
      "properties": {
        "mag": 4.1,
        "depth_km": 5,
        "date": "1998-11-19"
      },
      "geometry": {
        "type": "Point",
        "coordinates": [
          -77.398,
          7.306
        ]
      }
    },
    {
      "type": "Feature",
      "properties": {
        "mag": 4.1,
        "depth_km": 10,
        "date": "1998-11-06"
      },
      "geometry": {
        "type": "Point",
        "coordinates": [
          -77.556,
          8.11
        ]
      }
    },
    {
      "type": "Feature",
      "properties": {
        "mag": 4.6,
        "depth_km": 168.8,
        "date": "1998-10-26"
      },
      "geometry": {
        "type": "Point",
        "coordinates": [
          -73.068,
          6.742
        ]
      }
    },
    {
      "type": "Feature",
      "properties": {
        "mag": 4.2,
        "depth_km": 162.4,
        "date": "1998-10-08"
      },
      "geometry": {
        "type": "Point",
        "coordinates": [
          -73.011,
          6.784
        ]
      }
    },
    {
      "type": "Feature",
      "properties": {
        "mag": 4.2,
        "depth_km": 100,
        "date": "1998-10-07"
      },
      "geometry": {
        "type": "Point",
        "coordinates": [
          -77.561,
          5.499
        ]
      }
    },
    {
      "type": "Feature",
      "properties": {
        "mag": 4,
        "depth_km": 172.3,
        "date": "1998-09-29"
      },
      "geometry": {
        "type": "Point",
        "coordinates": [
          -73.173,
          6.744
        ]
      }
    },
    {
      "type": "Feature",
      "properties": {
        "mag": 4.4,
        "depth_km": 158.2,
        "date": "1998-09-22"
      },
      "geometry": {
        "type": "Point",
        "coordinates": [
          -73.034,
          6.876
        ]
      }
    },
    {
      "type": "Feature",
      "properties": {
        "mag": 4.4,
        "depth_km": 33,
        "date": "1998-09-19"
      },
      "geometry": {
        "type": "Point",
        "coordinates": [
          -77.084,
          6.619
        ]
      }
    },
    {
      "type": "Feature",
      "properties": {
        "mag": 4,
        "depth_km": 164.3,
        "date": "1998-09-09"
      },
      "geometry": {
        "type": "Point",
        "coordinates": [
          -73.028,
          6.804
        ]
      }
    },
    {
      "type": "Feature",
      "properties": {
        "mag": 3.8,
        "depth_km": 175.3,
        "date": "1998-09-03"
      },
      "geometry": {
        "type": "Point",
        "coordinates": [
          -73.063,
          6.687
        ]
      }
    },
    {
      "type": "Feature",
      "properties": {
        "mag": 4,
        "depth_km": 167.6,
        "date": "1998-09-03"
      },
      "geometry": {
        "type": "Point",
        "coordinates": [
          -73.03,
          6.818
        ]
      }
    },
    {
      "type": "Feature",
      "properties": {
        "mag": 3.8,
        "depth_km": 150,
        "date": "1998-09-02"
      },
      "geometry": {
        "type": "Point",
        "coordinates": [
          -72.892,
          6.955
        ]
      }
    },
    {
      "type": "Feature",
      "properties": {
        "mag": 4.1,
        "depth_km": 141.9,
        "date": "1998-09-02"
      },
      "geometry": {
        "type": "Point",
        "coordinates": [
          -73.218,
          7.024
        ]
      }
    },
    {
      "type": "Feature",
      "properties": {
        "mag": 4,
        "depth_km": 144.2,
        "date": "1998-08-27"
      },
      "geometry": {
        "type": "Point",
        "coordinates": [
          -73.088,
          7.026
        ]
      }
    },
    {
      "type": "Feature",
      "properties": {
        "mag": 4.1,
        "depth_km": 33,
        "date": "1998-08-23"
      },
      "geometry": {
        "type": "Point",
        "coordinates": [
          -74.455,
          8.616
        ]
      }
    },
    {
      "type": "Feature",
      "properties": {
        "mag": 4.7,
        "depth_km": 55.2,
        "date": "1998-08-21"
      },
      "geometry": {
        "type": "Point",
        "coordinates": [
          -77.596,
          4.808
        ]
      }
    },
    {
      "type": "Feature",
      "properties": {
        "mag": 4.6,
        "depth_km": 173.1,
        "date": "1998-08-20"
      },
      "geometry": {
        "type": "Point",
        "coordinates": [
          -73.244,
          6.842
        ]
      }
    },
    {
      "type": "Feature",
      "properties": {
        "mag": 4,
        "depth_km": 168.1,
        "date": "1998-08-12"
      },
      "geometry": {
        "type": "Point",
        "coordinates": [
          -73.089,
          6.777
        ]
      }
    },
    {
      "type": "Feature",
      "properties": {
        "mag": 4.2,
        "depth_km": 10,
        "date": "1998-07-20"
      },
      "geometry": {
        "type": "Point",
        "coordinates": [
          -77.452,
          6.756
        ]
      }
    },
    {
      "type": "Feature",
      "properties": {
        "mag": 3.7,
        "depth_km": 167.9,
        "date": "1998-07-18"
      },
      "geometry": {
        "type": "Point",
        "coordinates": [
          -75.94,
          4.333
        ]
      }
    },
    {
      "type": "Feature",
      "properties": {
        "mag": 4.3,
        "depth_km": 170.6,
        "date": "1998-07-18"
      },
      "geometry": {
        "type": "Point",
        "coordinates": [
          -73.004,
          6.807
        ]
      }
    },
    {
      "type": "Feature",
      "properties": {
        "mag": 4,
        "depth_km": 27.2,
        "date": "1998-07-16"
      },
      "geometry": {
        "type": "Point",
        "coordinates": [
          -78.02,
          7.447
        ]
      }
    },
    {
      "type": "Feature",
      "properties": {
        "mag": 3.8,
        "depth_km": 10,
        "date": "1998-07-13"
      },
      "geometry": {
        "type": "Point",
        "coordinates": [
          -76.048,
          6.555
        ]
      }
    },
    {
      "type": "Feature",
      "properties": {
        "mag": 4.1,
        "depth_km": 120.2,
        "date": "1998-07-08"
      },
      "geometry": {
        "type": "Point",
        "coordinates": [
          -73.229,
          7.269
        ]
      }
    },
    {
      "type": "Feature",
      "properties": {
        "mag": 4.1,
        "depth_km": 10,
        "date": "1998-07-08"
      },
      "geometry": {
        "type": "Point",
        "coordinates": [
          -77.323,
          7.698
        ]
      }
    },
    {
      "type": "Feature",
      "properties": {
        "mag": 4.1,
        "depth_km": 21.2,
        "date": "1998-07-02"
      },
      "geometry": {
        "type": "Point",
        "coordinates": [
          -77.284,
          8.051
        ]
      }
    },
    {
      "type": "Feature",
      "properties": {
        "mag": 3.7,
        "depth_km": 173.3,
        "date": "1998-06-18"
      },
      "geometry": {
        "type": "Point",
        "coordinates": [
          -73.076,
          6.75
        ]
      }
    },
    {
      "type": "Feature",
      "properties": {
        "mag": 3.7,
        "depth_km": 100,
        "date": "1998-06-05"
      },
      "geometry": {
        "type": "Point",
        "coordinates": [
          -73.422,
          7.455
        ]
      }
    },
    {
      "type": "Feature",
      "properties": {
        "mag": 4,
        "depth_km": 150,
        "date": "1998-05-28"
      },
      "geometry": {
        "type": "Point",
        "coordinates": [
          -72.957,
          6.942
        ]
      }
    },
    {
      "type": "Feature",
      "properties": {
        "mag": 5,
        "depth_km": 154.9,
        "date": "1998-05-25"
      },
      "geometry": {
        "type": "Point",
        "coordinates": [
          -72.933,
          6.842
        ]
      }
    },
    {
      "type": "Feature",
      "properties": {
        "mag": 4.3,
        "depth_km": 52.7,
        "date": "1998-05-21"
      },
      "geometry": {
        "type": "Point",
        "coordinates": [
          -73.863,
          6.271
        ]
      }
    },
    {
      "type": "Feature",
      "properties": {
        "mag": 4.7,
        "depth_km": 164.1,
        "date": "1998-05-06"
      },
      "geometry": {
        "type": "Point",
        "coordinates": [
          -73.04,
          6.747
        ]
      }
    },
    {
      "type": "Feature",
      "properties": {
        "mag": 4.1,
        "depth_km": 150,
        "date": "1998-05-02"
      },
      "geometry": {
        "type": "Point",
        "coordinates": [
          -73.53,
          7.025
        ]
      }
    },
    {
      "type": "Feature",
      "properties": {
        "mag": 4.6,
        "depth_km": 160.5,
        "date": "1998-05-01"
      },
      "geometry": {
        "type": "Point",
        "coordinates": [
          -73.227,
          6.856
        ]
      }
    },
    {
      "type": "Feature",
      "properties": {
        "mag": 4.4,
        "depth_km": 161.8,
        "date": "1998-04-30"
      },
      "geometry": {
        "type": "Point",
        "coordinates": [
          -72.948,
          6.806
        ]
      }
    },
    {
      "type": "Feature",
      "properties": {
        "mag": 4.1,
        "depth_km": 33,
        "date": "1998-04-18"
      },
      "geometry": {
        "type": "Point",
        "coordinates": [
          -73.306,
          6.68
        ]
      }
    },
    {
      "type": "Feature",
      "properties": {
        "mag": 4.5,
        "depth_km": 175,
        "date": "1998-03-30"
      },
      "geometry": {
        "type": "Point",
        "coordinates": [
          -72.932,
          6.714
        ]
      }
    },
    {
      "type": "Feature",
      "properties": {
        "mag": 4.3,
        "depth_km": 33,
        "date": "1998-03-27"
      },
      "geometry": {
        "type": "Point",
        "coordinates": [
          -73.628,
          6.467
        ]
      }
    },
    {
      "type": "Feature",
      "properties": {
        "mag": 3.7,
        "depth_km": 136.5,
        "date": "1998-03-23"
      },
      "geometry": {
        "type": "Point",
        "coordinates": [
          -73.141,
          7.175
        ]
      }
    },
    {
      "type": "Feature",
      "properties": {
        "mag": 4.3,
        "depth_km": 152.1,
        "date": "1998-03-16"
      },
      "geometry": {
        "type": "Point",
        "coordinates": [
          -73.141,
          6.994
        ]
      }
    },
    {
      "type": "Feature",
      "properties": {
        "mag": 4.2,
        "depth_km": 169.1,
        "date": "1998-03-10"
      },
      "geometry": {
        "type": "Point",
        "coordinates": [
          -73.138,
          6.797
        ]
      }
    },
    {
      "type": "Feature",
      "properties": {
        "mag": 4.2,
        "depth_km": 161,
        "date": "1998-03-09"
      },
      "geometry": {
        "type": "Point",
        "coordinates": [
          -73.099,
          6.793
        ]
      }
    },
    {
      "type": "Feature",
      "properties": {
        "mag": 5.1,
        "depth_km": 33,
        "date": "1998-03-08"
      },
      "geometry": {
        "type": "Point",
        "coordinates": [
          -73.94,
          6.154
        ]
      }
    },
    {
      "type": "Feature",
      "properties": {
        "mag": 5,
        "depth_km": 55.9,
        "date": "1998-03-06"
      },
      "geometry": {
        "type": "Point",
        "coordinates": [
          -73.874,
          6.209
        ]
      }
    },
    {
      "type": "Feature",
      "properties": {
        "mag": 3.7,
        "depth_km": 33,
        "date": "1998-03-05"
      },
      "geometry": {
        "type": "Point",
        "coordinates": [
          -77.525,
          5.781
        ]
      }
    },
    {
      "type": "Feature",
      "properties": {
        "mag": 4.4,
        "depth_km": 100,
        "date": "1998-03-04"
      },
      "geometry": {
        "type": "Point",
        "coordinates": [
          -73.387,
          6.899
        ]
      }
    },
    {
      "type": "Feature",
      "properties": {
        "mag": 4.1,
        "depth_km": 168.2,
        "date": "1998-03-03"
      },
      "geometry": {
        "type": "Point",
        "coordinates": [
          -73.063,
          6.768
        ]
      }
    },
    {
      "type": "Feature",
      "properties": {
        "mag": 4.1,
        "depth_km": 42.2,
        "date": "1998-02-22"
      },
      "geometry": {
        "type": "Point",
        "coordinates": [
          -77.31,
          6.652
        ]
      }
    },
    {
      "type": "Feature",
      "properties": {
        "mag": 4.1,
        "depth_km": 33.2,
        "date": "1998-02-22"
      },
      "geometry": {
        "type": "Point",
        "coordinates": [
          -75.933,
          5.169
        ]
      }
    },
    {
      "type": "Feature",
      "properties": {
        "mag": 3.9,
        "depth_km": 82.6,
        "date": "1998-02-20"
      },
      "geometry": {
        "type": "Point",
        "coordinates": [
          -74.687,
          7.742
        ]
      }
    },
    {
      "type": "Feature",
      "properties": {
        "mag": 3.7,
        "depth_km": 10,
        "date": "1998-02-11"
      },
      "geometry": {
        "type": "Point",
        "coordinates": [
          -77.88,
          5.657
        ]
      }
    },
    {
      "type": "Feature",
      "properties": {
        "mag": 4.2,
        "depth_km": 33,
        "date": "1998-02-10"
      },
      "geometry": {
        "type": "Point",
        "coordinates": [
          -77.094,
          7.123
        ]
      }
    },
    {
      "type": "Feature",
      "properties": {
        "mag": 3.8,
        "depth_km": 33,
        "date": "1998-02-10"
      },
      "geometry": {
        "type": "Point",
        "coordinates": [
          -76.389,
          6.23
        ]
      }
    },
    {
      "type": "Feature",
      "properties": {
        "mag": 4.2,
        "depth_km": 45.4,
        "date": "1998-02-02"
      },
      "geometry": {
        "type": "Point",
        "coordinates": [
          -74.569,
          4.961
        ]
      }
    },
    {
      "type": "Feature",
      "properties": {
        "mag": 3.8,
        "depth_km": 33,
        "date": "1998-01-31"
      },
      "geometry": {
        "type": "Point",
        "coordinates": [
          -73.856,
          6.28
        ]
      }
    },
    {
      "type": "Feature",
      "properties": {
        "mag": 4,
        "depth_km": 0.1,
        "date": "1998-01-30"
      },
      "geometry": {
        "type": "Point",
        "coordinates": [
          -77.106,
          6.597
        ]
      }
    },
    {
      "type": "Feature",
      "properties": {
        "mag": 3.7,
        "depth_km": 33,
        "date": "1998-01-26"
      },
      "geometry": {
        "type": "Point",
        "coordinates": [
          -74.73,
          7.469
        ]
      }
    },
    {
      "type": "Feature",
      "properties": {
        "mag": 4.5,
        "depth_km": 150.4,
        "date": "1998-01-20"
      },
      "geometry": {
        "type": "Point",
        "coordinates": [
          -73.049,
          6.898
        ]
      }
    },
    {
      "type": "Feature",
      "properties": {
        "mag": 4,
        "depth_km": 100,
        "date": "1998-01-20"
      },
      "geometry": {
        "type": "Point",
        "coordinates": [
          -76.444,
          7.424
        ]
      }
    },
    {
      "type": "Feature",
      "properties": {
        "mag": 4.2,
        "depth_km": 150,
        "date": "1998-01-18"
      },
      "geometry": {
        "type": "Point",
        "coordinates": [
          -73.028,
          6.844
        ]
      }
    },
    {
      "type": "Feature",
      "properties": {
        "mag": 4.2,
        "depth_km": 160,
        "date": "1998-01-14"
      },
      "geometry": {
        "type": "Point",
        "coordinates": [
          -73.141,
          6.875
        ]
      }
    },
    {
      "type": "Feature",
      "properties": {
        "mag": 4,
        "depth_km": 11.4,
        "date": "1998-01-14"
      },
      "geometry": {
        "type": "Point",
        "coordinates": [
          -78.112,
          6.662
        ]
      }
    },
    {
      "type": "Feature",
      "properties": {
        "mag": 3.9,
        "depth_km": 46.4,
        "date": "1998-01-13"
      },
      "geometry": {
        "type": "Point",
        "coordinates": [
          -77.854,
          6.614
        ]
      }
    },
    {
      "type": "Feature",
      "properties": {
        "mag": 4,
        "depth_km": 45.4,
        "date": "1998-01-12"
      },
      "geometry": {
        "type": "Point",
        "coordinates": [
          -76.76,
          6.856
        ]
      }
    },
    {
      "type": "Feature",
      "properties": {
        "mag": 4,
        "depth_km": 33,
        "date": "1998-01-06"
      },
      "geometry": {
        "type": "Point",
        "coordinates": [
          -77.505,
          7.871
        ]
      }
    },
    {
      "type": "Feature",
      "properties": {
        "mag": 6.4,
        "depth_km": 177.5,
        "date": "1997-12-11"
      },
      "geometry": {
        "type": "Point",
        "coordinates": [
          -75.787,
          3.929
        ]
      }
    },
    {
      "type": "Feature",
      "properties": {
        "mag": 4.5,
        "depth_km": 102.5,
        "date": "1997-12-10"
      },
      "geometry": {
        "type": "Point",
        "coordinates": [
          -76.07,
          4.676
        ]
      }
    },
    {
      "type": "Feature",
      "properties": {
        "mag": 4.1,
        "depth_km": 159.2,
        "date": "1997-11-16"
      },
      "geometry": {
        "type": "Point",
        "coordinates": [
          -72.972,
          6.807
        ]
      }
    },
    {
      "type": "Feature",
      "properties": {
        "mag": 3.5,
        "depth_km": 200,
        "date": "1997-11-15"
      },
      "geometry": {
        "type": "Point",
        "coordinates": [
          -72.909,
          6.599
        ]
      }
    },
    {
      "type": "Feature",
      "properties": {
        "mag": 4.5,
        "depth_km": 200,
        "date": "1997-11-03"
      },
      "geometry": {
        "type": "Point",
        "coordinates": [
          -73.349,
          6.726
        ]
      }
    },
    {
      "type": "Feature",
      "properties": {
        "mag": 4.8,
        "depth_km": 68.5,
        "date": "1997-11-02"
      },
      "geometry": {
        "type": "Point",
        "coordinates": [
          -77.443,
          4.858
        ]
      }
    },
    {
      "type": "Feature",
      "properties": {
        "mag": 4.8,
        "depth_km": 117.9,
        "date": "1997-10-20"
      },
      "geometry": {
        "type": "Point",
        "coordinates": [
          -76.284,
          4.861
        ]
      }
    },
    {
      "type": "Feature",
      "properties": {
        "mag": 4.5,
        "depth_km": 10,
        "date": "1997-10-17"
      },
      "geometry": {
        "type": "Point",
        "coordinates": [
          -77.597,
          5.84
        ]
      }
    },
    {
      "type": "Feature",
      "properties": {
        "mag": 4.7,
        "depth_km": 135.6,
        "date": "1997-10-16"
      },
      "geometry": {
        "type": "Point",
        "coordinates": [
          -73.077,
          7.049
        ]
      }
    },
    {
      "type": "Feature",
      "properties": {
        "mag": 4.3,
        "depth_km": 150,
        "date": "1997-10-01"
      },
      "geometry": {
        "type": "Point",
        "coordinates": [
          -73.004,
          7.035
        ]
      }
    },
    {
      "type": "Feature",
      "properties": {
        "mag": 4.8,
        "depth_km": 33,
        "date": "1997-09-23"
      },
      "geometry": {
        "type": "Point",
        "coordinates": [
          -77.811,
          5.436
        ]
      }
    },
    {
      "type": "Feature",
      "properties": {
        "mag": 4.6,
        "depth_km": 33,
        "date": "1997-09-23"
      },
      "geometry": {
        "type": "Point",
        "coordinates": [
          -77.795,
          5.481
        ]
      }
    },
    {
      "type": "Feature",
      "properties": {
        "mag": 5.1,
        "depth_km": 21.4,
        "date": "1997-09-09"
      },
      "geometry": {
        "type": "Point",
        "coordinates": [
          -77.516,
          5.789
        ]
      }
    },
    {
      "type": "Feature",
      "properties": {
        "mag": 6.8,
        "depth_km": 198.7,
        "date": "1997-09-02"
      },
      "geometry": {
        "type": "Point",
        "coordinates": [
          -75.749,
          3.849
        ]
      }
    },
    {
      "type": "Feature",
      "properties": {
        "mag": 4.2,
        "depth_km": 171.3,
        "date": "1997-08-08"
      },
      "geometry": {
        "type": "Point",
        "coordinates": [
          -73.016,
          6.772
        ]
      }
    },
    {
      "type": "Feature",
      "properties": {
        "mag": 4.3,
        "depth_km": 150,
        "date": "1997-07-26"
      },
      "geometry": {
        "type": "Point",
        "coordinates": [
          -73.025,
          6.968
        ]
      }
    },
    {
      "type": "Feature",
      "properties": {
        "mag": 4.1,
        "depth_km": 163.5,
        "date": "1997-07-24"
      },
      "geometry": {
        "type": "Point",
        "coordinates": [
          -73,
          6.816
        ]
      }
    },
    {
      "type": "Feature",
      "properties": {
        "mag": 4.2,
        "depth_km": 174.8,
        "date": "1997-07-16"
      },
      "geometry": {
        "type": "Point",
        "coordinates": [
          -73.045,
          6.794
        ]
      }
    },
    {
      "type": "Feature",
      "properties": {
        "mag": 3.6,
        "depth_km": 92.9,
        "date": "1997-07-15"
      },
      "geometry": {
        "type": "Point",
        "coordinates": [
          -76.581,
          4.505
        ]
      }
    },
    {
      "type": "Feature",
      "properties": {
        "mag": 4,
        "depth_km": 33,
        "date": "1997-07-13"
      },
      "geometry": {
        "type": "Point",
        "coordinates": [
          -72.982,
          6.03
        ]
      }
    },
    {
      "type": "Feature",
      "properties": {
        "mag": 4.6,
        "depth_km": 159.8,
        "date": "1997-07-07"
      },
      "geometry": {
        "type": "Point",
        "coordinates": [
          -72.88,
          6.826
        ]
      }
    },
    {
      "type": "Feature",
      "properties": {
        "mag": 4.4,
        "depth_km": 58.8,
        "date": "1997-07-06"
      },
      "geometry": {
        "type": "Point",
        "coordinates": [
          -75.195,
          7.506
        ]
      }
    },
    {
      "type": "Feature",
      "properties": {
        "mag": 4.7,
        "depth_km": 170.5,
        "date": "1997-06-24"
      },
      "geometry": {
        "type": "Point",
        "coordinates": [
          -72.96,
          6.76
        ]
      }
    },
    {
      "type": "Feature",
      "properties": {
        "mag": 4,
        "depth_km": 33,
        "date": "1997-06-19"
      },
      "geometry": {
        "type": "Point",
        "coordinates": [
          -74.681,
          7.533
        ]
      }
    },
    {
      "type": "Feature",
      "properties": {
        "mag": 4,
        "depth_km": 33,
        "date": "1997-06-18"
      },
      "geometry": {
        "type": "Point",
        "coordinates": [
          -76.114,
          4.511
        ]
      }
    },
    {
      "type": "Feature",
      "properties": {
        "mag": 3.8,
        "depth_km": 150,
        "date": "1997-06-13"
      },
      "geometry": {
        "type": "Point",
        "coordinates": [
          -73.399,
          7.022
        ]
      }
    },
    {
      "type": "Feature",
      "properties": {
        "mag": 4.9,
        "depth_km": 164.4,
        "date": "1997-06-11"
      },
      "geometry": {
        "type": "Point",
        "coordinates": [
          -72.995,
          6.73
        ]
      }
    },
    {
      "type": "Feature",
      "properties": {
        "mag": 4.9,
        "depth_km": 166,
        "date": "1997-06-11"
      },
      "geometry": {
        "type": "Point",
        "coordinates": [
          -73.115,
          6.722
        ]
      }
    },
    {
      "type": "Feature",
      "properties": {
        "mag": 4.5,
        "depth_km": 150,
        "date": "1997-05-30"
      },
      "geometry": {
        "type": "Point",
        "coordinates": [
          -72.868,
          6.983
        ]
      }
    },
    {
      "type": "Feature",
      "properties": {
        "mag": 4.1,
        "depth_km": 165.8,
        "date": "1997-05-28"
      },
      "geometry": {
        "type": "Point",
        "coordinates": [
          -72.959,
          6.826
        ]
      }
    },
    {
      "type": "Feature",
      "properties": {
        "mag": 4,
        "depth_km": 100,
        "date": "1997-05-16"
      },
      "geometry": {
        "type": "Point",
        "coordinates": [
          -73.045,
          7.425
        ]
      }
    },
    {
      "type": "Feature",
      "properties": {
        "mag": 3.5,
        "depth_km": 150,
        "date": "1997-05-13"
      },
      "geometry": {
        "type": "Point",
        "coordinates": [
          -75.399,
          8.104
        ]
      }
    },
    {
      "type": "Feature",
      "properties": {
        "mag": 4.8,
        "depth_km": 169.6,
        "date": "1997-05-11"
      },
      "geometry": {
        "type": "Point",
        "coordinates": [
          -72.964,
          6.74
        ]
      }
    },
    {
      "type": "Feature",
      "properties": {
        "mag": 3.7,
        "depth_km": 33,
        "date": "1997-05-03"
      },
      "geometry": {
        "type": "Point",
        "coordinates": [
          -76.761,
          6.879
        ]
      }
    },
    {
      "type": "Feature",
      "properties": {
        "mag": 4,
        "depth_km": 160,
        "date": "1997-05-02"
      },
      "geometry": {
        "type": "Point",
        "coordinates": [
          -72.992,
          6.864
        ]
      }
    },
    {
      "type": "Feature",
      "properties": {
        "mag": 3.5,
        "depth_km": 33,
        "date": "1997-04-07"
      },
      "geometry": {
        "type": "Point",
        "coordinates": [
          -77.442,
          4.579
        ]
      }
    },
    {
      "type": "Feature",
      "properties": {
        "mag": 3.6,
        "depth_km": 33,
        "date": "1997-04-04"
      },
      "geometry": {
        "type": "Point",
        "coordinates": [
          -76.99,
          8.277
        ]
      }
    },
    {
      "type": "Feature",
      "properties": {
        "mag": 4.4,
        "depth_km": 135.6,
        "date": "1997-03-30"
      },
      "geometry": {
        "type": "Point",
        "coordinates": [
          -73.891,
          5.588
        ]
      }
    },
    {
      "type": "Feature",
      "properties": {
        "mag": 4.7,
        "depth_km": 159.5,
        "date": "1997-03-07"
      },
      "geometry": {
        "type": "Point",
        "coordinates": [
          -72.962,
          6.757
        ]
      }
    },
    {
      "type": "Feature",
      "properties": {
        "mag": 3.9,
        "depth_km": 58.6,
        "date": "1997-03-07"
      },
      "geometry": {
        "type": "Point",
        "coordinates": [
          -77.073,
          7.512
        ]
      }
    },
    {
      "type": "Feature",
      "properties": {
        "mag": 3.8,
        "depth_km": 200,
        "date": "1997-03-05"
      },
      "geometry": {
        "type": "Point",
        "coordinates": [
          -73.465,
          7.126
        ]
      }
    },
    {
      "type": "Feature",
      "properties": {
        "mag": 4.3,
        "depth_km": 169.2,
        "date": "1997-02-26"
      },
      "geometry": {
        "type": "Point",
        "coordinates": [
          -73.157,
          6.761
        ]
      }
    },
    {
      "type": "Feature",
      "properties": {
        "mag": 5.8,
        "depth_km": 100.7,
        "date": "1997-02-19"
      },
      "geometry": {
        "type": "Point",
        "coordinates": [
          -76.494,
          4.564
        ]
      }
    },
    {
      "type": "Feature",
      "properties": {
        "mag": 4.1,
        "depth_km": 178.2,
        "date": "1997-02-18"
      },
      "geometry": {
        "type": "Point",
        "coordinates": [
          -73.055,
          6.723
        ]
      }
    },
    {
      "type": "Feature",
      "properties": {
        "mag": 3.8,
        "depth_km": 117.6,
        "date": "1997-02-18"
      },
      "geometry": {
        "type": "Point",
        "coordinates": [
          -76.497,
          4.543
        ]
      }
    },
    {
      "type": "Feature",
      "properties": {
        "mag": 5,
        "depth_km": 55.2,
        "date": "1997-02-04"
      },
      "geometry": {
        "type": "Point",
        "coordinates": [
          -77.795,
          6.735
        ]
      }
    },
    {
      "type": "Feature",
      "properties": {
        "mag": 3.6,
        "depth_km": 150,
        "date": "1997-01-27"
      },
      "geometry": {
        "type": "Point",
        "coordinates": [
          -73.101,
          6.805
        ]
      }
    },
    {
      "type": "Feature",
      "properties": {
        "mag": 3.7,
        "depth_km": 33,
        "date": "1997-01-24"
      },
      "geometry": {
        "type": "Point",
        "coordinates": [
          -76.138,
          7.746
        ]
      }
    },
    {
      "type": "Feature",
      "properties": {
        "mag": 3.8,
        "depth_km": 150,
        "date": "1997-01-19"
      },
      "geometry": {
        "type": "Point",
        "coordinates": [
          -73.149,
          6.28
        ]
      }
    },
    {
      "type": "Feature",
      "properties": {
        "mag": 4.5,
        "depth_km": 150,
        "date": "1997-01-17"
      },
      "geometry": {
        "type": "Point",
        "coordinates": [
          -72.888,
          6.966
        ]
      }
    },
    {
      "type": "Feature",
      "properties": {
        "mag": 4.2,
        "depth_km": 150,
        "date": "1997-01-11"
      },
      "geometry": {
        "type": "Point",
        "coordinates": [
          -73.02,
          6.971
        ]
      }
    },
    {
      "type": "Feature",
      "properties": {
        "mag": 5.3,
        "depth_km": 163.7,
        "date": "1997-01-01"
      },
      "geometry": {
        "type": "Point",
        "coordinates": [
          -72.894,
          6.813
        ]
      }
    },
    {
      "type": "Feature",
      "properties": {
        "mag": 4,
        "depth_km": 159.6,
        "date": "1996-12-31"
      },
      "geometry": {
        "type": "Point",
        "coordinates": [
          -73.069,
          6.764
        ]
      }
    },
    {
      "type": "Feature",
      "properties": {
        "mag": 4.1,
        "depth_km": 57.3,
        "date": "1996-12-26"
      },
      "geometry": {
        "type": "Point",
        "coordinates": [
          -76.393,
          6.74
        ]
      }
    },
    {
      "type": "Feature",
      "properties": {
        "mag": 4.1,
        "depth_km": 189.9,
        "date": "1996-12-12"
      },
      "geometry": {
        "type": "Point",
        "coordinates": [
          -73.249,
          6.615
        ]
      }
    },
    {
      "type": "Feature",
      "properties": {
        "mag": 4.5,
        "depth_km": 111,
        "date": "1996-12-04"
      },
      "geometry": {
        "type": "Point",
        "coordinates": [
          -76.656,
          4.252
        ]
      }
    },
    {
      "type": "Feature",
      "properties": {
        "mag": 4.2,
        "depth_km": 33,
        "date": "1996-11-29"
      },
      "geometry": {
        "type": "Point",
        "coordinates": [
          -76.656,
          6.95
        ]
      }
    },
    {
      "type": "Feature",
      "properties": {
        "mag": 4.4,
        "depth_km": 33,
        "date": "1996-11-29"
      },
      "geometry": {
        "type": "Point",
        "coordinates": [
          -76.781,
          6.96
        ]
      }
    },
    {
      "type": "Feature",
      "properties": {
        "mag": 4.1,
        "depth_km": 150,
        "date": "1996-11-24"
      },
      "geometry": {
        "type": "Point",
        "coordinates": [
          -73.238,
          7.083
        ]
      }
    },
    {
      "type": "Feature",
      "properties": {
        "mag": 4.7,
        "depth_km": 47,
        "date": "1996-11-22"
      },
      "geometry": {
        "type": "Point",
        "coordinates": [
          -74.226,
          6.116
        ]
      }
    },
    {
      "type": "Feature",
      "properties": {
        "mag": 4.7,
        "depth_km": 112.6,
        "date": "1996-11-17"
      },
      "geometry": {
        "type": "Point",
        "coordinates": [
          -76.201,
          4.438
        ]
      }
    },
    {
      "type": "Feature",
      "properties": {
        "mag": 4.2,
        "depth_km": 10,
        "date": "1996-11-06"
      },
      "geometry": {
        "type": "Point",
        "coordinates": [
          -77.667,
          7.161
        ]
      }
    },
    {
      "type": "Feature",
      "properties": {
        "mag": 4.4,
        "depth_km": 10,
        "date": "1996-11-05"
      },
      "geometry": {
        "type": "Point",
        "coordinates": [
          -77.463,
          7.322
        ]
      }
    },
    {
      "type": "Feature",
      "properties": {
        "mag": 3.9,
        "depth_km": 33,
        "date": "1996-11-05"
      },
      "geometry": {
        "type": "Point",
        "coordinates": [
          -76.767,
          7.621
        ]
      }
    },
    {
      "type": "Feature",
      "properties": {
        "mag": 4,
        "depth_km": 33,
        "date": "1996-11-04"
      },
      "geometry": {
        "type": "Point",
        "coordinates": [
          -78.181,
          6.652
        ]
      }
    },
    {
      "type": "Feature",
      "properties": {
        "mag": 6.3,
        "depth_km": 14,
        "date": "1996-11-04"
      },
      "geometry": {
        "type": "Point",
        "coordinates": [
          -77.393,
          7.306
        ]
      }
    },
    {
      "type": "Feature",
      "properties": {
        "mag": 3.9,
        "depth_km": 169.9,
        "date": "1996-10-30"
      },
      "geometry": {
        "type": "Point",
        "coordinates": [
          -72.929,
          6.746
        ]
      }
    },
    {
      "type": "Feature",
      "properties": {
        "mag": 4.5,
        "depth_km": 150,
        "date": "1996-10-26"
      },
      "geometry": {
        "type": "Point",
        "coordinates": [
          -72.921,
          6.86
        ]
      }
    },
    {
      "type": "Feature",
      "properties": {
        "mag": 4.3,
        "depth_km": 167.6,
        "date": "1996-10-12"
      },
      "geometry": {
        "type": "Point",
        "coordinates": [
          -73.049,
          6.787
        ]
      }
    },
    {
      "type": "Feature",
      "properties": {
        "mag": 4.6,
        "depth_km": 10,
        "date": "1996-09-27"
      },
      "geometry": {
        "type": "Point",
        "coordinates": [
          -77.993,
          6.979
        ]
      }
    },
    {
      "type": "Feature",
      "properties": {
        "mag": 5.3,
        "depth_km": 109.4,
        "date": "1996-09-11"
      },
      "geometry": {
        "type": "Point",
        "coordinates": [
          -76.577,
          4.255
        ]
      }
    },
    {
      "type": "Feature",
      "properties": {
        "mag": 4.4,
        "depth_km": 110.5,
        "date": "1996-09-10"
      },
      "geometry": {
        "type": "Point",
        "coordinates": [
          -76.576,
          4.481
        ]
      }
    },
    {
      "type": "Feature",
      "properties": {
        "mag": 4,
        "depth_km": 33,
        "date": "1996-09-08"
      },
      "geometry": {
        "type": "Point",
        "coordinates": [
          -75.56,
          7.326
        ]
      }
    },
    {
      "type": "Feature",
      "properties": {
        "mag": 4.1,
        "depth_km": 33,
        "date": "1996-09-08"
      },
      "geometry": {
        "type": "Point",
        "coordinates": [
          -75.982,
          6.566
        ]
      }
    },
    {
      "type": "Feature",
      "properties": {
        "mag": 4,
        "depth_km": 33,
        "date": "1996-09-05"
      },
      "geometry": {
        "type": "Point",
        "coordinates": [
          -76.051,
          6.808
        ]
      }
    },
    {
      "type": "Feature",
      "properties": {
        "mag": 4,
        "depth_km": 150,
        "date": "1996-09-04"
      },
      "geometry": {
        "type": "Point",
        "coordinates": [
          -73.072,
          6.851
        ]
      }
    },
    {
      "type": "Feature",
      "properties": {
        "mag": 4.4,
        "depth_km": 33,
        "date": "1996-08-31"
      },
      "geometry": {
        "type": "Point",
        "coordinates": [
          -75.297,
          5.513
        ]
      }
    },
    {
      "type": "Feature",
      "properties": {
        "mag": 4.1,
        "depth_km": 150,
        "date": "1996-08-17"
      },
      "geometry": {
        "type": "Point",
        "coordinates": [
          -72.875,
          6.913
        ]
      }
    },
    {
      "type": "Feature",
      "properties": {
        "mag": 4.3,
        "depth_km": 177.3,
        "date": "1996-08-06"
      },
      "geometry": {
        "type": "Point",
        "coordinates": [
          -73.156,
          6.816
        ]
      }
    },
    {
      "type": "Feature",
      "properties": {
        "mag": 4.4,
        "depth_km": 76,
        "date": "1996-08-06"
      },
      "geometry": {
        "type": "Point",
        "coordinates": [
          -75.258,
          7.171
        ]
      }
    },
    {
      "type": "Feature",
      "properties": {
        "mag": 3.8,
        "depth_km": 33,
        "date": "1996-08-02"
      },
      "geometry": {
        "type": "Point",
        "coordinates": [
          -77.409,
          7.566
        ]
      }
    },
    {
      "type": "Feature",
      "properties": {
        "mag": 3.9,
        "depth_km": 10,
        "date": "1996-07-28"
      },
      "geometry": {
        "type": "Point",
        "coordinates": [
          -77.741,
          5.49
        ]
      }
    },
    {
      "type": "Feature",
      "properties": {
        "mag": 4.7,
        "depth_km": 10,
        "date": "1996-07-27"
      },
      "geometry": {
        "type": "Point",
        "coordinates": [
          -77.801,
          5.925
        ]
      }
    },
    {
      "type": "Feature",
      "properties": {
        "mag": 3.9,
        "depth_km": 33,
        "date": "1996-07-26"
      },
      "geometry": {
        "type": "Point",
        "coordinates": [
          -77.065,
          5.944
        ]
      }
    },
    {
      "type": "Feature",
      "properties": {
        "mag": 4.1,
        "depth_km": 73.4,
        "date": "1996-07-26"
      },
      "geometry": {
        "type": "Point",
        "coordinates": [
          -77.69,
          5.373
        ]
      }
    },
    {
      "type": "Feature",
      "properties": {
        "mag": 3.8,
        "depth_km": 100,
        "date": "1996-07-12"
      },
      "geometry": {
        "type": "Point",
        "coordinates": [
          -76.126,
          4.686
        ]
      }
    },
    {
      "type": "Feature",
      "properties": {
        "mag": 4.5,
        "depth_km": 52.9,
        "date": "1996-07-03"
      },
      "geometry": {
        "type": "Point",
        "coordinates": [
          -75.287,
          7.348
        ]
      }
    },
    {
      "type": "Feature",
      "properties": {
        "mag": 3.6,
        "depth_km": 100,
        "date": "1996-06-17"
      },
      "geometry": {
        "type": "Point",
        "coordinates": [
          -72.92,
          7.075
        ]
      }
    },
    {
      "type": "Feature",
      "properties": {
        "mag": 4.9,
        "depth_km": 59.2,
        "date": "1996-06-11"
      },
      "geometry": {
        "type": "Point",
        "coordinates": [
          -74.579,
          7.063
        ]
      }
    },
    {
      "type": "Feature",
      "properties": {
        "mag": 4.3,
        "depth_km": 160.6,
        "date": "1996-06-08"
      },
      "geometry": {
        "type": "Point",
        "coordinates": [
          -72.994,
          6.776
        ]
      }
    },
    {
      "type": "Feature",
      "properties": {
        "mag": 4.4,
        "depth_km": 160.4,
        "date": "1996-06-06"
      },
      "geometry": {
        "type": "Point",
        "coordinates": [
          -72.998,
          6.766
        ]
      }
    },
    {
      "type": "Feature",
      "properties": {
        "mag": 3.9,
        "depth_km": 33,
        "date": "1996-05-25"
      },
      "geometry": {
        "type": "Point",
        "coordinates": [
          -77.263,
          5.791
        ]
      }
    },
    {
      "type": "Feature",
      "properties": {
        "mag": 5.7,
        "depth_km": 33,
        "date": "1996-05-23"
      },
      "geometry": {
        "type": "Point",
        "coordinates": [
          -77.584,
          5.9
        ]
      }
    },
    {
      "type": "Feature",
      "properties": {
        "mag": 5.3,
        "depth_km": 27.7,
        "date": "1996-05-13"
      },
      "geometry": {
        "type": "Point",
        "coordinates": [
          -76.947,
          7.227
        ]
      }
    },
    {
      "type": "Feature",
      "properties": {
        "mag": 4.1,
        "depth_km": 71.6,
        "date": "1996-05-10"
      },
      "geometry": {
        "type": "Point",
        "coordinates": [
          -74.515,
          7.441
        ]
      }
    },
    {
      "type": "Feature",
      "properties": {
        "mag": 4,
        "depth_km": 176.4,
        "date": "1996-05-08"
      },
      "geometry": {
        "type": "Point",
        "coordinates": [
          -73.115,
          6.77
        ]
      }
    },
    {
      "type": "Feature",
      "properties": {
        "mag": 4.4,
        "depth_km": 33,
        "date": "1996-04-12"
      },
      "geometry": {
        "type": "Point",
        "coordinates": [
          -77.631,
          7.357
        ]
      }
    },
    {
      "type": "Feature",
      "properties": {
        "mag": 4,
        "depth_km": 182.1,
        "date": "1996-04-06"
      },
      "geometry": {
        "type": "Point",
        "coordinates": [
          -73.058,
          6.846
        ]
      }
    },
    {
      "type": "Feature",
      "properties": {
        "mag": 4.2,
        "depth_km": 172.1,
        "date": "1996-04-02"
      },
      "geometry": {
        "type": "Point",
        "coordinates": [
          -73.062,
          6.763
        ]
      }
    },
    {
      "type": "Feature",
      "properties": {
        "mag": 3.8,
        "depth_km": 36,
        "date": "1996-03-22"
      },
      "geometry": {
        "type": "Point",
        "coordinates": [
          -77.111,
          7.756
        ]
      }
    },
    {
      "type": "Feature",
      "properties": {
        "mag": 4.3,
        "depth_km": 163.8,
        "date": "1996-03-19"
      },
      "geometry": {
        "type": "Point",
        "coordinates": [
          -73.139,
          6.808
        ]
      }
    },
    {
      "type": "Feature",
      "properties": {
        "mag": 4.3,
        "depth_km": 160.2,
        "date": "1996-03-12"
      },
      "geometry": {
        "type": "Point",
        "coordinates": [
          -72.993,
          6.836
        ]
      }
    },
    {
      "type": "Feature",
      "properties": {
        "mag": 4.1,
        "depth_km": 150,
        "date": "1996-03-11"
      },
      "geometry": {
        "type": "Point",
        "coordinates": [
          -73.421,
          7.178
        ]
      }
    },
    {
      "type": "Feature",
      "properties": {
        "mag": 3.6,
        "depth_km": 150,
        "date": "1996-03-10"
      },
      "geometry": {
        "type": "Point",
        "coordinates": [
          -73.15,
          7.084
        ]
      }
    },
    {
      "type": "Feature",
      "properties": {
        "mag": 4.1,
        "depth_km": 173.4,
        "date": "1996-03-04"
      },
      "geometry": {
        "type": "Point",
        "coordinates": [
          -73.126,
          6.762
        ]
      }
    },
    {
      "type": "Feature",
      "properties": {
        "mag": 4,
        "depth_km": 162.4,
        "date": "1996-03-03"
      },
      "geometry": {
        "type": "Point",
        "coordinates": [
          -72.981,
          7.366
        ]
      }
    },
    {
      "type": "Feature",
      "properties": {
        "mag": 4.3,
        "depth_km": 64.4,
        "date": "1996-03-03"
      },
      "geometry": {
        "type": "Point",
        "coordinates": [
          -76.463,
          6.981
        ]
      }
    },
    {
      "type": "Feature",
      "properties": {
        "mag": 3.7,
        "depth_km": 200,
        "date": "1996-03-03"
      },
      "geometry": {
        "type": "Point",
        "coordinates": [
          -73.277,
          7.054
        ]
      }
    },
    {
      "type": "Feature",
      "properties": {
        "mag": 4.3,
        "depth_km": 150,
        "date": "1996-02-28"
      },
      "geometry": {
        "type": "Point",
        "coordinates": [
          -73.163,
          7.05
        ]
      }
    },
    {
      "type": "Feature",
      "properties": {
        "mag": 4.2,
        "depth_km": 161.9,
        "date": "1996-02-18"
      },
      "geometry": {
        "type": "Point",
        "coordinates": [
          -73.024,
          6.802
        ]
      }
    },
    {
      "type": "Feature",
      "properties": {
        "mag": 4,
        "depth_km": 150,
        "date": "1996-02-14"
      },
      "geometry": {
        "type": "Point",
        "coordinates": [
          -73.149,
          6.999
        ]
      }
    },
    {
      "type": "Feature",
      "properties": {
        "mag": 3.9,
        "depth_km": 150,
        "date": "1996-02-08"
      },
      "geometry": {
        "type": "Point",
        "coordinates": [
          -73.235,
          6.752
        ]
      }
    },
    {
      "type": "Feature",
      "properties": {
        "mag": 3.6,
        "depth_km": 150,
        "date": "1996-02-06"
      },
      "geometry": {
        "type": "Point",
        "coordinates": [
          -73.272,
          7.03
        ]
      }
    },
    {
      "type": "Feature",
      "properties": {
        "mag": 4.1,
        "depth_km": 124.7,
        "date": "1996-02-03"
      },
      "geometry": {
        "type": "Point",
        "coordinates": [
          -73.358,
          7.664
        ]
      }
    },
    {
      "type": "Feature",
      "properties": {
        "mag": 4.3,
        "depth_km": 167.5,
        "date": "1996-01-23"
      },
      "geometry": {
        "type": "Point",
        "coordinates": [
          -73.022,
          6.794
        ]
      }
    },
    {
      "type": "Feature",
      "properties": {
        "mag": 3.5,
        "depth_km": 200,
        "date": "1996-01-17"
      },
      "geometry": {
        "type": "Point",
        "coordinates": [
          -72.902,
          6.755
        ]
      }
    },
    {
      "type": "Feature",
      "properties": {
        "mag": 4.8,
        "depth_km": 171.3,
        "date": "1996-01-10"
      },
      "geometry": {
        "type": "Point",
        "coordinates": [
          -72.973,
          6.755
        ]
      }
    },
    {
      "type": "Feature",
      "properties": {
        "mag": 4.8,
        "depth_km": 167.2,
        "date": "1996-01-08"
      },
      "geometry": {
        "type": "Point",
        "coordinates": [
          -72.987,
          6.706
        ]
      }
    },
    {
      "type": "Feature",
      "properties": {
        "mag": 4.4,
        "depth_km": 150.2,
        "date": "1996-01-06"
      },
      "geometry": {
        "type": "Point",
        "coordinates": [
          -73.143,
          6.534
        ]
      }
    },
    {
      "type": "Feature",
      "properties": {
        "mag": 4.4,
        "depth_km": 150,
        "date": "1995-12-18"
      },
      "geometry": {
        "type": "Point",
        "coordinates": [
          -73.141,
          6.451
        ]
      }
    },
    {
      "type": "Feature",
      "properties": {
        "mag": 4.4,
        "depth_km": 128.4,
        "date": "1995-12-11"
      },
      "geometry": {
        "type": "Point",
        "coordinates": [
          -73.198,
          6.961
        ]
      }
    },
    {
      "type": "Feature",
      "properties": {
        "mag": 4.1,
        "depth_km": 177,
        "date": "1995-12-10"
      },
      "geometry": {
        "type": "Point",
        "coordinates": [
          -72.927,
          6.71
        ]
      }
    },
    {
      "type": "Feature",
      "properties": {
        "mag": 4.4,
        "depth_km": 165.8,
        "date": "1995-12-08"
      },
      "geometry": {
        "type": "Point",
        "coordinates": [
          -72.933,
          6.779
        ]
      }
    },
    {
      "type": "Feature",
      "properties": {
        "mag": 4.1,
        "depth_km": 150,
        "date": "1995-12-01"
      },
      "geometry": {
        "type": "Point",
        "coordinates": [
          -73.108,
          6.804
        ]
      }
    },
    {
      "type": "Feature",
      "properties": {
        "mag": 3.9,
        "depth_km": 180.4,
        "date": "1995-11-25"
      },
      "geometry": {
        "type": "Point",
        "coordinates": [
          -72.967,
          6.87
        ]
      }
    },
    {
      "type": "Feature",
      "properties": {
        "mag": 4.2,
        "depth_km": 150,
        "date": "1995-11-05"
      },
      "geometry": {
        "type": "Point",
        "coordinates": [
          -73.14,
          6.849
        ]
      }
    },
    {
      "type": "Feature",
      "properties": {
        "mag": 4.8,
        "depth_km": 49,
        "date": "1995-10-31"
      },
      "geometry": {
        "type": "Point",
        "coordinates": [
          -75.615,
          7.656
        ]
      }
    },
    {
      "type": "Feature",
      "properties": {
        "mag": 4.2,
        "depth_km": 33,
        "date": "1995-10-11"
      },
      "geometry": {
        "type": "Point",
        "coordinates": [
          -76.688,
          7.723
        ]
      }
    },
    {
      "type": "Feature",
      "properties": {
        "mag": 4.2,
        "depth_km": 33,
        "date": "1995-10-10"
      },
      "geometry": {
        "type": "Point",
        "coordinates": [
          -77.614,
          5.879
        ]
      }
    },
    {
      "type": "Feature",
      "properties": {
        "mag": 4.4,
        "depth_km": 171.8,
        "date": "1995-10-09"
      },
      "geometry": {
        "type": "Point",
        "coordinates": [
          -72.88,
          6.766
        ]
      }
    },
    {
      "type": "Feature",
      "properties": {
        "mag": 4.5,
        "depth_km": 163.4,
        "date": "1995-10-09"
      },
      "geometry": {
        "type": "Point",
        "coordinates": [
          -72.968,
          6.802
        ]
      }
    },
    {
      "type": "Feature",
      "properties": {
        "mag": 3.9,
        "depth_km": 191.3,
        "date": "1995-10-02"
      },
      "geometry": {
        "type": "Point",
        "coordinates": [
          -75.576,
          4.069
        ]
      }
    },
    {
      "type": "Feature",
      "properties": {
        "mag": 3.8,
        "depth_km": 167.8,
        "date": "1995-09-26"
      },
      "geometry": {
        "type": "Point",
        "coordinates": [
          -72.984,
          6.853
        ]
      }
    },
    {
      "type": "Feature",
      "properties": {
        "mag": 4.6,
        "depth_km": 42.3,
        "date": "1995-09-01"
      },
      "geometry": {
        "type": "Point",
        "coordinates": [
          -77.918,
          7.166
        ]
      }
    },
    {
      "type": "Feature",
      "properties": {
        "mag": 6.6,
        "depth_km": 119.6,
        "date": "1995-08-19"
      },
      "geometry": {
        "type": "Point",
        "coordinates": [
          -75.577,
          5.139
        ]
      }
    },
    {
      "type": "Feature",
      "properties": {
        "mag": 4.1,
        "depth_km": 153.7,
        "date": "1995-08-15"
      },
      "geometry": {
        "type": "Point",
        "coordinates": [
          -73.067,
          6.763
        ]
      }
    },
    {
      "type": "Feature",
      "properties": {
        "mag": 3.8,
        "depth_km": 124.5,
        "date": "1995-08-15"
      },
      "geometry": {
        "type": "Point",
        "coordinates": [
          -73.268,
          6.123
        ]
      }
    },
    {
      "type": "Feature",
      "properties": {
        "mag": 4.1,
        "depth_km": 154.9,
        "date": "1995-08-09"
      },
      "geometry": {
        "type": "Point",
        "coordinates": [
          -73.169,
          6.871
        ]
      }
    },
    {
      "type": "Feature",
      "properties": {
        "mag": 4,
        "depth_km": 33,
        "date": "1995-07-27"
      },
      "geometry": {
        "type": "Point",
        "coordinates": [
          -77.566,
          7.685
        ]
      }
    },
    {
      "type": "Feature",
      "properties": {
        "mag": 4.8,
        "depth_km": 154.3,
        "date": "1995-07-23"
      },
      "geometry": {
        "type": "Point",
        "coordinates": [
          -73.099,
          6.898
        ]
      }
    },
    {
      "type": "Feature",
      "properties": {
        "mag": 4.6,
        "depth_km": 172.3,
        "date": "1995-07-23"
      },
      "geometry": {
        "type": "Point",
        "coordinates": [
          -73.02,
          6.71
        ]
      }
    },
    {
      "type": "Feature",
      "properties": {
        "mag": 4,
        "depth_km": 179.7,
        "date": "1995-07-21"
      },
      "geometry": {
        "type": "Point",
        "coordinates": [
          -72.996,
          6.824
        ]
      }
    },
    {
      "type": "Feature",
      "properties": {
        "mag": 4.3,
        "depth_km": 150,
        "date": "1995-07-08"
      },
      "geometry": {
        "type": "Point",
        "coordinates": [
          -73.373,
          6.874
        ]
      }
    },
    {
      "type": "Feature",
      "properties": {
        "mag": 4.4,
        "depth_km": 150,
        "date": "1995-07-06"
      },
      "geometry": {
        "type": "Point",
        "coordinates": [
          -73.292,
          6.295
        ]
      }
    },
    {
      "type": "Feature",
      "properties": {
        "mag": 4.7,
        "depth_km": 33,
        "date": "1995-06-25"
      },
      "geometry": {
        "type": "Point",
        "coordinates": [
          -75.548,
          7.789
        ]
      }
    },
    {
      "type": "Feature",
      "properties": {
        "mag": 4.2,
        "depth_km": 33,
        "date": "1995-06-22"
      },
      "geometry": {
        "type": "Point",
        "coordinates": [
          -77.54,
          6.436
        ]
      }
    },
    {
      "type": "Feature",
      "properties": {
        "mag": 4.1,
        "depth_km": 33,
        "date": "1995-06-18"
      },
      "geometry": {
        "type": "Point",
        "coordinates": [
          -74.099,
          6.365
        ]
      }
    },
    {
      "type": "Feature",
      "properties": {
        "mag": 4.9,
        "depth_km": 61.3,
        "date": "1995-06-04"
      },
      "geometry": {
        "type": "Point",
        "coordinates": [
          -74.493,
          4.905
        ]
      }
    },
    {
      "type": "Feature",
      "properties": {
        "mag": 4.6,
        "depth_km": 50.5,
        "date": "1995-05-30"
      },
      "geometry": {
        "type": "Point",
        "coordinates": [
          -76.777,
          6.888
        ]
      }
    },
    {
      "type": "Feature",
      "properties": {
        "mag": 3.8,
        "depth_km": 169,
        "date": "1995-05-25"
      },
      "geometry": {
        "type": "Point",
        "coordinates": [
          -73.181,
          6.899
        ]
      }
    },
    {
      "type": "Feature",
      "properties": {
        "mag": 5.3,
        "depth_km": 142.4,
        "date": "1995-05-20"
      },
      "geometry": {
        "type": "Point",
        "coordinates": [
          -73.783,
          5.553
        ]
      }
    },
    {
      "type": "Feature",
      "properties": {
        "mag": 4.4,
        "depth_km": 174,
        "date": "1995-05-17"
      },
      "geometry": {
        "type": "Point",
        "coordinates": [
          -72.9,
          6.772
        ]
      }
    },
    {
      "type": "Feature",
      "properties": {
        "mag": 4.1,
        "depth_km": 163.9,
        "date": "1995-05-14"
      },
      "geometry": {
        "type": "Point",
        "coordinates": [
          -72.997,
          6.899
        ]
      }
    },
    {
      "type": "Feature",
      "properties": {
        "mag": 4.1,
        "depth_km": 120.7,
        "date": "1995-05-09"
      },
      "geometry": {
        "type": "Point",
        "coordinates": [
          -73.112,
          6.794
        ]
      }
    },
    {
      "type": "Feature",
      "properties": {
        "mag": 4.1,
        "depth_km": 33,
        "date": "1995-05-08"
      },
      "geometry": {
        "type": "Point",
        "coordinates": [
          -77.433,
          7.073
        ]
      }
    },
    {
      "type": "Feature",
      "properties": {
        "mag": 4.5,
        "depth_km": 150.9,
        "date": "1995-05-05"
      },
      "geometry": {
        "type": "Point",
        "coordinates": [
          -73.187,
          6.636
        ]
      }
    },
    {
      "type": "Feature",
      "properties": {
        "mag": 4.6,
        "depth_km": 162,
        "date": "1995-04-22"
      },
      "geometry": {
        "type": "Point",
        "coordinates": [
          -72.953,
          6.775
        ]
      }
    },
    {
      "type": "Feature",
      "properties": {
        "mag": 4.2,
        "depth_km": 152.7,
        "date": "1995-04-16"
      },
      "geometry": {
        "type": "Point",
        "coordinates": [
          -73.229,
          7.014
        ]
      }
    },
    {
      "type": "Feature",
      "properties": {
        "mag": 4.8,
        "depth_km": 36,
        "date": "1995-03-29"
      },
      "geometry": {
        "type": "Point",
        "coordinates": [
          -76.743,
          7.077
        ]
      }
    },
    {
      "type": "Feature",
      "properties": {
        "mag": 3.8,
        "depth_km": 80,
        "date": "1995-03-24"
      },
      "geometry": {
        "type": "Point",
        "coordinates": [
          -76.657,
          7.891
        ]
      }
    },
    {
      "type": "Feature",
      "properties": {
        "mag": 4.5,
        "depth_km": 156.5,
        "date": "1995-03-24"
      },
      "geometry": {
        "type": "Point",
        "coordinates": [
          -73.073,
          6.91
        ]
      }
    },
    {
      "type": "Feature",
      "properties": {
        "mag": 4.3,
        "depth_km": 10,
        "date": "1995-03-23"
      },
      "geometry": {
        "type": "Point",
        "coordinates": [
          -76.658,
          7.476
        ]
      }
    },
    {
      "type": "Feature",
      "properties": {
        "mag": 5.4,
        "depth_km": 10,
        "date": "1995-03-23"
      },
      "geometry": {
        "type": "Point",
        "coordinates": [
          -76.635,
          7.418
        ]
      }
    },
    {
      "type": "Feature",
      "properties": {
        "mag": 4.3,
        "depth_km": 169.1,
        "date": "1995-03-19"
      },
      "geometry": {
        "type": "Point",
        "coordinates": [
          -73.043,
          6.786
        ]
      }
    },
    {
      "type": "Feature",
      "properties": {
        "mag": 4.1,
        "depth_km": 33,
        "date": "1995-03-19"
      },
      "geometry": {
        "type": "Point",
        "coordinates": [
          -76.664,
          7.495
        ]
      }
    },
    {
      "type": "Feature",
      "properties": {
        "mag": 4.5,
        "depth_km": 33,
        "date": "1995-03-19"
      },
      "geometry": {
        "type": "Point",
        "coordinates": [
          -76.61,
          7.656
        ]
      }
    },
    {
      "type": "Feature",
      "properties": {
        "mag": 5.3,
        "depth_km": 35,
        "date": "1995-03-19"
      },
      "geometry": {
        "type": "Point",
        "coordinates": [
          -76.725,
          7.478
        ]
      }
    },
    {
      "type": "Feature",
      "properties": {
        "mag": 4.4,
        "depth_km": 157.9,
        "date": "1995-03-14"
      },
      "geometry": {
        "type": "Point",
        "coordinates": [
          -73.041,
          6.796
        ]
      }
    },
    {
      "type": "Feature",
      "properties": {
        "mag": 4.3,
        "depth_km": 33,
        "date": "1995-03-13"
      },
      "geometry": {
        "type": "Point",
        "coordinates": [
          -75.473,
          7.897
        ]
      }
    },
    {
      "type": "Feature",
      "properties": {
        "mag": 4.2,
        "depth_km": 166.4,
        "date": "1995-03-10"
      },
      "geometry": {
        "type": "Point",
        "coordinates": [
          -72.986,
          7.093
        ]
      }
    },
    {
      "type": "Feature",
      "properties": {
        "mag": 4.1,
        "depth_km": 121.2,
        "date": "1995-03-01"
      },
      "geometry": {
        "type": "Point",
        "coordinates": [
          -76.587,
          4.034
        ]
      }
    },
    {
      "type": "Feature",
      "properties": {
        "mag": 3.9,
        "depth_km": 33,
        "date": "1995-03-01"
      },
      "geometry": {
        "type": "Point",
        "coordinates": [
          -76.617,
          7.951
        ]
      }
    },
    {
      "type": "Feature",
      "properties": {
        "mag": 4.7,
        "depth_km": 156.9,
        "date": "1995-02-23"
      },
      "geometry": {
        "type": "Point",
        "coordinates": [
          -72.958,
          6.805
        ]
      }
    },
    {
      "type": "Feature",
      "properties": {
        "mag": 3.8,
        "depth_km": 61.1,
        "date": "1995-02-10"
      },
      "geometry": {
        "type": "Point",
        "coordinates": [
          -76.819,
          4.289
        ]
      }
    },
    {
      "type": "Feature",
      "properties": {
        "mag": 6.4,
        "depth_km": 73.5,
        "date": "1995-02-08"
      },
      "geometry": {
        "type": "Point",
        "coordinates": [
          -76.622,
          4.104
        ]
      }
    },
    {
      "type": "Feature",
      "properties": {
        "mag": 4.3,
        "depth_km": 167,
        "date": "1995-01-30"
      },
      "geometry": {
        "type": "Point",
        "coordinates": [
          -72.944,
          6.84
        ]
      }
    },
    {
      "type": "Feature",
      "properties": {
        "mag": 4.7,
        "depth_km": 33,
        "date": "1995-01-28"
      },
      "geometry": {
        "type": "Point",
        "coordinates": [
          -73.617,
          5.521
        ]
      }
    },
    {
      "type": "Feature",
      "properties": {
        "mag": 4.2,
        "depth_km": 131.2,
        "date": "1995-01-02"
      },
      "geometry": {
        "type": "Point",
        "coordinates": [
          -75.421,
          5.008
        ]
      }
    },
    {
      "type": "Feature",
      "properties": {
        "mag": 5.2,
        "depth_km": 158.3,
        "date": "1994-12-10"
      },
      "geometry": {
        "type": "Point",
        "coordinates": [
          -72.993,
          6.815
        ]
      }
    },
    {
      "type": "Feature",
      "properties": {
        "mag": 4,
        "depth_km": 167.1,
        "date": "1994-12-10"
      },
      "geometry": {
        "type": "Point",
        "coordinates": [
          -72.969,
          6.901
        ]
      }
    },
    {
      "type": "Feature",
      "properties": {
        "mag": 4.8,
        "depth_km": 174.4,
        "date": "1994-11-06"
      },
      "geometry": {
        "type": "Point",
        "coordinates": [
          -73.022,
          6.753
        ]
      }
    },
    {
      "type": "Feature",
      "properties": {
        "mag": 4.5,
        "depth_km": 83.6,
        "date": "1994-11-02"
      },
      "geometry": {
        "type": "Point",
        "coordinates": [
          -76.554,
          5.312
        ]
      }
    },
    {
      "type": "Feature",
      "properties": {
        "mag": 3.9,
        "depth_km": 117.8,
        "date": "1994-10-29"
      },
      "geometry": {
        "type": "Point",
        "coordinates": [
          -76.416,
          4.842
        ]
      }
    },
    {
      "type": "Feature",
      "properties": {
        "mag": 4,
        "depth_km": 33,
        "date": "1994-10-29"
      },
      "geometry": {
        "type": "Point",
        "coordinates": [
          -76.716,
          7.261
        ]
      }
    },
    {
      "type": "Feature",
      "properties": {
        "mag": 4.7,
        "depth_km": 161.7,
        "date": "1994-10-16"
      },
      "geometry": {
        "type": "Point",
        "coordinates": [
          -73.094,
          6.863
        ]
      }
    },
    {
      "type": "Feature",
      "properties": {
        "mag": 4.4,
        "depth_km": 161.9,
        "date": "1994-09-29"
      },
      "geometry": {
        "type": "Point",
        "coordinates": [
          -72.944,
          6.808
        ]
      }
    },
    {
      "type": "Feature",
      "properties": {
        "mag": 4.3,
        "depth_km": 160.1,
        "date": "1994-09-24"
      },
      "geometry": {
        "type": "Point",
        "coordinates": [
          -72.92,
          6.823
        ]
      }
    },
    {
      "type": "Feature",
      "properties": {
        "mag": 4.3,
        "depth_km": 160.2,
        "date": "1994-09-22"
      },
      "geometry": {
        "type": "Point",
        "coordinates": [
          -73.005,
          6.904
        ]
      }
    },
    {
      "type": "Feature",
      "properties": {
        "mag": 4.9,
        "depth_km": 33,
        "date": "1994-09-19"
      },
      "geometry": {
        "type": "Point",
        "coordinates": [
          -74.614,
          6.872
        ]
      }
    },
    {
      "type": "Feature",
      "properties": {
        "mag": 4.4,
        "depth_km": 33,
        "date": "1994-09-13"
      },
      "geometry": {
        "type": "Point",
        "coordinates": [
          -76.613,
          7.18
        ]
      }
    },
    {
      "type": "Feature",
      "properties": {
        "mag": 4.7,
        "depth_km": 33,
        "date": "1994-09-13"
      },
      "geometry": {
        "type": "Point",
        "coordinates": [
          -76.715,
          7.242
        ]
      }
    },
    {
      "type": "Feature",
      "properties": {
        "mag": 4.7,
        "depth_km": 33,
        "date": "1994-09-13"
      },
      "geometry": {
        "type": "Point",
        "coordinates": [
          -76.8,
          7.094
        ]
      }
    },
    {
      "type": "Feature",
      "properties": {
        "mag": 4.5,
        "depth_km": 33,
        "date": "1994-09-13"
      },
      "geometry": {
        "type": "Point",
        "coordinates": [
          -76.643,
          6.97
        ]
      }
    },
    {
      "type": "Feature",
      "properties": {
        "mag": 4.8,
        "depth_km": 33,
        "date": "1994-09-13"
      },
      "geometry": {
        "type": "Point",
        "coordinates": [
          -76.678,
          7.373
        ]
      }
    },
    {
      "type": "Feature",
      "properties": {
        "mag": 6.1,
        "depth_km": 13.6,
        "date": "1994-09-13"
      },
      "geometry": {
        "type": "Point",
        "coordinates": [
          -76.678,
          7.054
        ]
      }
    },
    {
      "type": "Feature",
      "properties": {
        "mag": 4.4,
        "depth_km": 162.1,
        "date": "1994-09-03"
      },
      "geometry": {
        "type": "Point",
        "coordinates": [
          -73.034,
          6.926
        ]
      }
    },
    {
      "type": "Feature",
      "properties": {
        "mag": 4.6,
        "depth_km": 169.1,
        "date": "1994-08-25"
      },
      "geometry": {
        "type": "Point",
        "coordinates": [
          -73.147,
          6.551
        ]
      }
    },
    {
      "type": "Feature",
      "properties": {
        "mag": 4.6,
        "depth_km": 210.8,
        "date": "1994-08-24"
      },
      "geometry": {
        "type": "Point",
        "coordinates": [
          -73.241,
          6.547
        ]
      }
    },
    {
      "type": "Feature",
      "properties": {
        "mag": 4,
        "depth_km": 33,
        "date": "1994-08-12"
      },
      "geometry": {
        "type": "Point",
        "coordinates": [
          -76.738,
          7.061
        ]
      }
    },
    {
      "type": "Feature",
      "properties": {
        "mag": 4.5,
        "depth_km": 134.2,
        "date": "1994-07-18"
      },
      "geometry": {
        "type": "Point",
        "coordinates": [
          -73.059,
          6.298
        ]
      }
    },
    {
      "type": "Feature",
      "properties": {
        "mag": 4.2,
        "depth_km": 152.7,
        "date": "1994-07-14"
      },
      "geometry": {
        "type": "Point",
        "coordinates": [
          -73.211,
          6.972
        ]
      }
    },
    {
      "type": "Feature",
      "properties": {
        "mag": 4.5,
        "depth_km": 150,
        "date": "1994-07-03"
      },
      "geometry": {
        "type": "Point",
        "coordinates": [
          -73.091,
          6.838
        ]
      }
    },
    {
      "type": "Feature",
      "properties": {
        "mag": 4.3,
        "depth_km": 175.9,
        "date": "1994-06-21"
      },
      "geometry": {
        "type": "Point",
        "coordinates": [
          -73.114,
          6.809
        ]
      }
    },
    {
      "type": "Feature",
      "properties": {
        "mag": 4.4,
        "depth_km": 162.2,
        "date": "1994-06-05"
      },
      "geometry": {
        "type": "Point",
        "coordinates": [
          -72.924,
          6.789
        ]
      }
    },
    {
      "type": "Feature",
      "properties": {
        "mag": 4.6,
        "depth_km": 63.2,
        "date": "1994-05-06"
      },
      "geometry": {
        "type": "Point",
        "coordinates": [
          -76.746,
          6.818
        ]
      }
    },
    {
      "type": "Feature",
      "properties": {
        "mag": 4.8,
        "depth_km": 157.9,
        "date": "1994-04-14"
      },
      "geometry": {
        "type": "Point",
        "coordinates": [
          -73.033,
          6.802
        ]
      }
    },
    {
      "type": "Feature",
      "properties": {
        "mag": 4.7,
        "depth_km": 156.8,
        "date": "1994-03-28"
      },
      "geometry": {
        "type": "Point",
        "coordinates": [
          -73.058,
          6.806
        ]
      }
    },
    {
      "type": "Feature",
      "properties": {
        "mag": 4.2,
        "depth_km": 169,
        "date": "1994-03-21"
      },
      "geometry": {
        "type": "Point",
        "coordinates": [
          -73.097,
          6.892
        ]
      }
    },
    {
      "type": "Feature",
      "properties": {
        "mag": 4.1,
        "depth_km": 59.4,
        "date": "1994-03-11"
      },
      "geometry": {
        "type": "Point",
        "coordinates": [
          -77.294,
          7.474
        ]
      }
    },
    {
      "type": "Feature",
      "properties": {
        "mag": 4.2,
        "depth_km": 112.1,
        "date": "1994-02-28"
      },
      "geometry": {
        "type": "Point",
        "coordinates": [
          -75.986,
          5.095
        ]
      }
    },
    {
      "type": "Feature",
      "properties": {
        "mag": 3.6,
        "depth_km": 112.8,
        "date": "1994-02-28"
      },
      "geometry": {
        "type": "Point",
        "coordinates": [
          -75.837,
          5.081
        ]
      }
    },
    {
      "type": "Feature",
      "properties": {
        "mag": 4.9,
        "depth_km": 159.4,
        "date": "1994-02-26"
      },
      "geometry": {
        "type": "Point",
        "coordinates": [
          -73.058,
          6.77
        ]
      }
    },
    {
      "type": "Feature",
      "properties": {
        "mag": 4.6,
        "depth_km": 48.3,
        "date": "1994-02-24"
      },
      "geometry": {
        "type": "Point",
        "coordinates": [
          -75.308,
          8.358
        ]
      }
    },
    {
      "type": "Feature",
      "properties": {
        "mag": 4.4,
        "depth_km": 153.9,
        "date": "1994-02-20"
      },
      "geometry": {
        "type": "Point",
        "coordinates": [
          -73.105,
          6.69
        ]
      }
    },
    {
      "type": "Feature",
      "properties": {
        "mag": 4.9,
        "depth_km": 158.2,
        "date": "1994-02-18"
      },
      "geometry": {
        "type": "Point",
        "coordinates": [
          -73.078,
          6.676
        ]
      }
    },
    {
      "type": "Feature",
      "properties": {
        "mag": 4.9,
        "depth_km": 33,
        "date": "1994-02-17"
      },
      "geometry": {
        "type": "Point",
        "coordinates": [
          -73.642,
          7.667
        ]
      }
    },
    {
      "type": "Feature",
      "properties": {
        "mag": 4.6,
        "depth_km": 55.5,
        "date": "1994-02-07"
      },
      "geometry": {
        "type": "Point",
        "coordinates": [
          -75.845,
          5.804
        ]
      }
    },
    {
      "type": "Feature",
      "properties": {
        "mag": 4.5,
        "depth_km": 173.4,
        "date": "1994-01-05"
      },
      "geometry": {
        "type": "Point",
        "coordinates": [
          -73.149,
          6.902
        ]
      }
    },
    {
      "type": "Feature",
      "properties": {
        "mag": 4.4,
        "depth_km": 164.4,
        "date": "1994-01-02"
      },
      "geometry": {
        "type": "Point",
        "coordinates": [
          -72.942,
          6.775
        ]
      }
    },
    {
      "type": "Feature",
      "properties": {
        "mag": 4.5,
        "depth_km": 163.2,
        "date": "1993-12-27"
      },
      "geometry": {
        "type": "Point",
        "coordinates": [
          -73.053,
          6.932
        ]
      }
    },
    {
      "type": "Feature",
      "properties": {
        "mag": 4.7,
        "depth_km": 33,
        "date": "1993-12-25"
      },
      "geometry": {
        "type": "Point",
        "coordinates": [
          -76.796,
          7.487
        ]
      }
    },
    {
      "type": "Feature",
      "properties": {
        "mag": 4.3,
        "depth_km": 33,
        "date": "1993-12-10"
      },
      "geometry": {
        "type": "Point",
        "coordinates": [
          -76.648,
          7
        ]
      }
    },
    {
      "type": "Feature",
      "properties": {
        "mag": 4.6,
        "depth_km": 155.2,
        "date": "1993-12-03"
      },
      "geometry": {
        "type": "Point",
        "coordinates": [
          -75.556,
          4.967
        ]
      }
    },
    {
      "type": "Feature",
      "properties": {
        "mag": 4.1,
        "depth_km": 165,
        "date": "1993-12-03"
      },
      "geometry": {
        "type": "Point",
        "coordinates": [
          -73.061,
          6.815
        ]
      }
    },
    {
      "type": "Feature",
      "properties": {
        "mag": 4.5,
        "depth_km": 165.6,
        "date": "1993-11-27"
      },
      "geometry": {
        "type": "Point",
        "coordinates": [
          -72.956,
          6.733
        ]
      }
    },
    {
      "type": "Feature",
      "properties": {
        "mag": 4.7,
        "depth_km": 148,
        "date": "1993-11-26"
      },
      "geometry": {
        "type": "Point",
        "coordinates": [
          -73.054,
          6.697
        ]
      }
    },
    {
      "type": "Feature",
      "properties": {
        "mag": 4.7,
        "depth_km": 90.1,
        "date": "1993-11-18"
      },
      "geometry": {
        "type": "Point",
        "coordinates": [
          -74.632,
          6.752
        ]
      }
    },
    {
      "type": "Feature",
      "properties": {
        "mag": 4.2,
        "depth_km": 159.8,
        "date": "1993-11-06"
      },
      "geometry": {
        "type": "Point",
        "coordinates": [
          -72.982,
          6.773
        ]
      }
    },
    {
      "type": "Feature",
      "properties": {
        "mag": 4.6,
        "depth_km": 160.3,
        "date": "1993-11-06"
      },
      "geometry": {
        "type": "Point",
        "coordinates": [
          -73.024,
          6.852
        ]
      }
    },
    {
      "type": "Feature",
      "properties": {
        "mag": 5.2,
        "depth_km": 102.6,
        "date": "1993-10-12"
      },
      "geometry": {
        "type": "Point",
        "coordinates": [
          -76.638,
          4.196
        ]
      }
    },
    {
      "type": "Feature",
      "properties": {
        "mag": 4.6,
        "depth_km": 168.5,
        "date": "1993-10-08"
      },
      "geometry": {
        "type": "Point",
        "coordinates": [
          -72.965,
          6.759
        ]
      }
    },
    {
      "type": "Feature",
      "properties": {
        "mag": 4.5,
        "depth_km": 168.5,
        "date": "1993-10-01"
      },
      "geometry": {
        "type": "Point",
        "coordinates": [
          -73.096,
          6.897
        ]
      }
    },
    {
      "type": "Feature",
      "properties": {
        "mag": 4.6,
        "depth_km": 162.7,
        "date": "1993-09-26"
      },
      "geometry": {
        "type": "Point",
        "coordinates": [
          -72.994,
          6.817
        ]
      }
    },
    {
      "type": "Feature",
      "properties": {
        "mag": 4.3,
        "depth_km": 150,
        "date": "1993-09-12"
      },
      "geometry": {
        "type": "Point",
        "coordinates": [
          -73.387,
          7.117
        ]
      }
    },
    {
      "type": "Feature",
      "properties": {
        "mag": 4.9,
        "depth_km": 91.3,
        "date": "1993-09-03"
      },
      "geometry": {
        "type": "Point",
        "coordinates": [
          -74.11,
          7.62
        ]
      }
    },
    {
      "type": "Feature",
      "properties": {
        "mag": 4.2,
        "depth_km": 189.3,
        "date": "1993-09-02"
      },
      "geometry": {
        "type": "Point",
        "coordinates": [
          -73.456,
          6.797
        ]
      }
    },
    {
      "type": "Feature",
      "properties": {
        "mag": 4.5,
        "depth_km": 173.6,
        "date": "1993-09-02"
      },
      "geometry": {
        "type": "Point",
        "coordinates": [
          -73.123,
          6.908
        ]
      }
    },
    {
      "type": "Feature",
      "properties": {
        "mag": 3.9,
        "depth_km": 79,
        "date": "1993-08-16"
      },
      "geometry": {
        "type": "Point",
        "coordinates": [
          -77.387,
          4.871
        ]
      }
    },
    {
      "type": "Feature",
      "properties": {
        "mag": 4.7,
        "depth_km": 166,
        "date": "1993-08-08"
      },
      "geometry": {
        "type": "Point",
        "coordinates": [
          -72.96,
          6.773
        ]
      }
    },
    {
      "type": "Feature",
      "properties": {
        "mag": 3.9,
        "depth_km": 171.5,
        "date": "1993-08-07"
      },
      "geometry": {
        "type": "Point",
        "coordinates": [
          -73.085,
          6.82
        ]
      }
    },
    {
      "type": "Feature",
      "properties": {
        "mag": 3.8,
        "depth_km": 90.5,
        "date": "1993-08-05"
      },
      "geometry": {
        "type": "Point",
        "coordinates": [
          -76.79,
          7.146
        ]
      }
    },
    {
      "type": "Feature",
      "properties": {
        "mag": 4.5,
        "depth_km": 162.6,
        "date": "1993-07-31"
      },
      "geometry": {
        "type": "Point",
        "coordinates": [
          -73.039,
          6.806
        ]
      }
    },
    {
      "type": "Feature",
      "properties": {
        "mag": 4.3,
        "depth_km": 152.5,
        "date": "1993-07-30"
      },
      "geometry": {
        "type": "Point",
        "coordinates": [
          -73.077,
          6.872
        ]
      }
    },
    {
      "type": "Feature",
      "properties": {
        "mag": 3.9,
        "depth_km": 181.1,
        "date": "1993-07-18"
      },
      "geometry": {
        "type": "Point",
        "coordinates": [
          -72.892,
          6.628
        ]
      }
    },
    {
      "type": "Feature",
      "properties": {
        "mag": 4.2,
        "depth_km": 188.1,
        "date": "1993-07-13"
      },
      "geometry": {
        "type": "Point",
        "coordinates": [
          -72.825,
          6.703
        ]
      }
    },
    {
      "type": "Feature",
      "properties": {
        "mag": 4.6,
        "depth_km": 174.4,
        "date": "1993-07-08"
      },
      "geometry": {
        "type": "Point",
        "coordinates": [
          -72.955,
          6.787
        ]
      }
    },
    {
      "type": "Feature",
      "properties": {
        "mag": 4.6,
        "depth_km": 170,
        "date": "1993-06-19"
      },
      "geometry": {
        "type": "Point",
        "coordinates": [
          -72.903,
          6.708
        ]
      }
    },
    {
      "type": "Feature",
      "properties": {
        "mag": 4.2,
        "depth_km": 161.8,
        "date": "1993-06-19"
      },
      "geometry": {
        "type": "Point",
        "coordinates": [
          -73.001,
          6.823
        ]
      }
    },
    {
      "type": "Feature",
      "properties": {
        "mag": 4,
        "depth_km": 153.8,
        "date": "1993-06-14"
      },
      "geometry": {
        "type": "Point",
        "coordinates": [
          -72.906,
          7.002
        ]
      }
    },
    {
      "type": "Feature",
      "properties": {
        "mag": 4,
        "depth_km": 170.3,
        "date": "1993-06-14"
      },
      "geometry": {
        "type": "Point",
        "coordinates": [
          -73.016,
          6.83
        ]
      }
    },
    {
      "type": "Feature",
      "properties": {
        "mag": 4.2,
        "depth_km": 158.4,
        "date": "1993-06-12"
      },
      "geometry": {
        "type": "Point",
        "coordinates": [
          -73.255,
          7.009
        ]
      }
    },
    {
      "type": "Feature",
      "properties": {
        "mag": 4.6,
        "depth_km": 168.4,
        "date": "1993-06-12"
      },
      "geometry": {
        "type": "Point",
        "coordinates": [
          -72.848,
          6.657
        ]
      }
    },
    {
      "type": "Feature",
      "properties": {
        "mag": 4,
        "depth_km": 61.4,
        "date": "1993-06-07"
      },
      "geometry": {
        "type": "Point",
        "coordinates": [
          -74.487,
          4.767
        ]
      }
    },
    {
      "type": "Feature",
      "properties": {
        "mag": 4.1,
        "depth_km": 170.3,
        "date": "1993-06-04"
      },
      "geometry": {
        "type": "Point",
        "coordinates": [
          -72.849,
          6.667
        ]
      }
    },
    {
      "type": "Feature",
      "properties": {
        "mag": 3.9,
        "depth_km": 10,
        "date": "1993-06-04"
      },
      "geometry": {
        "type": "Point",
        "coordinates": [
          -76.647,
          7.506
        ]
      }
    },
    {
      "type": "Feature",
      "properties": {
        "mag": 3.6,
        "depth_km": 178.8,
        "date": "1993-06-01"
      },
      "geometry": {
        "type": "Point",
        "coordinates": [
          -72.928,
          6.722
        ]
      }
    },
    {
      "type": "Feature",
      "properties": {
        "mag": 5.5,
        "depth_km": 11.7,
        "date": "1993-05-27"
      },
      "geometry": {
        "type": "Point",
        "coordinates": [
          -77.514,
          5.461
        ]
      }
    },
    {
      "type": "Feature",
      "properties": {
        "mag": 4.9,
        "depth_km": 168.4,
        "date": "1993-05-23"
      },
      "geometry": {
        "type": "Point",
        "coordinates": [
          -72.975,
          6.717
        ]
      }
    },
    {
      "type": "Feature",
      "properties": {
        "mag": 3.8,
        "depth_km": 168.1,
        "date": "1993-05-12"
      },
      "geometry": {
        "type": "Point",
        "coordinates": [
          -73.05,
          6.782
        ]
      }
    },
    {
      "type": "Feature",
      "properties": {
        "mag": 3.8,
        "depth_km": 115.1,
        "date": "1993-05-10"
      },
      "geometry": {
        "type": "Point",
        "coordinates": [
          -76.297,
          7.867
        ]
      }
    },
    {
      "type": "Feature",
      "properties": {
        "mag": 3.8,
        "depth_km": 114.4,
        "date": "1993-05-08"
      },
      "geometry": {
        "type": "Point",
        "coordinates": [
          -75.988,
          7.411
        ]
      }
    },
    {
      "type": "Feature",
      "properties": {
        "mag": 4.2,
        "depth_km": 146.1,
        "date": "1993-05-07"
      },
      "geometry": {
        "type": "Point",
        "coordinates": [
          -73.315,
          7.065
        ]
      }
    },
    {
      "type": "Feature",
      "properties": {
        "mag": 4.9,
        "depth_km": 162,
        "date": "1993-05-03"
      },
      "geometry": {
        "type": "Point",
        "coordinates": [
          -72.969,
          6.763
        ]
      }
    },
    {
      "type": "Feature",
      "properties": {
        "mag": 3.5,
        "depth_km": 169.6,
        "date": "1993-05-01"
      },
      "geometry": {
        "type": "Point",
        "coordinates": [
          -73.042,
          6.758
        ]
      }
    },
    {
      "type": "Feature",
      "properties": {
        "mag": 3.6,
        "depth_km": 165.6,
        "date": "1993-05-01"
      },
      "geometry": {
        "type": "Point",
        "coordinates": [
          -73.109,
          6.924
        ]
      }
    },
    {
      "type": "Feature",
      "properties": {
        "mag": 4.1,
        "depth_km": 141.2,
        "date": "1993-04-27"
      },
      "geometry": {
        "type": "Point",
        "coordinates": [
          -73.164,
          6.781
        ]
      }
    },
    {
      "type": "Feature",
      "properties": {
        "mag": 4.5,
        "depth_km": 126.1,
        "date": "1993-04-22"
      },
      "geometry": {
        "type": "Point",
        "coordinates": [
          -76.429,
          4.452
        ]
      }
    },
    {
      "type": "Feature",
      "properties": {
        "mag": 4.4,
        "depth_km": 161.7,
        "date": "1993-04-19"
      },
      "geometry": {
        "type": "Point",
        "coordinates": [
          -73.095,
          6.846
        ]
      }
    },
    {
      "type": "Feature",
      "properties": {
        "mag": 4.5,
        "depth_km": 167,
        "date": "1993-04-18"
      },
      "geometry": {
        "type": "Point",
        "coordinates": [
          -72.929,
          6.772
        ]
      }
    },
    {
      "type": "Feature",
      "properties": {
        "mag": 4.5,
        "depth_km": 27,
        "date": "1993-04-16"
      },
      "geometry": {
        "type": "Point",
        "coordinates": [
          -75.239,
          8.258
        ]
      }
    },
    {
      "type": "Feature",
      "properties": {
        "mag": 4.5,
        "depth_km": 166.3,
        "date": "1993-04-14"
      },
      "geometry": {
        "type": "Point",
        "coordinates": [
          -72.922,
          6.766
        ]
      }
    },
    {
      "type": "Feature",
      "properties": {
        "mag": 4.6,
        "depth_km": 26.9,
        "date": "1993-04-08"
      },
      "geometry": {
        "type": "Point",
        "coordinates": [
          -77.152,
          7.173
        ]
      }
    },
    {
      "type": "Feature",
      "properties": {
        "mag": 4.1,
        "depth_km": 158.2,
        "date": "1993-04-07"
      },
      "geometry": {
        "type": "Point",
        "coordinates": [
          -73.119,
          6.825
        ]
      }
    },
    {
      "type": "Feature",
      "properties": {
        "mag": 4,
        "depth_km": 37.5,
        "date": "1993-04-07"
      },
      "geometry": {
        "type": "Point",
        "coordinates": [
          -77.039,
          7.353
        ]
      }
    },
    {
      "type": "Feature",
      "properties": {
        "mag": 3.5,
        "depth_km": 33,
        "date": "1993-04-07"
      },
      "geometry": {
        "type": "Point",
        "coordinates": [
          -76.835,
          6.101
        ]
      }
    },
    {
      "type": "Feature",
      "properties": {
        "mag": 3.8,
        "depth_km": 33,
        "date": "1993-04-06"
      },
      "geometry": {
        "type": "Point",
        "coordinates": [
          -76.657,
          6.444
        ]
      }
    },
    {
      "type": "Feature",
      "properties": {
        "mag": 4.2,
        "depth_km": 158.6,
        "date": "1993-04-04"
      },
      "geometry": {
        "type": "Point",
        "coordinates": [
          -72.937,
          6.756
        ]
      }
    },
    {
      "type": "Feature",
      "properties": {
        "mag": 4.5,
        "depth_km": 35.4,
        "date": "1993-04-03"
      },
      "geometry": {
        "type": "Point",
        "coordinates": [
          -76.995,
          7.221
        ]
      }
    },
    {
      "type": "Feature",
      "properties": {
        "mag": 3.8,
        "depth_km": 182.8,
        "date": "1993-03-25"
      },
      "geometry": {
        "type": "Point",
        "coordinates": [
          -72.903,
          6.658
        ]
      }
    },
    {
      "type": "Feature",
      "properties": {
        "mag": 4.7,
        "depth_km": 164.5,
        "date": "1993-03-17"
      },
      "geometry": {
        "type": "Point",
        "coordinates": [
          -72.922,
          6.781
        ]
      }
    },
    {
      "type": "Feature",
      "properties": {
        "mag": 3.7,
        "depth_km": 57.1,
        "date": "1993-03-08"
      },
      "geometry": {
        "type": "Point",
        "coordinates": [
          -76.519,
          7.399
        ]
      }
    },
    {
      "type": "Feature",
      "properties": {
        "mag": 3.8,
        "depth_km": 154.8,
        "date": "1993-03-07"
      },
      "geometry": {
        "type": "Point",
        "coordinates": [
          -73.084,
          6.465
        ]
      }
    },
    {
      "type": "Feature",
      "properties": {
        "mag": 4.1,
        "depth_km": 16,
        "date": "1993-02-25"
      },
      "geometry": {
        "type": "Point",
        "coordinates": [
          -77.597,
          6.245
        ]
      }
    },
    {
      "type": "Feature",
      "properties": {
        "mag": 4.3,
        "depth_km": 33,
        "date": "1993-02-24"
      },
      "geometry": {
        "type": "Point",
        "coordinates": [
          -77.477,
          7.702
        ]
      }
    },
    {
      "type": "Feature",
      "properties": {
        "mag": 4.2,
        "depth_km": 191.7,
        "date": "1993-02-22"
      },
      "geometry": {
        "type": "Point",
        "coordinates": [
          -73.46,
          6.657
        ]
      }
    },
    {
      "type": "Feature",
      "properties": {
        "mag": 3.7,
        "depth_km": 172.3,
        "date": "1993-02-20"
      },
      "geometry": {
        "type": "Point",
        "coordinates": [
          -73.138,
          6.931
        ]
      }
    },
    {
      "type": "Feature",
      "properties": {
        "mag": 4.5,
        "depth_km": 181.5,
        "date": "1993-02-17"
      },
      "geometry": {
        "type": "Point",
        "coordinates": [
          -72.903,
          6.774
        ]
      }
    },
    {
      "type": "Feature",
      "properties": {
        "mag": 4.4,
        "depth_km": 150.4,
        "date": "1993-02-15"
      },
      "geometry": {
        "type": "Point",
        "coordinates": [
          -73.073,
          6.897
        ]
      }
    },
    {
      "type": "Feature",
      "properties": {
        "mag": 4.1,
        "depth_km": 175.6,
        "date": "1993-02-12"
      },
      "geometry": {
        "type": "Point",
        "coordinates": [
          -72.95,
          6.811
        ]
      }
    },
    {
      "type": "Feature",
      "properties": {
        "mag": 4.5,
        "depth_km": 97.4,
        "date": "1993-02-10"
      },
      "geometry": {
        "type": "Point",
        "coordinates": [
          -73.477,
          8.136
        ]
      }
    },
    {
      "type": "Feature",
      "properties": {
        "mag": 4.1,
        "depth_km": 10,
        "date": "1993-02-03"
      },
      "geometry": {
        "type": "Point",
        "coordinates": [
          -77.69,
          5.909
        ]
      }
    },
    {
      "type": "Feature",
      "properties": {
        "mag": 4.2,
        "depth_km": 33,
        "date": "1993-02-01"
      },
      "geometry": {
        "type": "Point",
        "coordinates": [
          -76.407,
          7.625
        ]
      }
    },
    {
      "type": "Feature",
      "properties": {
        "mag": 4.2,
        "depth_km": 10,
        "date": "1993-02-01"
      },
      "geometry": {
        "type": "Point",
        "coordinates": [
          -76.371,
          8.852
        ]
      }
    },
    {
      "type": "Feature",
      "properties": {
        "mag": 3.9,
        "depth_km": 85.9,
        "date": "1993-01-25"
      },
      "geometry": {
        "type": "Point",
        "coordinates": [
          -74.996,
          4.502
        ]
      }
    },
    {
      "type": "Feature",
      "properties": {
        "mag": 4.1,
        "depth_km": 166.6,
        "date": "1993-01-23"
      },
      "geometry": {
        "type": "Point",
        "coordinates": [
          -76.697,
          7.45
        ]
      }
    },
    {
      "type": "Feature",
      "properties": {
        "mag": 4.7,
        "depth_km": 48.5,
        "date": "1993-01-23"
      },
      "geometry": {
        "type": "Point",
        "coordinates": [
          -77.615,
          5.141
        ]
      }
    },
    {
      "type": "Feature",
      "properties": {
        "mag": 4.2,
        "depth_km": 33,
        "date": "1993-01-23"
      },
      "geometry": {
        "type": "Point",
        "coordinates": [
          -77.609,
          5.798
        ]
      }
    },
    {
      "type": "Feature",
      "properties": {
        "mag": 4.4,
        "depth_km": 33,
        "date": "1993-01-15"
      },
      "geometry": {
        "type": "Point",
        "coordinates": [
          -76.514,
          7.177
        ]
      }
    },
    {
      "type": "Feature",
      "properties": {
        "mag": 4.4,
        "depth_km": 33,
        "date": "1993-01-12"
      },
      "geometry": {
        "type": "Point",
        "coordinates": [
          -76.772,
          7.223
        ]
      }
    },
    {
      "type": "Feature",
      "properties": {
        "mag": 3.8,
        "depth_km": 65,
        "date": "1993-01-06"
      },
      "geometry": {
        "type": "Point",
        "coordinates": [
          -76.306,
          7.931
        ]
      }
    },
    {
      "type": "Feature",
      "properties": {
        "mag": 4.4,
        "depth_km": 68.1,
        "date": "1993-01-05"
      },
      "geometry": {
        "type": "Point",
        "coordinates": [
          -76.709,
          7.216
        ]
      }
    },
    {
      "type": "Feature",
      "properties": {
        "mag": 4.4,
        "depth_km": 24,
        "date": "1993-01-02"
      },
      "geometry": {
        "type": "Point",
        "coordinates": [
          -75.829,
          6.918
        ]
      }
    }
  ]
}